time,open,high,low,close,SS Line,SS Shifted,Ride Line,BUY,SELL
1756827000,501.03,501.67,500.31,500.96,507.2557872485178,507.0803774740935,505.85997186462856,0,0
1756830600,500.965,502.242,500.2818,501.86,507.1485628362119,507.22987271912814,508.51468426410906,0,1
1756834200,501.9,503.07,501.39,501.395,506.9437302648945,507.2557872485178,508.272271590799,0,0
1756837800,501.41,503.95,501.3904,503.85,506.6779054254253,507.1485628362119,508.0029652280509,0,0
1756841400,503.86,506,503.5,505.08,506.3933442682698,506.9437302648945,507.71304265642215,0,0
1756906200,503.79,507.79,503.05,504.7,506.11955907979427,506.6779054254253,507.51427901165005,0,0
1756909800,504.74,507.05,504.69,505.215,505.87564926686645,506.3933442682698,507.2550320607325,0,0
1756913400,505.17,505.9299,504.12,504.45,505.66733955208724,506.11955907979427,507.0128342892486,0,0
1756917000,504.495,504.75,503.5,504.08,505.48737297948696,505.87564926686645,506.7814038068511,0,0
1756920600,504.04,504.4,502.83,503.26,505.3195015962004,505.66733955208724,506.57717307875276,0,0
1756924200,503.21,503.55,502.32,503.2,505.147973077819,505.48737297948696,506.3597394544748,0,0
1756927800,503.2,505.62,503.2,505.391,504.97879845518014,505.3195015962004,506.19043866207477,0,0
1756992600,504.3,506.91,503.15,505.4802,504.8238346506193,505.147973077819,506.08321484273574,0,0
1756996200,505.46,508.05,505.46,507.675,504.698984341859,504.97879845518014,505.96090880596716,0,0
1756999800,507.73,507.74,505.8344,506,504.6195148767032,504.8238346506193,505.8593590219465,0,0
1757003400,506.04,507.09,505.97,506.75,504.58719618788854,504.698984341859,505.778480037043,0,0
1757007000,506.745,507.673,506.59,507.07,504.5946735024195,504.6195148767032,505.7395442194915,0,0
1757010600,507.11,508.15,506.56,506.615,504.6347108587097,504.58719618788854,505.7395442194915,0,0
1757014200,506.61,507.98,506.31,507.98,504.7269323474966,504.5946735024195,505.7395442194915,0,0
1757079000,508.81,511.97,498.17,499.21,504.83281320472184,504.6347108587097,503.3189626342382,1,0
1757082600,499.15,499.6,494.5,497.115,504.9032865860692,504.7269323474966,503.3189626342382,0,0
1757086200,497.1148,497.74,495.78,496.845,504.8656274163892,504.83281320472184,503.32118483265583,0,0
1757089800,496.87,497.0104,494,494.545,504.66203498060634,504.9032865860692,506.20367452264446,0,1
1757093400,494.56,495.315,492.84,494.6379,504.2658942653995,504.8656274163892,505.7858095544349,0,0
1757097000,494.67,495.1205,492.37,494.49,503.6542046545201,504.66203498060634,505.1637867086244,0,0
1757100600,494.51,495.29,493.05,495.0153,502.8853633110461,504.2658942653995,504.3671180755715,0,0
1757338200,498.105,500.65,495.03,500.6,502.0981516720973,503.6542046545201,503.6753060962995,0,0
1757341800,500.6,500.86,499.39,500.65,501.36261728571,502.8853633110461,502.87961782246913,0,0
1757345400,500.635,501.195,498.5,498.8,500.721133529169,502.0981516720973,502.2260268847311,0,0
1757349000,498.8,498.9187,497.78,498.31,500.17927355613256,501.36261728571,501.61734238629737,0,0
1757352600,498.305,498.5,497.51,498.44,499.7156603018226,500.721133529169,501.0863670726899,0,0
1757356200,498.48,498.5759,497.29,497.35,499.3130020240512,500.17927355613256,500.631726168428,0,0
1757359800,497.34,498.64,497,498.25,498.95985692709786,499.7156603018226,500.24295791830485,0,0
1757424600,501.73,502.25,499.4,500.905,498.6610661806518,499.3130020240512,499.9953742439155,0,0
1757428200,500.895,501.1,498.8,499.515,498.4358874905064,498.95985692709786,499.75703069210834,0,0
1757431800,499.475,500.1,498.36,498.63,498.2851591102347,498.6610661806518,499.57407779743653,0,0
1757435400,498.66,499.61,498.25,499.14,498.19203759003625,498.4358874905064,499.43746208529507,0,0
1757439000,499.13,499.415,498.5,498.64,498.13768789463904,498.2851591102347,499.32683206880796,0,0
1757442600,498.61,499.2327,498.06,498.16,498.1105264683698,498.19203759003625,499.2566139158124,0,0
1757446200,498.15,498.86,497.7,498.45,498.0977765348182,498.13768789463904,499.2034291645863,0,0
1757511000,502.97,503.2299,496.72,501.49,498.0995560170132,498.1105264683698,499.2034291645863,0,0
1757514600,501.47,502.94,498.5,500.705,498.1298194966557,498.0977765348182,499.2034291645863,0,0
1757518200,500.705,501.5466,499.1001,499.245,498.20002584477254,498.0995560170132,499.2034291645863,0,0
1757521800,499.24,501.4,498.84,499.715,498.30522795788585,498.1298194966557,499.2034291645863,0,0
1757525400,499.715,501.33,499.57,501.1,498.4368497172653,498.20002584477254,499.2034291645863,0,0
1757529000,501.1,501.8825,499.07,499.3875,498.58456357630007,498.30522795788585,499.2034291645863,0,0
1757532600,499.41,500.58,499.3,500.21,498.734134024447,498.4368497172653,499.2034291645863,0,0
1757597400,502.16,502.8,497.88,502.24,498.88248456321065,498.58456357630007,499.2034291645863,0,0
1757601000,502.22,503.17,500.22,502.79,499.03820770304714,498.734134024447,499.2034291645863,0,0
1757604600,502.68,503.13,500.86,502.28,499.2175532964886,498.88248456321065,499.2034291645863,0,0
1757608200,502.35,502.7199,500.1,500.15,499.4137754704976,499.03820770304714,498.0855415087594,1,0
1757611800,500.145,500.8192,499.67,499.98,499.6103962583259,499.2175532964886,498.3359932938547,0,0
1757615400,500,501.2,499.95,500.8,499.7917578367935,499.4137754704976,498.563740798356,0,0
1757619000,500.8,502.26,500.13,501.2,499.95477813242843,499.6103962583259,498.738405168165,0,0
1757683800,506.51,508.39,503.85,507.14,500.1296815052205,499.7917578367935,498.743406609833,0,0
1757687400,507.2,511.29,507.14,510.6709,500.43144154880326,499.95477813242843,498.9959720030863,0,0
1757691000,510.68,512.23,510.1301,511.8938,500.96614975441713,500.1296815052205,499.5582173191085,0,0
1757694600,511.9,512.55,511.26,512.025,501.77340134777415,500.43144154880326,500.41996408641614,0,0
1757698200,512.04,512.2499,510.67,511.305,502.79012404073427,500.96614975441713,501.47693586947327,0,0
1757701800,511.27,512.5,510.34,510.68,503.8997516667503,501.77340134777415,502.60321979343655,0,0
1757705400,510.63,511.0699,509.85,509.85,504.98089507660757,502.79012404073427,503.73340476567336,0,0
1757943000,508.79,512.38,507,510.65,505.98285300697745,503.8997516667503,504.6323262896814,0,0
1757946600,510.71,514.25,510.2,512.43,506.9000817210127,504.98089507660757,505.5013783406664,0,0
1757950200,512.4759,514,512.19,512.51,507.7560005050994,505.98285300697745,506.39256165192063,0,0
1757953800,512.425,513.15,511.7625,511.98,508.56105460426465,506.9000817210127,507.2454506691701,0,0
1757957400,511.9378,513.34,511.4,513.165,509.31310026192324,507.7560005050994,508.0221823221926,0,0
1757961000,513.22,513.85,512.5401,513.71,510.00478487675315,508.56105460426465,508.7592932184318,0,0
1757964600,513.76,515.45,513.62,515.45,510.6462587525201,509.31310026192324,509.42437364122173,0,0
1758029400,516.88,517.23,510.59,513.47,511.24394864066846,510.00478487675315,509.8721981801771,0,0
1758033000,513.31,513.95,511.89,512.57,511.7859560397718,510.6462587525201,510.43861632645843,0,0
1758036600,512.555,513.68,512.12,513.29,512.2508552794425,511.24394864066846,510.9440398313657,0,0
1758040200,513.265,514.2234,512.62,513.5425,512.6271842088079,511.7859560397718,511.3564484355938,0,0
1758043800,513.56,513.9182,511.36,511.435,512.9269225339708,512.2508552794425,511.6555893159863,0,0
1758047400,511.45,511.88,510,510.39,513.1483362526858,512.6271842088079,511.90066969312875,0,0
1758051000,510.39,510.53,508.6,509.149,513.2970595174436,512.9269225339708,512.0695834264263,0,0
1758115800,510.62,510.83,505.93,508.2085,513.3651269703826,513.1483362526858,512.0695834264263,0,0
1758119400,508.1718,508.63,506.96,507.1,513.3263508938849,513.2970595174436,512.0695834264263,0,0
1758123000,507.03,508.68,506.83,508.655,513.1869375655526,513.3651269703826,514.4420705728285,0,1
1758126600,508.6,508.91,507.93,508.49,512.9751873674747,513.3263508938849,514.175668017088,0,0
1758130200,508.48,510.42,506.69,508.87,512.7171212850186,513.1869375655526,513.9650676025167,0,0
1758133800,508.92,511.21,506.52,510.82,512.4392946455073,512.9751873674747,513.7656019403269,0,0
1758137400,510.84,511.29,509.0301,509.91,512.1605647832992,512.7171212850186,513.4728465570603,0,0
1758202200,511.49,512,507.66,511.635,511.8916929145167,512.4392946455073,513.2652402758663,0,0
1758205800,511.73,513.07,510,510.52,511.6447538838976,512.1605647832992,513.0298335765793,0,0
1758209400,510.543,510.7799,507.875,508.894,511.422941171011,511.8916929145167,512.8128330285012,0,0
1758213000,508.8901,510.09,508.74,509.2,511.21599006088053,511.6447538838976,512.5548182142643,0,0
1758216600,509.195,509.24,507.895,508.1899,511.00858964753473,511.422941171011,512.2998229328197,0,0
1758220200,508.17,509.66,507.875,508.8014,510.78794958136945,511.21599006088053,512.0507019177054,0,0
1758223800,508.79,508.91,508.08,508.27,510.5584658010207,511.00858964753473,511.76066439904696,0,0
1758288600,510.61,514.88,510.31,513.11,510.3468491052443,510.78794958136945,511.69924780341154,0,0
1758292200,513.09,513.955,511.875,512.22,510.17872421715214,510.5584658010207,511.5088087225932,0,0
1758295800,512.225,513.36,511.32,512.86,510.07269317972487,510.3468491052443,511.3806287919201,0,0
1758299400,512.8522,512.96,511.45,511.69,510.02105366228477,510.17872421715214,511.28949387360893,0,0
1758303000,511.69,511.78,510.35,510.7,510.0092892906093,510.07269317972487,511.2381980582674,0,0
1758306600,510.68,511.9399,510.5397,511.17,510.02533158819085,510.02105366228477,511.2164683010163,0,0
1758310200,511.19,519.3,510.825,518,510.0897580832368,510.0092892906093,511.2164683010163,0,0
1758547800,515.59,517.74,512.545,514.57,510.2333317999161,510.02533158819085,511.2164683010163,0,0
1758551400,514.59,516.6,514.54,515.035,510.4699533103642,510.0897580832368,509.0008024874497,1,0
1758555000,515.12,515.5,512.58,514.5741,510.76486976737186,510.2333317999161,509.2963725746655,0,0
1758558600,514.6,515.955,514.44,515.14,511.09670886487874,510.4699533103642,509.67899718593713,0,0
1758562200,515.11,515.275,514.41,515.04,511.4429911949293,510.76486976737186,510.0956517787692,0,0
1758565800,515.05,515.565,513.19,514.435,511.7898691000686,511.09670886487874,510.45394678506284,0,0
1758569400,514.42,514.78,513.78,514.37,512.1263762136414,511.4429911949293,510.8501626354217,0,0
1758634200,513.81,514.5899,510.375,511.555,512.4360045904409,511.7898691000686,511.1004169820941,0,0
1758637800,511.6,511.75,510.84,510.91,512.7000932049607,512.1263762136414,511.4274047114958,0,0
1758641400,510.925,511.19,509.84,510.3792,512.9029464174271,512.4360045904409,511.6729499592097,0,0
1758645000,510.31,511.37,509.07,509.94,513.0353450993448,512.7000932049607,511.8110626738572,0,0
1758648600,509.9,510.2718,508.8901,509.99,513.1005753879255,512.9029464174271,511.91439527854413,0,0
1758652200,509.95,510.5899,507.31,508.75,513.1041058070098,513.0353450993448,511.91439527854413,0,0
1758655800,508.78,509.9,508.6,509.62,513.0339469307671,513.1005753879255,511.91439527854413,0,0
1758720600,510.38,512.48,507.2,510.05,512.9102571481205,513.1041058070098,511.91439527854413,0,0
1758724200,510.03,510.89,509.04,509.585,512.750113504932,513.0339469307671,514.0069929367843,0,1
1758727800,509.63,509.76,507.62,508.0784,512.5591066048039,512.9102571481205,513.8026375058097,0,0
1758731400,508.1041,508.4999,506.92,508.01,512.337126375678,512.750113504932,513.5482586408976,0,0
1758735000,508.07,508.32,507.1,508.125,512.0775654382139,512.5591066048039,513.2457596844893,0,0
1758738600,508.125,510.17,507.99,509.24,511.7519329957267,512.337126375678,512.9145419386966,0,0
1758742200,509.235,510.525,509.0201,509.98,511.4160930235804,512.0775654382139,512.5494048991953,0,0
1758807000,508.3,509.27,505.04,508.16,511.083594436972,511.7519329957267,512.3123840357574,0,0
1758810600,508.2,510.01,507.678,507.985,510.7597357299689,511.4160930235804,511.9840403574124,0,0
1758814200,508.07,509.06,507.9401,508.08,510.4372305891875,511.083594436972,511.6140813146708,0,0
1758817800,508.08,508.72,507.2,507.97,510.123599604116,510.7597357299689,511.27067527777905,0,0
1758821400,507.95,508.08,506.5,506.82,509.8180286183623,510.4372305891875,510.9395988867637,0,0
1758825000,506.8,507.75,506.42,506.52,509.5105579981894,510.123599604116,510.59951610456216,0,0
1758828600,506.51,507.3,506.175,507.03,509.20393391194483,509.8180286183623,510.25528786786236,0,0
1758893400,510.06,513.94,507.18,508.335,508.91965040929114,509.5105579981894,510.1426933683574,0,0
1758897000,508.335,508.82,506.62,508.07,508.6734067934353,509.20393391194483,509.88766096971113,0,0
1758900600,508.13,508.74,506.67,508.27,508.46710825359634,508.91965040929114,509.6685585601382,0,0
1758904200,508.27,509.797,508.1401,509.46,508.2927764094195,508.6734067934353,509.46758383692264,0,0
1758907800,509.52,510.3892,508.25,509.84,508.15324055459314,508.46710825359634,509.3205331658461,0,0
1758911400,509.89,511.8716,509.835,511.655,508.05929146106314,508.2927764094195,509.21594174294086,0,0
1758915000,511.67,512.12,510.53,511.548,508.0205883019284,508.15324055459314,509.15140642081485,0,0
1759152600,511.5,516.845,508.88,515.735,508.05776859755747,508.05929146106314,509.15140642081485,0,0
1759156200,515.7,515.7,512.4,512.97,508.19257706959917,508.0205883019284,506.8342823650491,1,0
1759159800,512.97,515.46,512.92,515.26,508.4345067130053,508.05776859755747,507.08251877306594,0,0
1759163400,515.25,515.7299,514.395,515.015,508.7765735879233,508.19257706959917,507.4734812151225,0,0
1759167000,515,515,513.98,514.88,509.18269825314377,508.4345067130053,507.9357196212573,0,0
1759170600,514.85,515.02,513.865,514.74,509.62792798839155,508.7765735879233,508.42876925878267,0,0
1759174200,514.72,514.92,513.775,514.6,510.1153044568388,509.18269825314377,508.9609070650592,0,0
1759239000,513.14,513.8,509.66,513.0547,510.5888690896783,509.62792798839155,509.3405000830258,0,0
1759242600,513.05,517.63,512.91,514.65,511.03707565877227,510.1153044568388,509.7093044383092,0,0
1759246200,514.66,516.8,514.53,515.865,511.4698501811555,510.5888690896783,510.15584833358264,0,0
1759249800,515.95,516.01,514.575,514.96,511.9043463321473,511.03707565877227,510.6329517594011,0,0
1759253400,514.94,516.98,514.19,516.952954,512.3473982403747,511.4698501811555,511.0671747085389,0,0
1759257000,516.945,518.03,516.25,517.02,512.8007507758318,511.9043463321473,511.5484003534129,0,0
1759260600,517.01,518.16,516.42,517.94,513.2592871484457,512.3473982403747,512.0342474704852,0,0
1759325400,514.8,517.25,511.69,512.59,513.701865735391,512.8007507758318,512.3411146058563,0,0
1759329000,512.66,515.4,512.29,514.55,514.0952380949268,513.2592871484457,512.7206120460731,0,0
1759332600,514.58,516.12,513.65,516.11,514.4196094298976,513.701865735391,513.0549566702477,0,0
1759336200,516.105,518.9,515.63,518.725,514.6912366235676,514.0952380949268,513.30727334675,0,0
1759339800,518.725,519.51,517.21,518.805,514.9533440984935,514.4196094298976,513.5860924843057,0,0
1759343400,518.92,519.87,518.26,518.745,515.2365053166271,514.6912366235676,513.9094145320241,0,0
1759347000,518.73,520.505,518.34,519.6,515.5441837486611,514.9533440984935,514.2345637343869,0,0
1759411800,517.93,521.6,516.5,516.9301,515.8657904683046,515.2365053166271,514.4675718836214,0,0
1759415400,516.93,519.1,510.6791,511.535,516.1677432817626,515.5441837486611,514.5686510245567,0,0
1759419000,511.5,514.56,510.73,513.86,516.4106830256362,515.8657904683046,514.7890259296594,0,0
1759422600,513.86,516.2,513.74,515.76,516.5780376763403,516.1677432817626,514.9843560872189,0,0
1759426200,515.765,517.56,515.66,517.42,516.6820044129095,516.4106830256362,515.1343000801539,0,0
1759429800,517.415,517.455,516.58,517.041,516.7545959485888,516.5780376763403,515.2861919253157,0,0
1759433400,517.05,517.0739,515.06,515.61,516.8123084259083,516.6820044129095,515.3768654042976,0,0
1759498200,517.1,519.13,515,518.315,516.8589205526316,516.7545959485888,515.3785091754218,0,0
1759501800,518.26,520.05,518.18,519.63,516.9045677767218,516.8123084259083,515.463114355027,0,0
1759505400,519.595,520.43,519.275,520.145,516.9710814828702,516.8589205526316,515.5913390198679,0,0
1759509000,520.145,520.49,518.03,518.055,517.0663641592157,516.9045677767218,515.6973175864277,0,0
1759512600,518.03,518.95,516.675,518.37,517.1781576635292,516.9710814828702,515.8256501316547,0,0
1759516200,518.375,518.4126,516.88,517.72,517.2906654681076,517.0663641592157,515.9800299027955,0,0
1759519800,517.69,517.82,516.765,517.35,517.3924945098622,517.1781576635292,516.1377971992154,0,0
1759757400,518.61,524.25,518.2,522.53,517.4903592736746,517.2906654681076,516.1377971992154,0,0
1759761000,522.52,524.57,522.45,523.7421,517.6261753565011,517.3924945098622,516.2397781855861,0,0
1759764600,523.75,525.39,523.31,523.42,517.833317947647,517.4903592736746,516.4716634317973,0,0
1759768200,523.425,525.35,523.34,524.8675,518.1229063246002,517.6261753565011,516.7867271313113,0,0
1759771800,524.89,530.07,524.76,529.945,518.5144432554434,517.833317947647,517.0840625759608,0,0
1759775400,529.93,530.69,528.57,528.76,519.0207139107748,518.1229063246002,517.6167889941124,0,0
1759779000,528.77,531.03,528.13,528.52,519.6641037907359,518.5144432554434,518.2568877966922,0,0
1759843800,528.285,529.8,524.06,526.325,520.4485648879518,519.0207139107748,518.9368643220541,0,0
1759847400,526.269,527.5,524.05,524.7872,521.2710955126819,519.6641037907359,519.7441592729198,0,0
1759851000,524.7,524.8343,522.3,523.295,522.0341182410978,520.4485648879518,520.5257381613186,0,0
1759854600,523.33,524.45,521.85,522.4097,522.6964377920526,521.2710955126819,521.2029420036863,0,0
1759858200,522.41,522.75,521.44,522.35,523.2422754155934,522.0341182410978,521.808672183539,0,0
1759861800,522.32,524.26,522.26,523.78,523.665437740124,522.6964377920526,522.262806167502,0,0
1759865400,523.765,524.54,523.5001,523.97,523.9912240691343,523.2422754155934,522.6516411802711,0,0
1759930200,523.28,526.95,523.09,525.14,524.2505456041476,523.665437740124,522.8687900644888,0,0
1759933800,525.17,526.13,524.27,525.0301,524.4680135236614,523.9912240691343,523.1185262368355,0,0
1759937400,525.03,525.16,523.84,524.1401,524.653731018284,524.2505456041476,523.3534928233742,0,0
1759941000,524.19,524.85,523.65,524.29,524.8051932929593,524.4680135236614,523.5549721119716,0,0
1759944600,524.3166,525.27,523.56,524.57,524.9186224790137,524.653731018284,523.6966313823823,0,0
1759948200,524.585,524.585,523.2701,524.1305,524.9958125741059,524.8051932929593,523.8141458415196,0,0
1759951800,524.11,525.31,523.885,524.83,525.0462469149014,524.9186224790137,523.8980920917855,0,0
1760016600,522.05,524.325,519.85,522.36,525.0719502934546,524.9958125741059,523.8980920917855,0,0
1760020200,522.3,522.67,519.4,519.765,525.05339668803,525.0462469149014,523.8980920917855,0,0
1760023800,519.76,520.25,518.125,519.515,524.9623748046278,525.0719502934546,523.8980920917855,0,0
1760027400,519.51,519.75,517.66,518.93,524.7305455183389,525.05339668803,523.8980920917855,0,0
1760031000,518.895,520.365,518.43,519.565,524.3660211783142,524.9623748046278,523.8980920917855,0,0
1760034600,519.565,521.535,517.4,521.52,523.9307942939449,524.7305455183389,523.8980920917855,0,0
1760038200,521.535,522.48,520.35,522.24,523.4949691258959,524.3660211783142,523.8980920917855,0,0
1760103000,519.74,523.58,519.6,521.34,523.0908349232541,523.9307942939449,523.8980920917855,0,0
1760106600,521.26,521.5599,515.75,516.555,522.7193677410936,523.4949691258959,523.8980920917855,0,0
1760110200,516.47,518.06,514.0501,515.69,522.3406931730899,523.0908349232541,523.8980920917855,0,0
1760113800,515.68,516.5,513.26,514.515,521.9096404633469,522.7193677410936,523.8980920917855,0,0
1760117400,514.518,515.88,513.55,515.07,521.388636681019,522.3406931730899,522.8493286273412,0,1
1760121000,515.09,515.65,512.38,513.06,520.7641613502351,521.9096404633469,522.23730387182,0,0
1760124600,513.12,513.55,509.63,511.38,520.005449947748,521.388636681019,521.5133680035054,0,0
1760362200,516.56,516.56,512.7,515.07,519.218484401314,520.7641613502351,520.8036940245172,0,0
1760365800,515,515.5,511.68,512.84,518.4395436133873,520.005449947748,520.0479525492188,0,0
1760369400,513,514.36,512.3,513.7901,517.6985347260618,519.218484401314,519.2656287379054,0,0
1760373000,513.87,514.63,512.9521,513.21,517.0068944811353,518.4395436133873,518.5219782064187,0,0
1760376600,513.22,514.6,512.18,514.15,516.3729235195034,517.6985347260618,517.8662155501237,0,0
1760380200,514.1483,514.77,513.0523,514,515.804059297999,517.0068944811353,517.2520340407178,0,0
1760383800,513.95,515,513.43,513.97,515.306397871382,516.3729235195034,516.7070172753353,0,0
1760448600,510.23,510.7,506,510.69,514.8605498115976,515.804059297999,516.4457678295541,0,0
1760452200,510.7,511.375,509.2,510.6784,514.4253353896595,515.306397871382,515.9750021206191,0,0
1760455800,510.61,512.83,510.25,512.6025,513.9927052323857,514.8605498115976,515.5238243397054,0,0
1760459400,512.6,514.3583,512.38,514.03,513.5888004600348,514.4253353896595,515.0812074882602,0,0
1760463000,514,515.02,513.87,514.56,513.2448249858787,513.9927052323857,514.6717029406594,0,0
1760466600,514.56,515.282,513.46,513.52,512.9845624457755,513.5888004600348,514.3745919752148,0,0
1760470200,513.46,514.01,510.88,513.71,512.8030091192112,513.2448249858787,514.2055365394048,0,0
1760535000,514.955,517.19,513.67,515.9,512.671597807466,512.9845624457755,514.0996589833601,0,0
1760538600,515.91,517.13,514.91,515.95,512.5897594531705,512.8030091192112,513.9951019736435,0,0
1760542200,515.915,516.37,513.75,514.1714,512.5612769298237,512.671597807466,513.959809270263,0,0
1760545800,514.18,514.49,510,511.0503,512.576114463136,512.5897594531705,513.959809270263,0,0
1760549400,511.01,513.51,510.91,513.13,512.6005557441326,512.5612769298237,513.959809270263,0,0
1760553000,513.04,514.39,512.985,514.23,512.62215822689,512.576114463136,513.959809270263,0,0
1760556600,514.2,514.24,511.11,513.74,512.6458761291997,512.6005557441326,513.959809270263,0,0
1760621400,512.52,515.59,511.65,514.88,512.6764388819565,512.62215822689,513.959809270263,0,0
1760625000,514.98,516.85,514.2,514.34,512.7206568353911,512.6458761291997,513.959809270263,0,0
1760628600,514.29,515,512.1994,512.245,512.7809821579892,512.6764388819565,511.345546630726,1,0
1760632200,512.3,513.22,509.89,511.645,512.8455339915341,512.7206568353911,511.3937010019326,0,0
1760635800,511.68,512.13,508.13,508.8,512.8864264855301,512.7809821579892,511.39543870947153,0,0
1760639400,508.78,510.8,508.2,509.49,512.8791170469076,512.8455339915341,511.4017712548532,0,0
1760643000,509.5,512.1,509.04,511.55,512.8259230217232,512.8864264855301,514.3070298286308,0,1
1760707800,509.01,512.655,507.31,511.25,512.7421131424035,512.8791170469076,514.3070298286308,0,0
1760711400,511.41,511.537,509.025,509.755,512.6342323819221,512.8259230217232,514.1782811082863,0,0
1760715000,509.84,513.8,508.68,513.53,512.5128348594942,512.7421131424035,514.1294515339753,0,0
1760718600,513.49,514.3655,511.45,511.78,512.3931069226408,512.6342323819221,513.998375977516,0,0
1760722200,511.75,515.298,511.25,514.98,512.2924222142451,512.5128348594942,513.9276006223436,0,0
1760725800,514.9675,515.48,514.08,515.21,512.2281046553035,512.3931069226408,513.7964846056807,0,0
1760729400,515.15,515.15,513.27,513.51,512.2065377919068,512.2924222142451,513.7321763172571,0,0
1760967000,514.61,516.91,513.43,516.48,512.2250072897647,512.2281046553035,513.7321763172571,0,0
1760970600,516.47,518.7,515.98,517.242396,512.2930013298254,512.2065377919068,513.7321763172571,0,0
1760974200,517.26,517.8036,516.3,516.63,512.4306834486329,512.2250072897647,513.7321763172571,0,0
1760977800,516.655,517.79,516.04,517.59,512.630886506003,512.2930013298254,513.7321763172571,0,0
1760981400,517.57,518.0899,517.43,517.64,512.8797439683642,512.4306834486329,513.7321763172571,0,0
1760985000,517.58,517.66,515.7,516.345,513.1648989052319,512.630886506003,513.7321763172571,0,0
1760988600,516.36,517.11,516.0077,516.83,513.4656228247106,512.8797439683642,513.7321763172571,0,0
1761053400,517.79,518.69,514.75,514.855,513.7650561917567,513.1648989052319,513.7321763172571,0,0
1761057000,514.855,517.56,514.1,516.05,514.0551834644484,513.4656228247106,513.7321763172571,0,0
1761060600,516.076,516.21,515.55,515.73,514.3296016597885,513.7650561917567,513.7321763172571,0,0
1761064200,515.73,515.8899,513.04,514.21,514.5777347397602,514.0551834644484,513.7321763172571,0,0
1761067800,514.235,516.44,513.64,516.015,514.7878962933069,514.3296016597885,513.7321763172571,0,0
1761071400,516.04,517.63,515.88,517.195,514.9666373035504,514.5777347397602,513.7321763172571,0,0
1761075000,517.16,518.35,516.98,517.77,515.1416482373455,514.7878962933069,513.7321763172571,0,0
1761139800,521.15,524.21,519.07,523.465,515.3785051591221,514.9666373035504,513.7321763172571,0,0
1761143400,523.51,525.23,521.2,522.75,515.7362526839074,515.1416482373455,514.3238569981999,1,0
1761147000,522.692,524.17,522.08,523.005,516.2319328340473,515.3785051591221,514.8457796973188,0,0
1761150600,523.06,523.47,520.1,520.5546,516.7926419027331,515.7362526839074,515.3851425614853,0,0
1761154200,520.45,520.46,517.71,519.33,517.3472563275983,516.2319328340473,515.9386997964397,0,0
1761157800,519.33,520.18,518.955,520.01,517.8582504109321,516.7926419027331,516.5065550605705,0,0
1761161400,520.03,520.9754,519.6,520.48,518.3092051610927,517.3472563275983,517.0049380500426,0,0
1761226200,522.4,523.2,518.61,521.4051,518.7090356267584,517.8582504109321,517.3340018807833,0,0
1761229800,521.35,523.235,521.2,523.1582,519.0771373469049,518.3092051610927,517.7276417256423,0,0
1761233400,523.17,523.95,521.45,522.49,519.4337292273082,518.7090356267584,518.0913404361357,0,0
1761237000,522.51,523.11,521.63,522.06,519.7832601798186,519.0771373469049,518.4838991594443,0,0
1761240600,522.09,523.315,522.01,523.19,520.1264674820289,519.4337292273082,518.8733108202528,0,0
1761244200,523.16,523.62,522.35,522.52,520.4588103935646,519.7832601798186,519.2498077790581,0,0
1761247800,522.49,522.93,520.1,520.59,520.7700266702609,520.1264674820289,519.5463099567907,0,0
1761312600,522.83,525.05,520.71,523.11,521.0507800045934,520.4588103935646,519.7551859135139,0,0
1761316200,523.105,523.78,522,523.205,521.3045214556373,520.7700266702609,520.0378983710634,0,0
1761319800,523.2,523.94,522.14,523.94,521.5451921511244,521.0507800045934,520.3047564297344,0,0
1761323400,523.88,525.02,523.35,523.785,521.7820342859861,521.3045214556373,520.5705582589811,0,0
1761327000,523.77,525.1,523.67,524.82,522.0223041182413,521.5451921511244,520.8462906645938,0,0
1761330600,524.84,525.345,524.6711,524.855,522.2712281601295,521.7820342859861,521.1551478103139,0,0
1761334200,524.82,525.26,522.95,523.5,522.5158748090429,522.0223041182413,521.3970144842142,0,0
1761571800,531.78,533.7999,529.01,533.27,522.7921726027764,522.2712281601295,521.3970144842142,0,0
1761575400,533.26,534.58,532.24,532.6651,523.178592694652,522.5158748090429,521.7887113431416,0,0
1761579000,532.6475,533.38,531.6,531.72,523.7362362150132,522.7921726027764,522.3820606743249,0,0
1761582600,531.745,531.83,530.445,530.795,524.4691431393106,523.178592694652,523.1622301372429,0,0
1761586200,530.82,532.571,530.7012,532.54,525.2884143841329,523.7362362150132,524.0080737393557,0,0
1761589800,532.5,533.63,532.2,532.83,526.1382631568677,524.4691431393106,524.8983039867175,0,0
1761593400,532.8101,533.44,531.17,531.41,526.9800210087301,525.2884143841329,525.747558922162,0,0
1761658200,550,553.72,542.46,545.61,527.9430978104926,526.1382631568677,526.0018830158223,0,0
1761661800,545.6017,545.99,542.18,543.391,529.0869154763384,526.9800210087301,527.148287452716,0,0
1761665400,543.37,544.54,540.77,542.54,530.42996036752,527.9430978104926,528.4951629170134,0,0
1761669000,542.7,543.514,541.8,542.93,531.8826601540526,529.0869154763384,530.024848235725,0,0
1761672600,542.9695,544.85,541.93,543.7709,533.3646773542071,530.42996036752,531.5352805729029,0,0
1761676200,543.744,545.5,543.17,544.61,534.8440629276695,531.8826601540526,533.0621230593156,0,0
1761679800,544.6,544.6597,541.31,542.01,536.2524774247504,533.3646773542071,534.4781868327075,0,0
1761744600,544.95,546.27,537.1701,538.195,537.5342282577423,534.8440629276695,535.5616762794167,0,0
1761748200,538.17,539.57,537.5,537.63,538.6393354152904,536.2524774247504,536.7337514354167,0,0
1761751800,537.6,539.42,536.7287,538.405,539.536118658895,537.5342282577423,537.670529963298,0,0
1761755400,538.405,539.5799,538.11,538.83,540.2236833779913,538.6393354152904,538.4388545892226,0,0
1761759000,538.68,539.92,537.9,539.8228,540.7306074730675,539.536118658895,539.0011235977823,0,0
1761762600,539.84,540.55,536.91,538.85,541.0857447980937,540.2236833779913,539.349795485329,0,0
1761766200,538.81,543.15,538.18,542.56,541.3348428722713,540.7306074730675,539.5453899389897,0,0
1761831000,530.24,534.97,524.11,528.39,541.4918736893944,541.0857447980937,539.5453899389897,0,0
1761834600,528.5,530.99,524.12,525.27,541.4905599279896,541.3348428722713,539.5453899389897,0,0
1761838200,525.345,527.78,522.16,526.655,541.2718618999502,541.4918736893944,543.7013018031644,0,1
1761841800,526.65,527.5,524.57,526.8726,540.8343131186127,541.4905599279896,543.1948644573116,0,0
1761845400,526.87,527.72,522.89,523.685,540.1926737440749,541.2718618999502,542.5571142728667,0,0
1761849000,523.71,524.45,522.12,523.82,539.3868924169171,540.8343131186127,541.6656586222238,0,0
1761852600,523.85,526.6486,523.27,525.78,538.2203324229451,540.1926737440749,540.4569938993013,0,0
1761917400,528.875,529.32,515.1,518,536.7824729503452,539.3868924169171,539.3672300355331,0,0
1761921000,517.92,522,517.5,519.395,535.1409138630081,538.2203324229451,537.7017597278254,0,0
1761924600,519.47,520.44,515.9,517.6899,533.3321531672426,536.7824729503452,535.8722243274301,0,0
1761928200,517.625,518.6395,515.9201,516.51,531.3510987570561,535.1409138630081,533.8068576915159,0,0
1761931800,516.525,518.42,515.94,517.1227,529.2592077027814,533.3321531672426,531.6281267133512,0,0
1761935400,517.1,518.7999,516.08,518.71,527.2166888921754,531.3510987570561,529.5135386877046,0,0
1761939000,518.67,519.62,516.87,517.82,525.3218076757466,529.2592077027814,527.5528110573094,0,0
1762180200,519.92,524.96,519.31,519.46,523.6558637875357,527.2166888921754,525.9825097847012,0,0
1762183800,519.41,520.41,518.39,518.67,522.2534674555932,525.3218076757466,524.486067310104,0,0
1762187400,518.65,520.44,517.77,518.64,521.1086826672661,523.6558637875357,523.2771682464546,0,0
1762191000,518.6401,519.8,517.2617,517.445,520.1809899728951,522.2534674555932,522.2852372964273,0,0
1762194600,517.46,517.89,516,516.215,519.4179921611989,521.1086826672661,521.4394361044788,0,0
1762198200,516.2,516.88,515.42,515.44,518.7682816121091,520.1809899728951,520.6974795594405,0,0
1762201800,515.44,517.18,514.59,517.04,518.1960981733204,519.4179921611989,520.0799962672709,0,0
1762266600,511.76,515.09,507.84,514.63,517.6719992023949,518.7682816121091,519.749904575349,0,0
1762270200,514.585,515.55,513.23,513.32,517.1708458709057,518.1960981733204,519.183186574363,0,0
1762273800,513.28,513.94,511.75,512.47,516.6733714998802,517.6719992023949,518.6201878673763,0,0
1762277400,512.4401,513.07,509.93,510.24,516.1737113647172,517.1708458709057,518.0936122773921,0,0
1762281000,510.23,513.02,510.22,512.34,515.6697797422071,516.6733714998802,517.5525448754053,0,0
1762284600,512.34,514.02,511.41,513.755,515.1696273457769,516.1737113647172,517.0111235408896,0,0
1762288200,513.77,515.01,513.21,514.79,514.7131560788309,515.6697797422071,516.4874025457212,0,0
1762353000,513.3,514.83,511.1,514.25,514.3202686938159,515.1696273457769,516.1009975559283,0,0
1762356600,514.28,514.315,508.75,510.09,513.9836453401647,514.7131560788309,515.8359292835547,0,0
1762360200,510.06,510.1,508.22,508.74,513.6676754182668,514.3202686938159,515.4547962228432,0,0
1762363800,508.7599,509.63,508.268201,508.845,513.3330817697154,513.9836453401647,515.0411867668221,0,0
1762367400,508.84,509.56,507.7794,508.43,512.9624568579732,513.6676754182668,514.6121472124295,0,0
1762371000,508.4117,508.465,507.54,507.805,512.5565212222084,513.3330817697154,514.1214122656321,0,0
1762374600,507.82,508.2,506.575,506.99,512.0838343149522,512.9624568579732,513.5949831409886,0,0
1762439400,505.7,505.7,498.5,501.265,511.5075501548426,512.5565212222084,513.2139740647334,0,0
1762443000,501.36,501.44,495.81,498.1951,510.7310185168542,512.0838343149522,512.5166264331814,0,0
1762446600,498.2,498.55,496.85,497.67,509.6875386769247,511.5075501548426,511.40631745637137,0,0
1762450200,497.6964,498.35,496.45,497.6,508.40294566145684,510.7310185168542,510.066811670943,0,0
1762453800,497.58,500,497.58,499.71,507.05472593096516,509.6875386769247,508.68617293977377,0,0
1762457400,499.695,500.68,498.585,498.83,505.72036312995334,508.40294566145684,507.3100996381328,0,0
1762461000,498.81,499.115,496.15,497.36,504.4707566094349,507.05472593096516,506.0528333670301,0,0
1762525800,496.945,499.377,493.25,496.0284,503.2884538149624,505.72036312995334,504.9763465184436,0,0
1762529400,496.06,496.82,493.87,495.19,502.15075825582915,504.4707566094349,503.8234443376332,0,0
1762533000,495.19,495.69,494.18,494.855,501.053751973758,503.2884538149624,502.66088904971883,0,0
1762536600,494.8,495.58,493.61,495.575,499.98901022689626,502.15075825582915,501.5517089402885,0,0
1762540200,495.575,496.64,494.56,495.77,498.98580536335066,501.053751973758,500.51116845435774,0,0
1762543800,495.79,497.46,495.15,496.7025,498.0937584177681,499.98901022689626,499.59266700227465,0,0
1762547400,496.73,498.3,495.58,496.92,497.362129069861,498.98580536335066,498.8511156126171,0,0
1762785000,500.035,506.49,498.8,504.5,496.7839348773862,498.0937584177681,498.5083509528026,0,0
1762788600,504.5,504.67,501.58,502.075,496.39051231987986,497.362129069861,498.1021129613379,0,0
1762792200,502.075,502.2098,499.99,501.335,496.20514146633474,496.7839348773862,497.8737634905458,0,0
1762795800,501.3715,504.74,501.3,504.472,496.1696350158477,496.39051231987986,497.8419268954722,0,0
1762799400,504.47,505.93,503.95,504.8001,496.2519365642311,496.20514146633474,497.8419268954722,0,0
1762803000,504.85,506.78,504.83,505.81,496.44540895744683,496.1696350158477,494.86710983675016,1,0
1762806600,505.81,506.85,505.02,506.15,496.767761924677,496.2519365642311,495.23684131260154,0,0
1762871400,504.75,506.2,502.6,504.7295,497.21530323642764,496.44540895744683,495.66516266807184,0,0
1762875000,504.72,504.82,502.3488,503.45,497.7355233773544,496.767761924677,496.20784999245257,0,0
1762878600,503.45,505.44,502.95,504.7,498.29613910440463,497.21530323642764,496.7886566755672,0,0
1762882200,504.705,506.79,504.34,506.63,498.87785810720214,497.7355233773544,497.3905529947103,0,0
1762885800,506.6795,509.22,506.61,509.12,499.4994145775302,498.29613910440463,498.0251312587877,0,0
1762889400,509.15,509.56,508.64,508.92,500.21067203255643,498.87785810720214,498.80883752229556,0,0
1762893000,508.91,509.6,506.7,508.82,501.0163836650077,499.4994145775302,499.6111087626226,0,0
1762957800,509.355,509.57,504.75,505.695,501.85255188592237,500.21067203255643,500.3755109051362,0,0
1762961400,505.68,505.76,499.75,501.705,502.6315480734912,501.0163836650077,501.04536716276124,0,0
1762965000,501.69,502.53,499.1201,501.91,503.29519426046625,501.85255188592237,501.70052984335985,0,0
1762968600,501.91,508.5,501.75,508.23,503.8155271840552,502.6315480734912,502.09369593959923,0,0
1762972200,508.205,510.07,507.85,509.51,504.24212173402634,503.29519426046625,502.5639927213172,0,0
1762975800,509.54,511.47,509.44,510.805,504.65940443931703,503.8155271840552,503.0286417846586,0,0
1762979400,510.805,511.67,510.22,511.409,505.1022420201957,504.24212173402634,503.53617669801287,0,0
1763044200,510.31,513.5,505.45,511.6536,505.5761907313818,504.65940443931703,503.8344872179263,0,0
1763047800,511.65,512.94,509.27,509.915,506.071426439327,505.1022420201957,504.3230588911183,0,0
1763051400,509.97,510.45,508.01,509.705,506.55841085267724,505.5761907313818,504.8477838436263,0,0
1763055000,509.74,510.0373,506.76,506.93,507.0120785075988,506.071426439327,505.3065927134801,0,0
1763058600,506.93,506.94,502.94,504.64,507.4073573906894,506.55841085267724,505.68083486757916,0,0
1763062200,504.64,504.91,501.29,502.79,507.710541117221,507.0120785075988,505.9780559171901,0,0
1763065800,502.79,504.145,501.8309,503.276,507.90717231728513,507.4073573906894,506.2157896315421,0,0
1763130600,498.23,506.225,497.44,505.4173,507.99802888743943,507.710541117221,506.2157896315421,0,0
1763134200,505.37,509.5,504.9,509.5,508.0031162703933,507.90717231728513,506.2157896315421,0,0
1763137800,509.51,511.41,508.12,509.64,507.97444527580956,507.99802888743943,506.2157896315421,0,0
1763141400,509.65,509.8999,507.41,508.0101,507.955894801033,508.0031162703933,506.2157896315421,0,0
1763145000,508.01,510.78,507.62,510.43,507.95903263794077,507.97444527580956,506.2157896315421,0,0
1763148600,510.46,511.6,509.6,510.06,507.98647777269497,507.955894801033,506.2164984026928,0,0
1763152200,510.04,510.47,508.61,510.4,508.0410772053537,507.95903263794077,506.3310963617803,0,0
1763389800,508.45,512.12,506.05,507.48,508.1198337223771,507.98647777269497,506.3310963617803,0,0
1763393400,507.4994,508.37,505.6,507.33,508.1994306250782,508.0410772053537,506.4247787752623,0,0
1763397000,507.32,510.82,507.23,510.315,508.2653204958029,508.1198337223771,506.48921520668813,0,0
1763400600,510.33,510.53,507.285,507.99,508.32195165306877,508.1994306250782,506.5568181703194,0,0
1763404200,507.99,509.2,506.11,506.89,508.3715412975979,508.2653204958029,506.6221316350449,0,0
1763407800,506.87,507.26,504.91,506.33,508.40146835918347,508.32195165306877,506.6930879582414,0,0
1763411400,506.37,507.75,505.33,507.49,508.4012350083799,508.3715412975979,506.72845320750514,0,0
1763476200,495.365,502.98,492.5,493.54,508.31186246492507,508.40146835918347,506.72845320750514,0,0
1763479800,493.54,494.01,486.78,492.24,508.00201211887804,508.4012350083799,510.1996913247344,0,1
1763483400,492.205,494.44,488.63,488.8499,507.36542186164473,508.31186246492507,509.61362398136845,0,0
1763487000,488.805,493.33,487.9,492.13,506.4458873723635,508.00201211887804,508.7274321978212,0,0
1763490600,492.16,493.48,491.605,493.08,505.37453633124323,507.36542186164473,507.56007795488256,0,0
1763494200,493.13,495.27,492.8101,495.26,504.23833823756036,506.4458873723635,506.35562331665403,0,0
1763497800,495.26,495.7399,492.95,493.79,503.1022173593012,505.37453633124323,505.1679070756025,0,0
1763562600,490.1,495.1872,488.95,494.7,501.963065233196,504.23833823756036,504.1039628269043,0,0
1763566200,494.685,494.85,487.83,489.1951,500.8071713298857,503.1022173593012,503.04586195261487,0,0
1763569800,489.11,489.61,486.125,487.3713,499.6011172261288,501.963065233196,501.80436566152014,0,0
1763573400,487.37,487.4,484.18,486.201,498.2792291971057,500.8071713298857,500.4401027442548,0,0
1763577000,486.15,487.37,484.2801,484.34,496.7965899384399,499.6011172261288,498.91346894650695,0,0
1763580600,484.32,487.853,482.83,487.53,495.2572363437161,498.2792291971057,497.4023025654926,0,0
1763584200,487.51,488.63,485.77,486.979,493.7651488537609,496.7965899384399,495.8591389168391,0,0
1763649000,492.81,493.57,489.8,492.81,492.42738417802445,495.2572363437161,494.6071963794542,0,0
1763652600,492.82,493.11,485.96,486.67,491.3060155140201,493.7651488537609,493.5854839867763,0,0
1763656200,486.6,487.2,480.31,481.77,490.3761651806927,492.42738417802445,492.73888590539485,0,0
1763659800,481.79,483.37,479.19,481.97,489.510097619491,491.3060155140201,491.85333829242876,0,0
1763663400,481.9,482.35,478.28,479.945,488.6091043165664,490.3761651806927,490.93032779858004,0,0
1763667000,479.91,480.6,478.33,478.98,487.63295743382764,489.510097619491,489.869450667126,0,0
1763670600,478.99,479.43,475.5,478.26,486.6311776081821,488.6091043165664,488.8482784676734,0,0
1763735400,478.5,478.92,469.35,473.27,485.59185125300775,487.63295743382764,487.9923734796783,0,0
1763739000,473.28,474.08,468.27,471.045,484.46574197715654,486.6311776081821,486.90229833049347,0,0
1763742600,471.064,475.78,469.93,474.25,483.26334280578345,485.59185125300775,485.73478799102486,0,0
1763746200,474.38,475.46,471,472.82,482.0005042814997,484.46574197715654,484.454703382081,0,0
1763749800,472.82,476.9,472.61,476.57,480.7635844051006,483.26334280578345,483.1956978556404,0,0
1763753400,476.63,476.82,473.385,473.39,479.6151579128118,482.0005042814997,481.9962275454559,0,0
1763757000,473.39,474.19,470.7075,472.24,478.5721499004466,480.7635844051006,480.907518130759,0,0
1763994600,475.19,476.18,468.02,472.41,477.61490766548735,479.6151579128118,480.07489245077744,0,0
1763998200,472.46,475.75,472,475.33,476.7413471810107,478.5721499004466,479.1595473387801,0,0
1764001800,475.375,476.9,474.63,475.79,475.9720768827363,477.61490766548735,478.2986198863793,0,0
1764005400,475.8451,476.38,474.89,475.32,475.329645217758,476.7413471810107,477.54322086399793,0,0
1764009000,475.28,475.4,473.87,474.12,474.8163469976897,475.9720768827363,476.92645295491246,0,0
1764012600,474.144,475.05,473.83,474.295,474.4153096932198,475.329645217758,476.41826522492664,0,0
1764016200,474.28,476.51,473.53,473.79,474.1178108363472,474.8163469976897,476.08412668721786,0,0
1764081000,474.61,474.61,464.89,468.38,473.87726694986515,474.4153096932198,476.0502745256736,0,0
1764084600,468.38,472.36,468.337,472.15,473.63446187205875,474.1178108363472,475.7959331924523,0,0
1764088200,472.2,477.06,472.19,475.99,473.39258815669734,473.87726694986515,475.5750258113485,0,0
1764091800,475.985,477.2099,475.42,476.745,473.19069933309765,473.63446187205875,475.28117358384515,0,0
1764095400,476.75,477.76,476.185,476.38,473.06092082533905,473.39258815669734,475.05832548674744,0,0
1764099000,476.384,477.3799,475,477.0885,473.00590305962766,473.19069933309765,474.9456323880783,0,0
1764102600,477.12,479.15,476.71,476.94,473.0273012264024,473.06092082533905,474.9156213171066,0,0
1764167400,486.31,487.97,481.2,483.24,473.1792765267541,473.00590305962766,471.0319078711002,1,0
1764171000,483.31,487.005,483.3,486.7855,473.51218092972533,473.0273012264024,471.383731463761,0,0
1764174600,486.775,488.31,486.33,486.8,474.075203703985,473.1792765267541,472.0280720570181,0,0
1764178200,486.81,487.82,485.63,486.8316,474.8245748244381,473.51218092972533,472.845452580826,0,0
1764181800,486.83,487.185,485.85,486.92,475.72638987107223,474.075203703985,473.84095493057526,0,0
1764185400,486.86,487.68,485.59,487.25,476.76990103986884,474.8245748244381,474.94449716655026,0,0
1764189000,487.25,487.63,485,485.49,477.8705555509171,475.72638987107223,476.08160909712126,0,0
1764340200,487.595,491.8,486.65,490.57,478.9989909728876,476.76990103986884,477.11246926579145,0,0
1764343800,490.59,492.63,490.55,491.3,480.1611453650253,477.8705555509171,478.3350894941503,0,0
1764347400,491.33,492.42,490.89,491.145,481.3732907141248,478.9989909728876,479.6230245483123,0,0
1764351000,491.13,492.23,490.666,492.01,482.64226427944106,480.1611453650253,480.9611599826152,0,0
1764599400,488.435,488.7592,484.6475,486.82,483.8482713457896,481.3732907141248,482.02429949873704,0,0
1764603000,486.79,489.02,485.7001,488.305,484.9297043824392,482.64226427944106,483.1174483816046,0,0
1764606600,488.315,489.8599,487.66,488.91,485.8444751690093,483.8482713457896,484.08309816823436,0,0
1764610200,488.89,489.39,488.49,488.67,486.6102649203152,484.9297043824392,484.9425577053099,0,0
1764613800,488.68,489.06,487.77,487.86,487.25582293202143,485.8444751690093,485.66116623237366,0,0
1764617400,487.86,487.9499,486.76,487.81,487.79058841115886,486.6102649203152,486.2673393329145,0,0
1764621000,487.81,488.13,485.67,486.83,488.2115749185173,487.25582293202143,486.7092722030046,0,0
1764685800,486.715,491.51,486.32,490.525,488.52151041871,487.79058841115886,486.94115789716255,0,0
1764689400,490.55,492.28,489.4513,489.6,488.76205602758426,488.2115749185173,487.1935608290045,0,0
1764693000,489.58,493.4999,489.04,493.21,488.9823490039855,488.52151041871,487.3666070338757,0,0
1764696600,493.215,493.45,489.66,490.09,489.20368264288453,488.76205602758426,487.56799367063974,0,0
1764700200,490.07,490.6799,489.145,489.8485,489.4203156822701,488.9823490039855,487.8466437794713,0,0
1764703800,489.81,490.48,489.58,490.245,489.61894048027875,489.20368264288453,488.1255308562514,0,0
1764707400,490.23,490.82,488.53,490.06,489.790244736512,489.4203156822701,488.3217215142009,0,0
1764772200,476.32,479.9599,475.2,478.32,489.888690599354,489.61894048027875,488.3217215142009,0,0
1764775800,478.32,484.24,478.1811,480.16,489.8553647101746,489.790244736512,488.3217215142009,0,0
1764779400,480.13,482.43,479.47,482.405,489.6420113760372,489.888690599354,488.3217215142009,0,0
1764783000,482.4,483.8299,481.45,481.7,489.2740627731635,489.8553647101746,488.3217215142009,0,0
1764786600,481.77,481.96,480.24,481.73,488.807165007665,489.6420113760372,488.3217215142009,0,0
1764790200,481.73,483.19,481.635,482.33,488.2843225903498,489.2740627731635,488.3217215142009,0,0
1764793800,482.335,482.485,477.51,477.74,487.72596743594875,488.807165007665,489.5185846612104,0,1
1764858600,479.58,481.322,476.6616,478.045,487.117743009499,488.2843225903498,488.94875900438484,0,0
1764862200,478.045,478.99,476.49,478.135,486.4403079880304,487.72596743594875,488.22982284042433,0,0
1764865800,478.125,479,477.53,478.28,485.71120331950675,487.117743009499,487.425395682444,0,0
1764869400,478.28,480.13,477.36,478.95,484.96038126301505,486.4403079880304,486.6510598857425,0,0
1764873000,478.99,479.14,476.68,477.27,484.21194118319556,485.71120331950675,485.8697141900139,0,0
1764876600,477.28,479.97,477.13,479.508,483.4872368508725,484.96038126301505,485.1280260714895,0,0
1764880200,479.5,480.98,479.28,480.82,482.8017262852164,484.21194118319556,484.3860305615036,0,0
1764945000,482.515,483.26,480.35,483.125,482.1891405145432,483.4872368508725,483.7642087710957,0,0
1764948600,483.13,483.4,478.95,479.2764,481.676654274638,482.8017262852164,483.298146227151,0,0
1764952200,479.28,480.5612,478.8801,480.33,481.25671038253137,482.1891405145432,482.8224207670077,0,0
1764955800,480.325,481.42,479.86,481.36,480.90459850271935,481.676654274638,482.414186716876,0,0
1764959400,481.39,482.07,481.1001,481.83,480.6161141600117,481.25671038253137,482.0525139303,0,0
1764963000,481.83,482.175,481.42,481.945,480.3950364439458,480.90459850271935,481.7558005163563,0,0
1764966600,481.95,483.34,481.51,483.03,480.24276123147223,480.6161141600117,481.5716850129963,0,0
1765204200,484.885,490.62,484.34,489.0772,480.18602091386464,480.3950364439458,481.5716850129963,0,0
1765207800,489.075,492.3,488.37,491.48,480.2855619159968,480.24276123147223,481.5716850129963,0,0
1765211400,491.53,491.64,490.52,490.65,480.57136533455684,480.18602091386464,481.5716850129963,0,0
1765215000,490.656,492.06,490.09,490.88,481.0584517056097,480.2855619159968,479.62488451683134,1,0
1765218600,490.83,491.0475,489.3801,490.39,481.67861485989613,480.57136533455684,480.28789532745907,0,0
1765222200,490.36,490.36,489.3117,489.895,482.4251275012365,481.0584517056097,481.09523436397353,0,0
1765225800,489.89,491.2,488.96,491.12,483.25226155330193,481.67861485989613,481.93736078298633,0,0
1765290600,489.1,491.95,488.5001,490.44,484.1289535342993,482.4251275012365,482.78476353329194,0,0
1765294200,490.45,491.13,489.84,490.72,485.0146001513468,483.25226155330193,483.72035229326855,0,0
1765297800,490.725,492.1,489.95,489.95,485.8737435476129,484.1289535342993,484.59515625082594,0,0
1765301400,489.98,490.49,489.5,490.415,486.6933790297737,485.0146001513468,485.47076225418584,0,0
1765305000,490.39,491.2,490.22,490.89,487.4487623435931,485.8737435476129,486.27847533769005,0,0
1765308600,490.89,491.5,489.98,490.95,488.1281479990346,486.6933790297737,486.9871672078389,0,0
1765312200,490.9699,492.12,490.82,492.06,488.73582797175,487.4487623435931,487.6299172370683,0,0
1765377000,483.97,484.25,478.61,480.39,489.25540879941855,488.1281479990346,487.74813454578555,0,0
1765380600,480.4,480.6,478.09,480.365,489.63365286138077,488.73582797175,488.14439819729296,0,0
1765384200,480.4,481.77,480.11,481.6,489.8314242150818,489.25540879941855,488.38925916985744,0,0
1765387800,481.6,482.4121,476.85,477.29,489.83473289027813,489.63365286138077,488.38925916985744,0,0
1765391400,477.29,479.19,476.04,476.47,489.64802123811074,489.8314242150818,491.1884780883297,0,1
1765395000,476.465,479.65,475.08,478.06,489.28196529720174,489.83473289027813,490.8756038009765,0,0
1765398600,478.1,479.44,476.65,478.5215,488.6959131001766,489.64802123811074,490.275363139396,0,0
1765463400,476.63,482.15,475.86,480.35,487.9250379383388,489.28196529720174,489.61631297475685,0,0
1765467000,480.41,481.22,478.93,478.9519,487.0598565475169,488.6959131001766,488.71211193847654,0,0
1765470600,478.95,481.55,478.92,480.6668,486.17742783997056,487.9250379383388,487.8055935601473,0,0
1765474200,480.69,484.33,479.8,482.01,485.34102591303093,487.0598565475169,487.01467979605223,0,0
1765477800,482.035,486.03,481.5301,485.45,484.5907726268334,486.17742783997056,486.30559051821035,0,0
1765481400,485.465,485.7499,484.3,484.38,483.9565447280141,485.34102591303093,485.60065777000693,0,0
1765485000,484.395,484.395,482.3236,483.69,483.44974317533575,484.5907726268334,485.0503981429005,0,0
1765549800,479.82,482.45,478.33,478.445,483.05038347046224,483.9565447280141,484.7281345117724,0,0
1765553400,478.44,480.6,476.34,477.7685,482.6914293742788,483.44974317533575,484.40148391263824,0,0
1765557000,477.69,480,476.82,477.77,482.31899000319237,483.05038347046224,484.02046921738327,0,0
1765560600,477.76,479.42,477.17,478.83,481.9214232570707,482.6914293742788,483.5817253845337,0,0
1765564200,478.85,479.42,478.21,478.9501,481.51474438578583,482.31899000319237,483.0996677898586,0,0
1765567800,478.98,479.29,477.77,478.255,481.11630841104375,481.9214232570707,482.6423087148256,0,0
1765571400,478.25,478.95,477.345,478.35,480.7438337567748,481.51474438578583,482.21815546742937,0,0
1765809000,480.19,480.7205,472.52,473,480.3873304077982,481.11630841104375,482.0492184248346,0,0
1765812600,472.995,475.55,472.795,475.29,480.01591696284913,480.7438337567748,481.65749155009723,0,0
1765816200,475.3,475.52,473.5,474.4,479.6194996722531,480.3873304077982,481.21596178898346,0,0
1765819800,474.415,475.16,473.2,473.62,479.1993293261064,480.01591696284913,480.75175843449887,0,0
1765823400,473.62,474.9323,473.25,474.1,478.7621411242706,479.6194996722531,480.26376458206363,0,0
1765827000,474.1,474.69,473.58,474.6175,478.31615125754587,479.1993293261064,479.75015875406797,0,0
1765830600,474.66,476.5,473.94,474.81,477.87442184806883,478.7621411242706,479.29742880912505,0,0
1765895400,471.905,475.19,470.88,474.05,477.44326367185727,478.31615125754587,478.9185558499809,0,0
1765899000,474.01,475.12,472.06,473.555,477.02027716472077,477.87442184806883,478.499477044407,0,0
1765902600,473.54,475.38,472.96,474.32,476.599715886409,477.44326367185727,478.0596872032605,0,0
1765906200,474.32,474.9,472.25,473.06,476.171922399004,477.02027716472077,477.622252907509,0,0
1765909800,473.03,476.01,473.03,475.23,475.7672964499599,476.599715886409,477.22046049357164,0,0
1765913400,475.21,477.32,475.0785,476.5365,475.4171690680306,476.171922399004,476.8465892513844,0,0
1765917000,476.55,477.89,476.0575,476.24,475.1359247634151,475.7672964499599,476.5286899336722,0,0
1765981800,476.905,478.53,475.3213,477.74,474.92576199191785,475.4171690680306,476.3336403642994,0,0
1765985400,477.67,478.03,475.43,477.1,474.7853368946849,475.1359247634151,476.1855096690392,0,0
1765989000,477.07,477.7599,475.22,477.255,474.7073745662797,474.92576199191785,476.09824571389447,0,0
1765992600,477.25,478.96,476.71,478.55,474.6796219956452,474.7853368946849,476.05150234700176,0,0
1765996200,478.5316,479.23,477.58,478.835,474.6985444540488,474.7073745662797,476.03136192316555,0,0
1765999800,478.825,480,478.04,478.19,474.76778463025073,474.6796219956452,473.46016840892804,1,0
1766003400,478.23,478.84,475,476.06,474.882703743898,474.6985444540488,473.5313458240983,0,0
1766068200,478.19,485.395,477.89,484.74,475.07607110669534,474.76778463025073,473.5313458240983,0,0
1766071800,484.71,488.08,484.2906,487.65,475.419447476895,474.882703743898,473.80933120931263,0,0
1766075400,487.635,489.6,484.19,484.95,475.9794239315223,475.07607110669534,474.291101683053,0,0
1766079000,484.96,487.15,484.7723,486.4801,476.74705039996354,475.419447476895,475.0944047406706,0,0
1766082600,486.57,487.4355,484.97,485.56,477.6548456187498,475.9794239315223,476.03219250654917,0,0
1766086200,485.5601,485.66,483.39,484.5985,478.58851462974786,476.74705039996354,477.00069388270447,0,0
1766089800,484.61,486.02,483.85,483.88,479.5180330313484,477.6548456187498,477.96612805195093,0,0
1766154600,487.38,487.85,482.95,485.5303,480.3995992570941,478.58851462974786,478.7835446333679,0,0
1766158200,485.51,486.8,484.11,485.1685,481.21877569778127,479.5180330313484,479.62208211860695,0,0
1766161800,485.15,486.1299,484.2,485.875,481.9785887543342,480.3995992570941,480.42701971652946,0,0
1766165400,485.875,485.875,484.65,485.25,482.6683101618378,481.21877569778127,481.1838174838762,0,0
1766169000,485.245,485.33,484.04,484.2455,483.27589862637905,481.9785887543342,481.85136971112905,0,0
1766172600,484.255,484.56,482.59,482.93,483.79213149302785,482.6683101618378,482.3989975002957,0,0
1766176200,482.91,487.15,482.49,485.89,484.2089607656672,483.27589862637905,482.7489077724159,0,0
1766413800,486.12,488.73,482.69,484.605,484.5422893332014,483.79213149302785,482.9708115537538,0,0
1766417400,484.62,486.09,484.0475,485.6495,484.81645707203893,484.2089607656672,483.2842812768376,0,0
1766421000,485.645,486.5148,484.93,485.85,485.0464601630699,484.5422893332014,483.5671254960972,0,0
1766424600,485.84,486.33,485.5825,485.75,485.2421048755784,484.81645707203893,483.84174054196086,0,0
1766428200,485.74,486.29,485.425,485.875,485.410832465997,485.0464601630699,484.07960129906644,0,0
1766431800,485.87,486,484.66,484.97,485.55167865462755,485.2421048755784,484.2676782853349,0,0
1766435400,484.97,485.38,484.37,484.85,485.66492597239414,485.410832465997,484.43656848662243,0,0
1766500200,484.98,487.83,484.74,485.895,485.7530496230188,485.55167865462755,484.5020748148022,0,0
1766503800,485.88,487.11,485.73,486.81,485.82539780487826,485.66492597239414,484.61449262582,0,0
1766507400,486.81,487.29,486.26,486.67,485.8925858688361,485.7530496230188,484.7313882025677,0,0
1766511000,486.66,486.82,486.0301,486.48,485.9594870159293,485.82539780487826,484.8530213258229,0,0
1766514600,486.48,487.279,486.25,487.09,486.028352743831,485.8925858688361,484.9641703173037,0,0
1766518200,487.085,487.47,486.99,487.27,486.1006430318346,485.9594870159293,485.0953307786306,0,0
1766521800,487.265,487.5,486.45,486.5,486.1755646095517,486.028352743831,485.20456037443375,0,0
1766586600,485.68,487.98,484.83,487.7988,486.251668378542,486.1006430318346,485.23752158878955,0,0
1766590200,487.81,488.5348,487.27,488.44,486.33077201679737,486.1755646095517,485.3438928548844,0,0
1766593800,488.45,489.1625,488.25,488.61,486.4244617560328,486.251668378542,485.4754846771137,0,0
1766597400,488.59,488.78,487.695,488.02,486.542625045123,486.33077201679737,485.6226820432695,0,0
1766759400,486.705,488.12,485.96,486.62,486.6755813119337,486.4244617560328,485.7442056673554,0,0
1766763000,486.62,487.37,486.34,487.3426,486.8006424043069,486.542625045123,485.8990078771985,0,0
1766766600,487.34,488.11,486.9,487.935,486.9096089100505,486.6755813119337,486.02916256344986,0,0
1766770200,487.89,487.925,486.21,486.8,487.0042365067173,486.8006424043069,486.1250720420167,0,0
1766773800,486.8,487.89,486.79,487.45,487.08587938530354,486.9096089100505,486.23022666808157,0,0
1766777400,487.45,487.6,486.9,487.245,487.1557407299186,487.0042365067173,486.33620606392674,0,0
1766781000,487.23,487.89,487.11,487.785,487.2159766085624,487.08587938530354,486.4271229901414,0,0
1767018600,484.855,488.35,484.18,487.36,487.266926468497,487.1557407299186,486.4271229901414,0,0
1767022200,487.385,488,485.4,485.745,487.303623843218,487.2159766085624,486.4271229901414,0,0
1767025800,485.7,485.8998,484.73,484.94,487.31900433725076,487.266926468497,486.43098801084005,0,0
1767029400,484.94,485.695,484.74,485.625,487.304698361808,487.303623843218,486.4460046301409,0,0
1767033000,485.61,486.36,485.12,486.33,487.26255404517224,487.31900433725076,486.4460046301409,0,0
1767036600,486.35,487.61,486.27,487.07,487.20454031074627,487.304698361808,486.4460046301409,0,0
1767040200,487.07,487.315,486.4,487.101,487.14504345482055,487.26255404517224,486.4460046301409,0,0
1767105000,485.9,489.14,485.5,487.38,487.09242989147526,487.20454031074627,486.4460046301409,0,0
1767108600,487.35,489.68,487.09,488.58,487.05475323602275,487.14504345482055,486.4460046301409,0,0
1767112200,488.575,488.8599,487.82,488.08,487.03883824017316,487.09242989147526,486.4460046301409,0,0
1767115800,488.08,488.57,487.94,488.21,487.04403271343654,487.05475323602275,486.4460046301409,0,0
1767119400,488.18,488.86,488.17,488.5499,487.0680219988861,487.03883824017316,486.4460046301409,0,0
1767123000,488.54,488.665,487.39,487.805,487.10713907668475,487.04403271343654,486.4460046301409,0,0
1767126600,487.805,488.67,487.36,487.55,487.1572959656376,487.0680219988861,486.4460046301409,0,0
1767191400,487.84,488.14,485.23,485.655,487.20753050185897,487.10713907668475,486.4460046301409,0,0
1767195000,485.63,485.7,484.29,485.27,487.23964261836113,487.1572959656376,486.4460046301409,0,0
1767198600,485.28,485.9,484.795,485.096,487.23854451866987,487.20753050185897,486.4460046301409,0,0
1767202200,485.0764,485.89,484.98,485.8785,487.2016447079153,487.23964261836113,486.4460046301409,0,0
1767205800,485.885,486.7,485.71,485.73,487.14109308275874,487.23854451866987,486.4460046301409,0,0
1767209400,485.76,485.82,483.3001,483.52,487.0572986805996,487.2016447079153,486.4460046301409,0,0
1767213000,483.47,484.44,483.3,483.65,486.94595147184856,487.14109308275874,487.72238432735236,0,1
1767364200,484.29,484.66,474.88,475.365,486.74963537507045,487.0572986805996,487.72238432735236,0,0
1767367800,475.32,476.8,472.4,473.153,486.36088771714714,486.94595147184856,487.5118425772499,0,0
1767371400,473.11,473.94,472.71,473.885,485.68701065301553,486.74963537507045,486.79968302311096,0,0
1767375000,473.905,474.09,471.78,471.86,484.6836660824273,486.36088771714714,485.79936185465874,0,0
1767378600,471.85,472.82,470.16,472.572,483.3031461297208,485.68701065301553,484.4341493467929,0,0
1767382200,472.58,473.34,471.75,472.525,481.77335949467636,484.6836660824273,482.88036248195755,0,0
1767385800,472.5,473,471.23,472.93,480.1943777962265,483.3031461297208,481.28552342727335,0,0
1767623400,474.24,474.3,469.5,473.0699,478.6160987222098,481.77335949467636,479.80073395103904,0,0
1767627000,473.07,474.3,471.8,474.18,477.1880800345589,480.1943777962265,478.37738417561457,0,0
1767630600,474.17,476.07,474.1269,475.4,475.97717322184866,478.6160987222098,477.1509234956861,0,0
1767634200,475.405,475.96,473.74,474.825,475.018020983357,477.1880800345589,476.18721766620604,0,0
1767637800,474.83,475.93,474.57,474.72,474.3011301103708,475.97717322184866,475.43538417301636,0,0
1767641400,474.69,474.85,473.39,473.705,473.7980254241171,475.018020983357,474.90340419657366,0,0
1767645000,473.7125,474.5,472.04,472.92,473.4446877409274,474.3011301103708,474.5589680296371,0,0
1767709800,473.8,474.25,469.75,471.695,473.1804655115969,473.7980254241171,474.3758686368273,0,0
1767713400,471.67,472.65,471.35,472.215,472.95817133475634,473.4446877409274,474.11461709389886,0,0
1767717000,472.215,473.14,471.12,472.72,472.75966409901235,473.1804655115969,473.90564944678755,0,0
1767720600,472.75,475.81,472.73,474.055,472.5976632535187,472.95817133475634,473.7721496478814,0,0
1767724200,474.04,477.6,473.93,476.72,472.4948700342848,472.75966409901235,473.7165359719073,0,0
1767727800,476.72,477.84,476.0401,477.2,472.47409548259355,472.5976632535187,473.6727817103859,0,0
1767731400,477.18,478.7367,476.86,478.51,472.5178322964833,472.4948700342848,473.6727817103859,0,0
1767796200,479.755,485.12,477.95,483.4,472.7081535649831,472.47409548259355,471.3562835522438,1,0
1767799800,483.38,489.7,483.35,487.71,473.15303199091977,472.5178322964833,471.6709384076619,0,0
1767803400,487.71,488.81,486.8,488.23,473.9772302027379,472.7081535649831,472.52921473256987,0,0
1767807000,488.19,489.165,487.66,488.3201,475.2215930256512,473.15303199091977,473.8232572319237,0,0
1767810600,488.36,488.85,485.2,485.49,476.61365317383394,473.9772302027379,475.1848413653727,0,0
1767814200,485.51,485.52,484.135,484.55,478.0027768924497,475.2215930256512,476.6265587845928,0,0
1767817800,484.53,484.56,483.02,483.5,479.29171648928894,476.61365317383394,477.9587996748504,0,0
1767882600,481.24,482.66,475.86,478.6,480.42224115064505,478.0027768924497,478.91167553723784,0,0
1767886200,478.54,478.73,477.01,477.59,481.36403809090984,479.29171648928894,479.8999414498889,0,0
1767889800,477.59,478.95,476.475,477.605,482.09807971529045,480.42224115064505,480.65016854862813,0,0
1767893400,477.59,478.82,477.06,477.585,482.63334966958945,481.36403809090984,481.22600358626016,0,0
1767897000,477.56,477.98,476.11,476.795,482.99202897281015,482.09807971529045,481.61842189543296,0,0
1767900600,476.77,478.34,476.08,478.26,483.18647185263984,482.63334966958945,481.8302652807896,0,0
1767904200,478.26,478.86,477.5,478.14,483.23440622015346,482.99202897281015,481.92650011772105,0,0
1767969000,474.06,476.7,472.2001,475.78,483.1777845416935,483.18647185263984,481.92650011772105,0,0
1767972600,475.78,476.75,473.6301,476.47,483.02011031127626,483.23440622015346,484.4562571547001,0,1
1767976200,476.48,478.1,476.12,477.55,482.7732759044291,483.1777845416935,484.1775551161798,0,0
1767979800,477.54,477.83,475.875,476.84,482.47097262932266,483.02011031127626,483.84476761166263,0,0
1767983400,476.81,479.26,476.78,478.445,482.13721610851564,482.7732759044291,483.50145430640276,0,0
1767987000,478.48,479.69,478.26,479.58,481.79422291212444,482.47097262932266,483.11208695301957,0,0
1767990600,479.56,479.82,478.89,479.25,481.459088974186,482.13721610851564,482.7160341550172,0,0
1768228200,476.67,480.99,475.6803,478.59,481.1346732239477,481.79422291212444,482.49146874900526,0,0
1768231800,478.5814,479.72,478.05,478.7856,480.8218962701022,481.459088974186,482.14142068622704,0,0
1768235400,478.78,479.85,478.12,478.46,480.52121757596956,481.1346732239477,481.8082759623712,0,0
1768239000,478.46,478.8875,477.97,478.54,480.23875452213514,480.8218962701022,481.4666480237938,0,0
1768242600,478.51,479.29,477.87,479.14,479.9770830526511,480.52121757596956,481.1679841613342,0,0
1768246200,479.15,480.66,479.05,479.24,479.74177266839473,480.23875452213514,480.9051094121719,0,0
1768249800,479.23,479.23,476.7,477.19,479.5336849040787,479.9770830526511,480.7046404518718,0,0
1768314600,474.675,475.7799,467.61,468.24,479.31630864412216,479.74177266839473,480.7046404518718,0,0
1768318200,468.24,468.97,465.95,468.74,478.9931161893093,479.5336849040787,480.4283278606207,0,0
1768321800,468.74,471.22,468.39,469.73,478.5329710466965,479.31630864412216,479.96673902719994,0,0
1768325400,469.74,470.0899,467.3,468.71,477.93975355685296,478.9931161893093,479.37074882446325,0,0
1768329000,468.69,468.98,465.99,466.82,477.23084120090834,478.5329710466965,478.6664082351179,0,0
1768332600,466.8,468.4,466.4,468.24,476.43560849631143,477.93975355685296,477.84006359950604,0,0
1768336200,468.24,471.03,467.425,470.72,475.6253671280178,477.23084120090834,477.05825400955564,0,0
1768401000,466.46,468.2,463.19,464.66,474.80006911618716,476.43560849631143,476.39953550618657,0,0
1768404600,464.68,465.18,461.19,463.905,473.92229066016665,475.6253671280178,475.5500094508804,0,0
1768408200,463.93,464.2917,460.73,461.64,472.9629596052445,474.80006911618716,474.6016163394787,0,0
1768411800,461.59,462.515,460.25,460.58,471.87526567876364,473.92229066016665,473.47776836055255,0,0
1768415400,460.5908,460.7399,458.1,458.83,470.6251590417175,472.9629596052445,472.2074793890929,0,0
1768419000,458.87,459.02,457.1701,458.305,469.25038348773666,471.87526567876364,470.78574881029954,0,0
1768422600,458.29,459.86,457.75,459.38,467.8180003073057,470.6251590417175,469.31905382111404,0,0
1768487400,464.05,464.25,457.89,458.84,466.42314569495693,469.25038348773666,468.044123957779,0,0
1768491000,458.835,460.935,457.53,460.05,465.1281960585267,467.8180003073057,466.7549973025758,0,0
1768494600,460.02,461.38,459.66,459.98,463.9706117626241,466.42314569495693,465.54264148924113,0,0
1768498200,459.9543,460.2,459.07,459.47,462.9595547976063,465.1281960585267,464.4596538294649,0,0
1768501800,459.45,459.55,456.7,456.81,462.0782589292973,463.9706117626241,463.5729937445946,0,0
1768505400,456.81,457.93,455.9,456.64,461.28283490127154,462.9595547976063,462.7433029440476,0,0
1768509000,456.66,456.95,456.03,456.91,460.5491743691646,462.0782589292973,461.9381804088852,0,0
1768573800,457.9,460.36,456.48,459.76,459.88442678022574,461.28283490127154,461.3127895313949,0,0
1768577400,459.756,460.03,457.98,459.82,459.3116993763799,460.5491743691646,460.7112505024656,0,0
1768581000,459.85,462.3,459.68,460.61,458.84900909020814,459.88442678022574,460.24216370728766,0,0
1768584600,460.61,462.92,460.12,462.53,458.50194549891785,459.3116993763799,459.89558907192026,0,0
1768588200,462.49,463.19,461.37,461.96,458.2761714511422,458.84900909020814,459.6352690546445,0,0
1768591800,461.96,462.73,461.075,461.2101,458.1817934976366,458.50194549891785,459.5029198437458,0,0
1768595400,461.19,461.5599,459.42,459.87,458.17661874308857,458.2761714511422,459.47980392161855,0,0
1768919400,451.215,454.6,449.28,453.25,458.21314630284536,458.1817934976366,459.47980392161855,0,0
1768923000,453.23,455.55,453.05,455.5,458.20118043895684,458.17661874308857,459.47980392161855,0,0
1768926600,455.5,456.8,453.96,454.47,458.1171826932191,458.21314630284536,459.47980392161855,0,0
1768930200,454.44,454.44,453.05,453.565,457.97364976637937,458.20118043895684,459.46722762154377,0,0
1768933800,453.55,453.69,452.49,453.1,457.7826801887679,458.1171826932191,459.2124310542777,0,0
1768937400,453.07,455.12,452.68,454.765,457.5502054013839,457.97364976637937,458.9649740622144,0,0
1768941000,454.77,455.335,453.61,454.66,457.28688380197775,457.7826801887679,458.6622047013204,0,0
1769005800,452.6,452.69,448.021,450.2,456.99112067591744,457.5502054013839,458.5053115110213,0,0
1769009400,450.2,451.89,448.51,448.545,456.6352611873881,457.28688380197775,458.1620098199846,0,0
1769013000,448.51,448.7999,443.5,444.335,456.16051713357245,456.99112067591744,457.76749443526916,0,0
1769016600,444.3,444.34,439.2291,440.77,455.50780000580664,456.6352611873881,457.18252535738213,0,0
1769020200,440.73,442.1,438.68,441.59,454.6388351939503,456.16051713357245,456.3160801632704,0,0
1769023800,441.6025,447.59,441.59,443.64,453.6490268131136,455.50780000580664,455.42075428462516,0,0
1769027400,443.6038,444.36,442.26,444.2,452.57475378151724,454.6388351939503,454.294929290778,0,0
1769092200,447.79,449.94,444.7,446.79,451.52101679296726,453.6490268131136,453.3233226229951,0,0
1769095800,446.79,449.19,446.1927,449.16,450.55184939353563,452.57475378151724,452.3324655214186,0,0
1769099400,449.165,450.2185,448.5,449.915,449.71543187667663,451.52101679296726,451.4302361382822,0,0
1769103000,449.91,452.84,449.89,451.89,449.0340052826486,450.55184939353563,450.7316806684252,0,0
1769106600,451.86,452.32,450.84,451.73,448.5210328107433,449.71543187667663,450.1503028118216,0,0
1769110200,451.71,451.79,449.94,450.395,448.16353971480873,449.0340052826486,449.74250471581,0,0
1769113800,450.39,451.49,449.66,451.15,447.9141328122818,448.5210328107433,449.44567174178303,0,0
1769178600,451.87,463.71,450.53,463.15,447.7819068642671,448.16353971480873,449.44567174178303,0,0
1769182200,463.13,469.28,463.13,466.6932,447.8636984282262,447.9141328122818,445.8864021063604,1,0
1769185800,466.65,470.169,465.5801,469.83,448.2776436909913,447.7819068642671,446.277693534973,0,0
1769189400,469.83,470.89,467.7,470.705,449.0720702079891,447.8636984282262,447.101045063115,0,0
1769193000,470.74,471.1,467.92,469.52,450.19744884211093,448.2776436909913,448.25363977901355,0,0
1769196600,469.535,469.86,467.04,467.7,451.52869066889974,449.0720702079891,449.62301082459504,0,0
1769200200,467.69,468.6799,465.65,465.81,453.01532967587775,450.19744884211093,451.13755910616624,0,0
1769437800,465.32,470.69,462,470.0932,454.57050503379156,451.52869066889974,452.516503790488,0,0
1769441400,470.085,472.7,469.48,472.23,456.23173230271294,453.01532967587775,454.2094454339311,0,0
1769445000,472.2,474.09,471.81,473.53,458.15831357120595,454.57050503379156,456.19904719305134,0,0
1769448600,473.51,473.98,472.49,473.89,460.3271756513647,456.23173230271294,458.45464258593546,0,0
1769452200,473.86,474.25,472.13,472.66,462.5606486945462,458.15831357120595,460.74615370521906,0,0
1769455800,472.68,473.55,471.67,471.9,464.711824551969,460.3271756513647,462.9597934904509,0,0
1769459400,471.89,472.94,469.95,470.36,466.6209502639952,462.5606486945462,464.88727856401414,0,0
1769524200,473.7,478.72,473.16,476.11,468.2667900770328,464.711824551969,466.35838064133605,0,0
1769527800,476.09,479.8,475.85,479.19,469.7348560837202,466.6209502639952,467.8216901791447,0,0
1769531400,479.17,480.89,478.36,479.8,471.1389379886702,468.2667900770328,469.2720696487072,0,0
1769535000,479.8,481.45,479.74,481.215,472.5326685291789,469.7348560837202,470.73807649921326,0,0
1769538600,481.21,482.87,480.75,482.08,473.9541462474275,471.1389379886702,472.21202507674514,0,0
1769542200,482.0898,482.23,480.52,480.6,475.3428198505073,472.5326685291789,473.6640644777308,0,0
1769545800,480.58,481.38,480.2,480.585,476.61423983612633,473.9541462474275,475.01325270426247,0,0
1769610600,483.27,483.74,479.29,481.02,477.72956572330753,475.3428198505073,476.0840062437196,0,0
1769614200,481,481.13,478.85,479.4432,478.68561786549344,476.61423983612633,477.0761697773047,0,0
1769617800,479.43,480.165,478,478.68,479.48033208333226,477.72956572330753,477.90852314429986,0,0
1769621400,478.65,479.45,478.05,478.835,480.1076024331702,478.68561786549344,478.5980655612115,0,0
1769625000,478.86,481.67,478.82,480.61,480.5616931149004,479.48033208333226,479.05819459093874,0,0
1769628600,480.655,481.47,479.5,479.79,480.8739903883092,480.1076024331702,479.407527473202,0,0
1769632200,479.78,483.33,479,481.72,481.0915770760544,480.5616931149004,479.57521865488343,0,0
1769697000,439.74,442.5,423.93,426.33,480.9368193730404,480.8739903883092,484.40879504984207,0,1
1769700600,426.37,426.72,421.02,422.65,479.5479463438082,481.0915770760544,482.97549518655256,0,0
1769704200,422.66,425.4,422.55,424.7812,476.4453872993935,480.9368193730404,479.72989693908465,0,0
1769707800,424.77,425.67,423,423.9497,471.8894459083776,479.5479463438082,475.0347048595194,0,0
1769711400,423.9496,424.83,423.01,423.8599,466.44602790293163,476.4453872993935,469.43162550042047,0,0
1769715000,423.8,427.53,423.12,427.3167,460.7798717822819,471.8894459083776,463.7097124085215,0,0
1769718600,427.345,433.49,427.2,433.47,455.24799455509987,466.44602790293163,458.19320370803666,0,0
1769783400,439.07,439.6,432.41,432.875,450.1805831729985,460.7798717822819,453.1722059578684,0,0
1769787000,432.85,434.53,429.55,431.2501,445.7468914356911,455.24799455509987,448.70268402164174,0,0
1769790600,431.22,432.65,429.36,432.07,441.97087209352253,450.1805831729985,444.83303663761956,0,0
1769794200,432.05,432.63,430.39,431.1,438.79684436625445,445.7468914356911,441.5345685857731,0,0
1769797800,431.1,431.89,429.51,431.07,436.1668586628269,441.97087209352253,438.7940311523799,0,0
1769801400,431.05,431.19,426.45,427.26,434.0116920482574,438.79684436625445,436.6204950742709,0,0
1769805000,427.27,430.5,427.19,430.36,432.25045900687417,436.1668586628269,434.7911332453153,0,0
1770042600,430.42,430.736,424.51,427.76,430.8197953331707,434.0116920482574,433.40134998315176,0,0
1770046200,427.77,428.19,425.74,425.82,429.6584892757314,432.25045900687417,432.14314716499956,0,0
1770049800,425.79,426.25,424.2,424.9,428.6944199524524,430.8197953331707,431.07481656391565,0,0
1770053400,424.9,425.7,424.38,424.89,427.86616330441564,429.6584892757314,430.1236744436315,0,0
1770057000,424.87,425.08,423.2,423.95,427.1358173777079,428.6944199524524,429.2992205784083,0,0
1770060600,423.93,424.92,422.25,424.22,426.47938507062656,427.86616330441564,428.58361661413414,0,0
1770064200,424.215,425.58,423.14,423.31,425.8971143304183,427.1358173777079,427.93818647796104,0,0
1770129000,421.99,422.05,412.11,412.31,425.35769506353313,426.47938507062656,427.65297634339424,0,0
1770132600,412.28,414.68,411.32,413.24,424.7737769125553,425.8971143304183,427.0251095295692,0,0
1770136200,413.25,413.56,411.06,411.1375,424.0641076550223,425.35769506353313,426.2439165136781,0,0
1770139800,411.12,412.81,409.37,412.32,423.2158781851674,424.7737769125553,425.36284355391916,0,0
1770143400,412.33,412.37,409.42,410.925,422.22112762826464,424.0641076550223,424.320095470677,0,0
1770147000,410.96,411.0799,408.56,409.71,420.9530468771058,423.2158781851674,422.9920848736316,0,0
1770150600,409.65,411.35,409.01,411.33,419.30293594045924,422.22112762826464,421.27989979437604,0,0
1770215400,410.97,418.09,409.24,417.975,417.7628241203167,420.9530468771058,419.9146476989537,0,0
1770219000,418.01,418.1,414.03,416.510091,416.4427415046849,419.30293594045924,418.58622054199066,0,0
1770222600,416.49,416.5399,413.11,413.3,415.39617711384125,417.7628241203167,417.50904693419665,0,0
1770226200,413.29,415.75,412.45,415.43,414.5977333894235,416.4427415046849,416.67754107975355,0,0
1770229800,415.42,418.32,414.87,417.41,413.98395286122576,415.39617711384125,416.0384171451036,0,0
1770233400,417.43,419.8,415.14,415.16,413.5546661946123,414.5977333894235,415.6288116010703,0,0
1770237000,415.14,415.88,412.63,414.2,413.29522624564004,413.98395286122576,415.337289837351,0,0
1770301800,408,408.3,397.7,401.7105,413.1084500334879,413.5546661946123,415.337289837351,0,0
1770305400,401.68,404.7,399.15,404.33,412.7807986662444,413.29522624564004,415.2869657427707,0,0
1770309000,404.38,406.1699,403.46,405.69,412.26316747924665,413.1084500334879,414.6871047645925,0,0
1770312600,405.76,406.31,400.73,401.31,411.58268106939613,412.7807986662444,414.032765691503,0,0
1770316200,401.32,402.23,397.81,397.83,410.7674639976945,412.26316747924665,413.20039971822234,0,0
1770319800,397.83,398.4,392.91,393.42,409.7621010375052,411.58268106939613,412.2173270637096,0,0
1770323400,393.42,394.5,392.32,393.66,408.5844438052313,410.7674639976945,410.9421536867068,0,0
1770388200,399.39,400.4299,393.75,395.615,407.3063050791477,409.7621010375052,409.73738925480353,0,0
1770391800,395.58,398.25,392.92,397.435,405.99702150822964,408.5844438052313,408.44481395705293,0,0
1770395400,397.4,398.38,395.51,397.95,404.7249786688226,407.3063050791477,407.10042879987276,0,0
1770399000,397.95,401.31,397.09,399.475,403.5419447309409,405.99702150822964,405.8984341383446,0,0
1770402600,399.5263,400.09,397.065,399.14,402.4795492229862,404.7249786688226,404.7757536727182,0,0
1770406200,399.16,400.09,398.965,399.66,401.55013889524815,403.5419447309409,403.72250731285646,0,0
1770409800,399.63,401.79,399.28,400.82,400.76557850951735,402.4795492229862,402.87242061158224,0,0
1770647400,404.62,410.88,400.87,409.92,400.1331516338663,401.55013889524815,402.44879072864086,0,0
1770651000,409.925,412.17,409.61,412.015,399.68366812540216,400.76557850951735,401.9253329991214,0,0
1770654600,412,412.9,411.45,412.27,399.4589390339748,400.1331516338663,401.5922707024283,0,0
1770658200,412.29,412.92,411.75,411.985,399.4722733167456,399.68366812540216,401.4950098660239,0,0
1770661800,411.99,414.56,411.88,414.495,399.68994805427235,399.4589390339748,397.71597840137105,1,0
1770665400,414.495,414.89,412.65,412.98,400.07478521816586,399.4722733167456,398.16181339761465,0,0
1770669000,412.96,414.49,412.45,413.625,400.69267078940896,399.68994805427235,398.8434826703257,0,0
1770733800,419.61,423.68,414.71,420.825,401.5493475048433,400.07478521816586,399.4731371085517,0,0
1770737400,420.77,422.67,419.44,420.275,402.6253224790696,400.69267078940896,400.58205568251316,0,0
1770741000,420.28,420.78,419.71,420.2199,403.9672705106059,401.5493475048433,402.0317370566606,0,0
1770744600,420.2,420.44,416.06,416.1,405.5048956303202,402.6253224790696,403.5511859945139,0,0
1770748200,416.07,417.6201,415.958,416.685,407.1965999553585,403.9672705106059,405.32308029353834,0,0
1770751800,416.73,417.07,413.38,414.5136,408.8404302748046,405.5048956303202,406.96894773168583,0,0
1770755400,414.48,414.969,412.7,413.34,410.30930295643856,407.1965999553585,408.4904620235426,0,0
1770820200,416.28,416.46,402.82,403.8,411.5512683752054,408.8404302748046,409.3752017946591,0,0
1770823800,403.8216,405.67,402.38,402.3969,412.53549873009206,410.30930295643856,410.39736547672766,0,0
1770827400,402.3545,404.1,401.01,403.58,413.23685323768035,411.5512683752054,411.14108664527055,0,0
1770831000,403.57,404.5,402.32,404.065,413.64784052174394,412.53549873009206,411.6239144002206,0,0
1770834600,404.065,405.62,403.74,405.27,413.81049913747586,413.23685323768035,411.86399631034703,0,0
1770838200,405.275,405.32,403.64,403.9795,413.78551653708854,413.64784052174394,411.9180496261832,0,0
1770841800,403.96,405.89,403.028,404.2,413.6126962523035,413.81049913747586,411.9180496261832,0,0
1770906600,405,405.34,400.23,402.435,413.27474962770685,413.78551653708854,415.1623767090487,0,1
1770910200,402.44,402.85,398.01,399.54,412.74666510320486,413.6126962523035,414.6723188215937,0,0
1770913800,399.56,402.94,398.47,402.43,412.0667209176283,413.27474962770685,414.0144707989894,0,0
1770917400,402.41,404.6,402.33,404.27,411.28527490845005,412.74666510320486,413.17497122685677,0,0
1770921000,404.295,406.2,403.62,405.265,410.4794156004944,412.0667209176283,412.32627646758635,0,0
1770924600,405.265,406.15,403.33,403.485,409.6962519465273,411.28527490845005,411.51190846596984,0,0
1770928200,403.515,404.15,400.69,401.88,408.9207211121486,410.4794156004944,410.73025930877384,0,0
1770993000,404.45,405.54,400.01,403.895,408.1441199732388,409.6962519465273,410.02190544153365,0,0
1770996600,403.85,404.94,398.05,399.66,407.3639113191557,408.9207211121486,409.35364068257235,0,0
1771000200,399.65,404.035,399.25,403.85,406.60095817587995,408.1441199732388,408.61945687048114,0,0
1771003800,403.89,404.9,402.86,404.58,405.8872615355523,407.3639113191557,407.8344388948248,0,0
1771007400,404.58,404.875,402.91,403.03,405.2545804888908,406.60095817587995,407.132852322501,0,0
1771011000,402.995,403.67,400.54,400.7305,404.70754295642416,405.8872615355523,406.56343823049076,0,0
1771014600,400.72,401.93,400.08,401.16,404.22052933971185,405.2545804888908,406.00993209420227,0,0
1771338600,399.22,400.06,394.525,396.9,403.75919677001815,404.70754295642416,405.65774932775923,0,0
1771342200,396.92,400.52,395.51,398.89,403.2946328776187,404.22052933971185,405.2365031098069,0,0
1771345800,398.86,399.48,396.16,397.59,402.8140099691352,403.75919677001815,404.7357466133099,0,0
1771349400,397.58,397.69,394.701,396.92,402.3122174373507,403.2946328776187,404.20343717837005,0,0
1771353000,396.92,398.14,396.34,396.51,401.79719627240564,402.8140099691352,403.6176146033522,0,0
1771356600,396.515,397.79,396.37,396.395,401.2776121579919,402.3122174373507,403.0187148938708,0,0
1771360200,396.39,398,396,396.71,400.769464611429,401.79719627240564,402.4576314376023,0,0
1771425000,398.12,400.93,396.32,399.87,400.2923011085125,401.2776121579919,402.024527447102,0,0
1771428600,399.89,402.56,399.4,401.38,399.86634510584,400.769464611429,401.5876981345303,0,0
1771432200,401.36,402.15,400.775,401.12,399.51750492534285,400.2923011085125,401.16501130912667,0,0
1771435800,401.11,401.92,400.8496,401.22,399.2599439279726,399.86634510584,400.82799985577185,0,0
1771439400,401.21,401.43,399.73,400.57,399.0849890717817,399.51750492534285,400.60175529045245,0,0
1771443000,400.61,400.8,398.8622,399.37,398.9705635526073,399.2599439279726,400.44819646994443,0,0
1771446600,399.34,400.58,399.3,399.5,398.89781046098796,399.0849890717817,400.31561245565814,0,0
1771511400,400.66,404.43,397.88,400.6,398.85258255246464,398.9705635526073,400.31561245565814,0,0
1771515000,400.62,401.605,399.8,400.09,398.839095321507,398.89781046098796,400.31561245565814,0,0
1771518600,400.08,400.24,398.35,399.07,398.8603851150262,398.85258255246464,400.31561245565814,0,0
1771522200,399.075,399.33,397.1,398.2023,398.89459660089886,398.839095321507,400.31561245565814,0,0
1771525800,398.185,398.49,397.31,397.68,398.9187727260379,398.8603851150262,400.29739886768846,0,0
1771529400,397.6767,397.82,396.67,397.26,398.91957134955004,398.89459660089886,400.24079562393985,0,0
1771533000,397.24,398.68,396.9,398.41,398.8992560911262,398.9187727260379,400.189678631631,0,0
1771597800,396.11,399.27,395.16,396.81,398.8599815065639,398.91957134955004,400.189678631631,0,0
1771601400,396.8,400.1159,396.15,397.56,398.8076312592307,398.8992560911262,400.189678631631,0,0
1771605000,397.5206,399.76,395.97,396.865,398.7444033104785,398.8599815065639,400.1710323999425,0,0
1771608600,396.88,397.84,396.21,396.985,398.67412899738423,398.8076312592307,400.0570702947436,0,0
1771612200,396.95,399.01,396.51,396.89,398.5956273282465,398.7444033104785,399.9690728186516,0,0
1771615800,396.91,397.88,396.75,396.82,398.51021865982324,398.67412899738423,399.82591804377086,0,0
1771619400,396.81,397.87,396.52,397.21,398.4176414634439,398.5956273282465,399.687576605681,0,0
1771857000,395,395.37,387.09,388.43,398.2552361657368,398.51021865982324,399.687576605681,0,0
1771860600,388.3901,389.24,385.09,386.561,397.8664337907302,398.4176414634439,399.4452554184754,0,0
1771864200,386.54,386.95,385.2,386.44,397.14461429130455,398.2552361657368,398.67316294563943,0,0
1771867800,386.43,387.98,385.92,386.785,396.1699949699501,397.8664337907302,397.6629330061182,0,0
1771871400,386.79,387.53,386,386.17,395.03624929245257,397.14461429130455,396.47719175460867,0,0
1771875000,386.181,386.47,383.21,383.2731,393.80964893422794,396.1699949699501,395.26409550623003,0,0
1771878600,383.26,384.64,383.1,384.589,392.47425946832664,395.03624929245257,393.8798169994714,0,0
1771943400,384.14,389.36,381.71,388.225,391.1897588296471,393.80964893422794,392.7681336799958,0,0
1771947000,388.2138,388.26,385.88,386.685,390.0250143297919,392.47425946832664,391.5756481194014,0,0
1771950600,386.685,387.13,385.6,386.445,389.0202710224799,391.1897588296471,390.51478811283164,0,0
1771954200,386.42,387.7099,385.99,386.4,388.17850339051716,390.0250143297919,389.6276942601295,0,0
1771957800,386.41,388.61,386.17,387.505,387.48667439326897,389.0202710224799,388.9194944864804,0,0
1771961400,387.48,388.52,387.16,388.1599,386.941860365037,388.17850339051716,388.3209075944476,0,0
1771965000,388.14,389.23,387.92,389,386.53512736984214,387.48667439326897,387.8624569400091,0,0
1772029800,390.55,399.4,390.16,398.94,386.24469593849386,386.941860365037,387.8486448250775,0,0
1772033400,398.935,400.25,396.59,397.49,386.107957878071,386.53512736984214,387.7280532727558,0,0
1772037000,397.5,398.12,396,397.33,386.14466444191896,386.24469593849386,387.7247530226977,0,0
1772040600,397.36,399.1,397.05,398.76,386.3510567862604,386.107957878071,384.810617389823,1,0
1772044200,398.76,399.95,398.39,398.695,386.70903203602427,386.14466444191896,385.2229097393324,0,0
1772047800,398.7214,400.98,397.94,400.96,387.20311075682565,386.3510567862604,385.7145686241832,0,0
1772051400,400.96,401.47,399.72,400.49,387.9093113979572,386.70903203602427,386.4645937033606,0,0
1772116200,404.71,407.49,400.3663,401.67,388.97248461735336,387.20311075682565,387.37654318665653,0,0
1772119800,401.69,404.1799,399.69,400.98,390.2485941493838,387.9093113979572,388.60629496373673,0,0
1772123400,400.96,401.72,398.74,400.9,391.59381662639777,388.97248461735336,389.96239595401124,0,0
1772127000,400.89,401.4499,399.085,400.17,392.9241990342679,390.2485941493838,391.32484769562325,0,0
1772130600,400.11,402.7399,400.07,401.28,394.23591827844797,391.59381662639777,392.6554527497065,0,0
1772134200,401.29,402.9,400.94,401.31,395.485847709803,392.9241990342679,393.94827257597166,0,0
1772137800,401.29,402,401.06,401.81,396.65008345217854,394.23591827844797,395.1887636850494,0,0
1772202600,390.88,395.27,389.88,394.15,397.6664770897883,395.485847709803,395.8834658774541,0,0
1772206200,394.08,396.82,393.62,393.87,398.47219219729544,396.65008345217854,396.7022532144137,0,0
1772209800,393.87,395.8078,393.77,394.84,399.0428322306385,397.6664770897883,397.3265388893912,0,0
1772213400,394.84,395.43,393.3701,394.13,399.4159376732094,398.47219219729544,397.74866885633685,0,0
1772217000,394.1,394.25,392.69,393.045,399.6238816914568,399.0428322306385,398.01998921864663,0,0
1772220600,393.06,394.97,392.42,393.82,399.6920014159783,399.4159376732094,398.1116012626546,0,0
1772224200,393.8,394.12,390.15,392.73,399.63700405015436,399.6238816914568,398.1116012626546,0,0
1772461800,392.855,399.7,390.63,398.57,399.4956825677037,399.6920014159783,401.3139612713349,0,1
1772465400,398.58,400.13,396.87,397.086,399.30999070552497,399.63700405015436,401.1148209303254,0,0
1772469000,397.1,401.19,396.3101,400.2,399.12229649094604,399.4956825677037,400.972492413975,0,0
1772472600,400.2,400.79,399.41,400.29,398.96111721892595,399.30999070552497,400.7284420045957,0,0
1772476200,400.31,400.69,398.49,399.85,398.83754216347285,399.12229649094604,400.5572008930233,0,0
1772479800,399.88,399.98,397.2,397.24,398.7490876499291,398.96111721892595,400.4451993273688,0,0
1772483400,397.26,398.88,396.62,398.37,398.6798831082858,398.83754216347285,400.335558237337,0,0
1772548200,393.27,399.18,392.67,393.77,398.60477081721695,398.7490876499291,400.335558237337,0,0
1772551800,393.76,400.43,393.735,400.1282,398.51341633463386,398.6798831082858,400.335558237337,0,0
1772555400,400.085,402.33,399.14,401.915,398.42221467388543,398.60477081721695,400.2842694328233,0,0
1772559000,401.915,405.28,400.655,404.59,398.3691777854389,398.51341633463386,400.2634072044526,0,0
1772562600,404.5899,406.7,404.15,405.765,398.3968339377224,398.42221467388543,400.24683268394944,0,0
1772566200,405.78,406.42,403.14,403.725,398.5181824258191,398.3691777854389,400.24683268394944,0,0
1772569800,403.77,404.56,402.72,403.78,398.7673292409705,398.3968339377224,400.24683268394944,0,0
1772634600,401.265,406.5834,400.31,405.3214,399.0944190422684,398.5181824258191,400.24683268394944,0,0
1772638200,405.375,405.73,403.13,405.63,399.4759848457839,398.7673292409705,400.24683268394944,0,0
1772641800,405.63,408.96,404.73,407.25,399.9169853457104,399.0944190422684,400.24683268394944,0,0
1772645400,407.31,410.49,406.11,410.07,400.4555708500588,399.4759848457839,400.24683268394944,0,0
1772649000,410.045,411.0326,408.67,409.02,401.107109213826,399.9169853457104,400.24683268394944,0,0
1772652600,408.987,409.93,407,407.9832,401.8553747672651,400.4555708500588,400.24683268394944,0,0
1772656200,407.97,408.18,405,405,402.60646120969517,401.107109213826,400.24683268394944,0,0
1772721000,404.44,411.61,404.4,407.36,403.3179266810529,401.8553747672651,400.24683268394944,0,0
1772724600,407.41,408.68,405.49,406.62,403.97024999991794,402.60646120969517,400.24683268394944,0,0
1772728200,406.64,411.6,406.42,409.29,404.56856484294826,403.3179266810529,400.24683268394944,0,0
1772731800,409.28,411.21,408.12,408.54,405.1300596629264,403.97024999991794,400.24683268394944,0,0
1772735400,408.5,409.74,407.6,409.25,405.66975401437617,404.56856484294826,400.24683268394944,0,0
1772739000,409.17,410.58,407.833,409.9,406.1840982665914,405.1300596629264,400.24683268394944,0,0
1772742600,409.905,411.31,409.0779,410.6,406.68606928403045,405.66975401437617,400.24683268394944,0,0
1772807400,409.35,413.05,408.95,411.35,407.1759314958189,406.1840982665914,400.24683268394944,0,0
1772811000,411.32,412.98,409.42,412.07,407.6581724320921,406.68606928403045,405.87129654625863,1,0
1772814600,412.1,412.87,410.2,410.69,408.12971465702867,407.1759314958189,406.3751156201833,0,0
1772818200,410.69,411.1619,408.77,409.79,408.5715696034537,407.6581724320921,406.8568740692402,0,0
1772821800,409.83,411.36,409.65,409.9305,408.9704625828224,408.12971465702867,407.31717387248125,0,0
1772825400,409.9,411.58,409.24,409.35,409.3169618602638,408.5715696034537,407.6981937720899,0,0
1772829000,409.3201,410.15,408.5101,408.62,409.6088896561729,408.9704625828224,408.0471800028685,0,0
1773063000,404.915,408.5,403.5,405.07,409.8423701842424,409.3169618602638,408.2093540776026,0,0
1773066600,405.055,409.17,404.63,408.557521,410.0019335136017,409.6088896561729,408.32341855743624,0,0
1773070200,408.565,409.0449,406.81,406.8824,410.08699664617296,409.8423701842424,408.448557758305,0,0
1773073800,406.94,407.8,405.05,405.175,410.0995078285746,410.0019335136017,408.4798860041258,0,0
1773077400,405.15,405.49,404.45,405.01,410.0452816791151,410.08699664617296,408.5042042706983,0,0
1773081000,404.97,407.927,404.4,407.89,409.9371213478081,410.0995078285746,408.5042042706983,0,0
1773084600,407.885,410.21,406.83,409.45,409.79174445210396,410.0452816791151,408.5042042706983,0,0
1773149400,410.22,410.22,402.93,404.41,409.63108769004964,409.9371213478081,408.5042042706983,0,0
1773153000,404.43,406.66,404.03,406.06,409.44989366803674,409.79174445210396,408.5042042706983,0,0
1773156600,406.05,407.38,405.2,407.26,409.24563398443985,409.63108769004964,408.5042042706983,0,0
1773160200,407.3,407.94,405.83,406.38,409.02705103979065,409.44989366803674,408.5042042706983,0,0
1773163800,406.365,406.37,404.11,405.66,408.7981835747712,409.24563398443985,408.5042042706983,0,0
1773167400,405.64,405.96,403.88,404.72,408.5517916354223,409.02705103979065,408.5042042706983,0,0
1773171000,404.7,405.95,404.26,405.76,408.28462446352876,408.7981835747712,408.5042042706983,0,0
1773235800,405.57,409.01,403.305,404.45,408.004140517808,408.5517916354223,408.5042042706983,0,0
1773239400,404.45,405,401.59,402.73,407.7086314226814,408.28462446352876,408.5042042706983,0,0
1773243000,402.84,403.615,401.88,403.28,407.3898031643967,408.004140517808,408.5042042706983,0,0
1773246600,403.25,404.5,403,404.25,407.0485658081799,407.7086314226814,408.5042042706983,0,0
1773250200,404.24,404.4,402.085,403.635,406.69378217486656,407.3898031643967,408.5042042706983,0,0
1773253800,403.6497,404.5,403.27,403.8,406.34296654461684,407.0485658081799,408.5042042706983,0,0
1773257400,403.825,405.155,403.75,404.89,406.01193856881486,406.69378217486656,408.5042042706983,0,0
1773322200,404.63,405.77,401.815,403.52,405.7060079520029,406.34296654461684,408.5042042706983,0,0
1773325800,403.485,405.81,402.4,403.65,405.42602935773226,406.01193856881486,408.5042042706983,0,0
1773329400,403.64,405.25,402.67,404.915,405.17116902945924,405.7060079520029,408.5042042706983,0,0
1773333000,404.86,406.12,404.05,404.32,404.94387345475053,405.42602935773226,408.5042042706983,0,0
1773336600,404.35,404.85,402.6301,403.06,404.747059356378,405.17116902945924,408.5042042706983,0,0
1773340200,403.03,404.07,402.595,403.84,404.57404459573877,404.94387345475053,408.5042042706983,0,0
1773343800,403.84,403.96,401.71,401.88,404.4119832310753,404.747059356378,408.5042042706983,0,0
1773408600,400.84,404.8,399.63,401.02,404.2476344949234,404.57404459573877,408.5042042706983,0,0
1773412200,401.13,402.54,397.53,397.8419,404.046330680538,404.4119832310753,408.5042042706983,0,0
1773415800,397.84,398.19,395.4,396.465,403.7499087211428,404.2476344949234,405.21759907153586,0,1
1773419400,396.45,396.79,394.9,396.58,403.31763026931065,404.046330680538,404.7479855946757,0,0
1773423000,396.55,397.38,395.15,396.07,402.76025858594954,403.7499087211428,404.16808853093136,0,0
1773426600,396.07,396.58,394.51,394.56,402.0855074844923,403.31763026931065,403.4667067191183,0,0
1773430200,394.5725,395.76,394.25,395.62,401.3239303341696,402.76025858594954,402.66040105203655,0,0
1773667800,398.22,398.22,394.79,397.32,400.57231202427675,402.0855074844923,401.9358205480104,0,0
1773671400,397.33,398.0799,396.15,397.7099,399.8702220123805,401.3239303341696,401.20526207013313,0,0
1773675000,397.695,399.61,397.66,397.94,399.2473316994873,400.57231202427675,400.5566546102576,0,0
1773678600,397.92,399.515,397.62,398.815,398.7204438341761,399.8702220123805,400.0039222513199,0,0
1773682200,398.815,399.51,397.66,398.9,398.29641850736675,399.2473316994873,399.55429132328607,0,0
1773685800,398.92,400.63,398.69,399.845,397.96990641950146,398.7204438341761,399.2072168914265,0,0
1773689400,399.81,400.05,398.75,399.96,397.73507306708984,398.29641850736675,398.9304327910203,0,0
1773754200,400.27,404.4,398.78,400.35,397.581937159049,397.96990641950146,398.8926283312701,0,0
1773757800,400.36,400.55,398.46,399.07,397.5147656560328,397.73507306708984,398.806478887381,0,0
1773761400,399.065,399.5913,397.745,398.565,397.51999766445846,397.581937159049,398.7853849507103,0,0
1773765000,398.565,400.36,398.565,399.81,397.56002436503087,397.5147656560328,398.7853849507103,0,0
1773768600,399.82,399.96,398.65,398.7994,397.62443629262486,397.51999766445846,398.7853849507103,0,0
1773772200,398.77,399.36,398.46,398.8137,397.70612446632015,397.56002436503087,398.7853849507103,0,0
1773775800,398.82,399.74,398.7003,399.5,397.7975092136114,397.62443629262486,398.7853849507103,0,0
1773840600,397.125,398,394.42,394.615,397.8865274203899,397.70612446632015,398.7853849507103,0,0
1773844200,394.5967,396.04,394.33,395.75,397.94805195322573,397.7975092136114,398.7853849507103,0,0
1773847800,395.75,396.16,393.66,393.83,397.9618648204099,397.8865274203899,398.7853849507103,0,0
1773851400,393.8,393.97,392.42,392.74,397.9108049186273,397.94805195322573,398.7853849507103,0,0
1773855000,392.76,395.01,392.535,393.725,397.8010109453183,397.9618648204099,398.7853849507103,0,0
1773858600,393.71,393.81,391.72,392.32,397.6316834295304,397.9108049186273,398.78306318417987,0,0
1773862200,392.3156,392.46,391,391.67,397.3899453632976,397.8010109453183,398.5112265640435,0,0
1773927000,390.19,392.49,388.01,388.775,397.05804310012513,397.6316834295304,398.25923278653204,0,0
1773930600,388.785,391.22,388.675,389.31,396.6100268663433,397.3899453632976,397.81631014657825,0,0
1773934200,389.305,390.12,388.7,388.95,396.0510796220761,397.05804310012513,397.22191409658,0,0
1773937800,389,389.22,387.51,387.93,395.39774532624915,396.6100268663433,396.54602019543137,0,0
1773941400,387.95,388.47,387.5,387.63,394.6289894330419,396.0510796220761,395.72988752585394,0,0
1773945000,387.61,390.37,387.06,388.43,393.8226024255457,395.39774532624915,394.96307922601403,0,0
1773948600,388.48,389.45,387.78,388.878,392.9775422697572,394.6289894330419,394.0961992987635,0,0
1774013400,386.24,387,382.26,385.68,392.11988659683044,393.8226024255457,393.39499669519347,0,0
1774017000,385.67,385.865,382.63,383.41,391.2165832088938,392.9775422697572,392.5161497288023,0,0
1774020600,383.4,385.35,383.2001,384.6,390.20734044096656,392.11988659683044,391.49086292373875,0,0
1774024200,384.58,384.68,382.85,383.37,389.1434845738066,391.2165832088938,390.40068402209505,0,0
1774027800,383.3,383.57,382.0388,382.4398,388.08122636768024,390.20734044096656,389.30331156966236,0,0
1774031400,382.46,382.51,381.32,382.095,387.01579862544673,389.1434845738066,388.19309202728726,0,0
1774035000,382.11,382.37,380.12,381.87,385.9983881041375,388.08122636768024,387.1719462629895,0,0
1774272600,383.94,387.21,383.52,385.49,385.1051661664649,387.01579862544673,386.385613028256,0,0
1774276200,385.49,387.16,384.95,386.725,384.3704575118139,385.9983881041375,385.63837245490566,0,0
1774279800,386.75,386.9299,382.35,382.54,383.81776639527,385.1051661664649,385.15868384242657,0,0
1774283400,382.5,383.6499,381.68,382.32,383.4248865580835,384.3704575118139,384.7403777590146,0,0
1774287000,382.34,384.03,382.22,382.4651,383.1230712651049,383.81776639527,384.40924166596955,0,0
1774290600,382.465,383.64,382.36,382.95,382.8805368134819,383.4248865580835,384.12055218571334,0,0
1774294200,382.95,384.075,382.83,382.98,382.6872128605687,383.1230712651049,383.8831199919265,0,0
1774359000,382.54,382.54,372.4,372.81,382.5142192329793,382.8805368134819,383.8831199919265,0,0
1774362600,372.805,376.17,372.28,373.5366,382.25615102375997,382.6872128605687,383.77711176457353,0,0
1774366200,373.54,374.26,372.15,373.95,381.82852290971726,382.5142192329793,383.3162007404727,0,0
1774369800,373.915,374.23,371.85,372.83,381.2267293863473,382.25615102375997,382.69314451490595,0,0
1774373400,372.83,374.2455,372.41,373.91,380.4834203221079,381.82852290971726,381.91064508434096,0,0
1774377000,373.91,375.44,373.19,373.97,379.6788505241405,381.2267293863473,381.08448780335686,0,0
1774380600,373.98,374.26,372,372.75,378.87769436658573,380.4834203221079,380.2636432687152,0,0
1774445400,376.93,377.06,372.62,373.74,378.1178410921178,379.6788505241405,379.56336507266667,0,0
1774449000,373.75,374.1988,369.74,371.415,377.39854663378594,378.87769436658573,378.9000617585813,0,0
1774452600,371.415,371.58,369.97,370.875,376.7057557819729,378.1178410921178,378.15751982642576,0,0
1774456200,370.875,371.66,370.42,371.39,376.02477008343726,377.39854663378594,377.41712241042916,0,0
1774459800,371.4,371.55,369.99,370.03,375.3555793836604,376.7057557819729,376.70419225872433,0,0
1774463400,370.04,370.73,369.63,370.39,374.7053935508572,376.02477008343726,375.9969626491308,0,0
1774467000,370.38,371.36,370.05,371.03,374.0615061205329,375.3555793836604,375.30760599750124,0,0
1774531800,370.89,374.7199,369.28,371.94,373.45790639999734,374.7053935508572,374.8092812857537,0,0
1774535400,371.95,372.4,369.55,369.98,372.9242843849492,374.0615061205329,374.28091820743725,0,0
1774539000,369.98,370.08,367.05,367.42,372.4443793413947,373.45790639999734,373.812325033705,0,0
1774542600,367.42,368.56,367.03,368.44,371.9671081083767,372.9242843849492,373.29198625123627,0,0
1774546200,368.42,368.65,366.38,366.39,371.4616496984724,372.4443793413947,372.772965116842,0,0
1774549800,366.42,366.77,365.21,365.55,370.9027535910218,371.9671081083767,372.1761179080793,0,0
1774553400,365.56,366.37,365.19,365.75,370.3270713788562,371.4616496984724,371.551623958981,0,0
1774618200,361.9,362.45,356.58,358.36,369.6793553255461,370.9027535910218,371.14393986423346,0,0
1774621800,358.35,360.84,358.29,360.445,368.9206983056665,370.3270713788562,370.3717410915905,0,0
1774625400,360.445,360.96,359.105,359.97,368.03570522349924,369.6793553255461,369.4493520961429,0,0
1774629000,360,360.14,358.7,358.9368,367.05653451964037,368.9206983056665,368.4206351870952,0,0
1774632600,358.93,359.4399,358.2,358.8126,366.01138914570623,368.03570522349924,367.32233619405713,0,0
1774636200,358.805,359.33,356.9,357.5,364.94406744754735,367.05653451964037,366.24816113530176,0,0
1774639800,357.51,357.82,356.51,356.65,363.82134362225906,366.01138914570623,365.07907347517386,0,0
1774877400,361.895,362.66,358.37,362.49,362.78836444547676,364.94406744754735,364.1708993088977,0,0
1774881000,362.47,365.36,362.39,362.97,361.89528391469116,363.82134362225906,363.2851377164391,0,0
1774884600,362.97,365.19,361.97,362,361.1881546175368,362.78836444547676,362.5937331477313,0,0
1774888200,362,362.31,359.13,359.78,360.6663477544158,361.89528391469116,362.08509924673933,0,0
1774891800,359.785,360.03,357.81,357.89,360.2803520745089,361.1881546175368,361.67704988880934,0,0
1774895400,357.89,360.24,356.28,356.975,359.96015182045653,360.6663477544158,361.3985140765926,0,0
1774899000,356.99,359.61,356.83,358.76,359.66445510143325,360.2803520745089,361.0993629107025,0,0
1774963800,364.41,368.15,364.37,365.46,359.415427770015,359.96015182045653,361.0831993071936,0,0
1774967400,365.4601,365.56,363.07,364.2498,359.2592105354715,359.66445510143325,360.8967841057087,0,0
1774971000,364.2,365.1499,363.65,365.05,359.2141118574707,359.415427770015,360.78828374411955,0,0
1774974600,365.045,370.57,364.29,368.88,359.2693487373633,359.2592105354715,357.58333198547507,1,0
1774978200,368.86,370.15,368.04,369.83,359.43901486776036,359.2141118574707,357.798070741007,0,0
1774981800,369.81,371.7,369.43,371.09,359.7363128391935,359.2693487373633,358.1315075786368,0,0
1774985400,371.14,372.9,369.74,370.16,360.23655880950867,359.43901486776036,358.63352535327743,0,0
1775050200,373.11,373.99,368.2,371.51,360.8923150903315,359.7363128391935,359.1969983095454,0,0
1775053800,371.53,372.58,370.17,371.235,361.6625233593469,360.23655880950867,360.00222920575976,0,0
1775057400,371.27,372.84,370.75,372.61,362.52768239409033,360.8923150903315,360.9113378229023,0,0
1775061000,372.64,372.89,371.88,371.9,363.4618703187128,361.6625233593469,361.9249075026096,0,0
1775064600,371.9,372.02,368.94,369.06,364.40847361911153,362.52768239409033,362.87129386130147,0,0
1775068200,369.075,369.91,368.725,369.285,365.31780028193316,363.4618703187128,363.84809764968094,0,0
1775071800,369.285,369.77,368.8,369.45,366.1452961323609,364.40847361911153,364.7459294024124,0,0
1775136600,367.205,367.61,364.15,366.705,366.8735276915022,365.31780028193316,365.38483001369286,0,0
1775140200,366.63,371.22,366.5366,370.81,367.4870512987574,366.1452961323609,365.93742488364876,0,0
1775143800,370.85,371.3,369.395,369.7471,367.99661870790476,366.8735276915022,366.48964417958956,0,0
1775147400,369.735,371.89,369.465,371.58,368.4385694923237,367.4870512987574,366.9526288588882,0,0
1775151000,371.6,371.84,370.51,371.0494,368.8439758337969,367.99661870790476,367.41667381703536,0,0
1775154600,371.02,373.2,370.725,372.5799,369.22848844675144,368.4385694923237,367.81474371690143,0,0
1775158200,372.58,373.64,372.0101,373.5,369.59733544256096,368.8439758337969,368.2263617648431,0,0
1775482200,373.47,373.73,369.5014,372.65,369.958759469257,369.22848844675144,368.5346910542333,0,0
1775485800,372.69,372.99,371.14,371.37,370.30365046719186,369.59733544256096,368.9152297960984,0,0
1775489400,371.4,372.09,370.83,372.005,370.6168161407495,369.958759469257,369.2825683747341,0,0
1775493000,372.005,373,370.6901,372.265,370.89458914311393,370.30365046719186,369.5731483603854,0,0
1775496600,372.25,373.66,371.48,372.93,371.1412815587412,370.6168161407495,369.83637226049325,0,0
1775500200,372.92,373.32,372.12,372.41,371.36475404960515,370.89458914311393,370.11019541551775,0,0
1775503800,372.41,373.15,371.77,372.861,371.56963523064115,371.1412815587412,370.3554022132743,0,0