dt,open,high,low,close,tv_ss,py_ss,ss_diff,ss_pct,tv_buy,tv_sell,py_buy,py_sell
2026-01-14 17:00:00+00:00,33.28,33.5965,33.155,33.33,32.108590674890394,0.0783915603730373,-32.03019911451736,-99.7558548702222,0,0,0,0
2026-01-14 17:30:00+00:00,33.33,33.33,32.1533,32.1699,32.27982730072564,0.41681244787477045,-31.86301485285087,-98.70875254693385,0,0,0,0
2026-01-14 18:00:00+00:00,32.165,32.54,31.83,32.4,32.43093426497258,1.1300751409017364,-31.30085912407084,-96.51544068490716,0,0,0,0
2026-01-14 18:30:00+00:00,32.395,32.558,31.74,32.33,32.55430673615583,2.1944092365363073,-30.35989749961952,-93.25923523937578,0,0,0,0
2026-01-14 19:00:00+00:00,32.3365,33.093351,32.215,33.0472,32.65064252016706,3.534977770466737,-29.115664749700322,-89.17332861586623,0,0,0,0
2026-01-14 19:30:00+00:00,33.04,33.1307,32.255,32.42,32.726647478447674,5.080363434276336,-27.646284044171338,-84.4763707079314,0,0,0,0
2026-01-14 20:00:00+00:00,32.42,32.72,32.06,32.24,32.78670593184432,6.771486904893193,-26.015219026951122,-79.34685198638287,0,0,0,0
2026-01-14 20:30:00+00:00,32.23,32.75,32.13,32.64,32.83107269381274,8.558346329501319,-24.272726364311424,-73.93217574912134,0,0,0,0
2026-01-15 14:30:00+00:00,33.07,33.15,31.4,31.46,32.86057455851339,10.398143364811313,-22.46243119370208,-68.35678163114345,0,0,0,0
2026-01-15 15:00:00+00:00,31.455,31.81,31.29,31.55,32.874646222385266,12.252225501049741,-20.622420721335523,-62.730471932175924,0,0,0,0
2026-01-15 15:30:00+00:00,31.55,31.72,31.06,31.72,32.869829899228904,14.08649312809847,-18.783336771130436,-57.1446120308979,0,0,0,0
2026-01-15 16:00:00+00:00,31.71,31.9,31.53,31.7855,32.84719626875694,15.874928392769581,-16.972267875987356,-51.670370089184026,0,0,0,0
2026-01-15 16:30:00+00:00,31.7802,32.0458,31.66,32.03,32.81082356571536,17.599985428816456,-15.210838136898904,-46.35920858991479,0,0,0,0
2026-01-15 17:00:00+00:00,32.03,32.31,31.94,32.285,32.76594041434043,19.249955309691224,-13.515985104649204,-41.25010585300876,0,0,0,0
2026-01-15 17:30:00+00:00,32.285,32.485,32.09,32.245,32.71675608751112,20.81646793477524,-11.900288152735882,-36.37367996052197,0,0,0,0
2026-01-15 18:00:00+00:00,32.24,32.27,31.885,31.94,32.66675453818542,22.292174758380966,-10.374579779804456,-31.75883226378431,0,0,0,0
2026-01-15 18:30:00+00:00,31.9434,32.05,31.765,32.008,32.614850450981834,23.669744512728574,-8.94510593825326,-27.426481540049423,0,0,0,0
2026-01-15 19:00:00+00:00,32.0,32.09,31.67,31.87,32.558858880495436,24.943407693793038,-7.615451186702398,-23.389797580604018,0,0,0,0
2026-01-15 19:30:00+00:00,31.8601,31.8801,31.43,31.795,32.49685819208368,26.10993098136404,-6.386927210719637,-19.653983695800815,0,0,0,0
2026-01-15 20:00:00+00:00,31.7999,31.7999,31.145,31.175,32.426675835138084,27.167564000211716,-5.259111834926369,-16.21847352366445,0,0,0,0
2026-01-15 20:30:00+00:00,31.17,31.4698,30.785,30.8699,32.34496417821569,28.11007725641451,-4.234886921801181,-13.092878688835816,0,0,0,0
2026-01-16 14:30:00+00:00,30.865,30.89,29.78,30.15,32.24555934930356,28.92546031657676,-3.3200990327268016,-10.296298466283261,0,0,0,0
2026-01-16 15:00:00+00:00,30.145,30.82,30.05,30.42,32.1277901509895,29.612492640373077,-2.5152975106164206,-7.829039902201155,0,1,0,0
2026-01-16 15:30:00+00:00,30.415,30.585,29.81,30.32,31.99026393932308,30.17227458739552,-1.817989351927558,-5.682945771800428,0,0,0,0
2026-01-16 16:00:00+00:00,30.31,31.102,30.29,30.985,31.84043971403299,30.617381106857483,-1.2230586071755063,-3.84121142220429,0,0,0,0
2026-01-16 16:30:00+00:00,30.99,31.385,30.82,31.1286,31.693107711370324,30.973474912183548,-0.7196327991867761,-2.2706286986447792,0,0,0,0
2026-01-16 17:00:00+00:00,31.125,31.15,30.4,30.6283,31.556713200342244,31.2561133471643,-0.30059985317794613,-0.9525702226006415,0,0,0,0
2026-01-16 17:30:00+00:00,30.62,31.09,30.56,30.995,31.433079640631007,31.47467862720781,0.04159898657680117,0.13234142836907875,0,0,0,0
2026-01-16 18:00:00+00:00,30.99,31.25,30.855,31.15,31.322317671432476,31.642772987663268,0.3204553162307917,1.023089413728356,0,0,0,0
2026-01-16 18:30:00+00:00,31.1538,31.33,31.07,31.27,31.225420680359395,31.772601360042408,0.547180679683013,1.7523564703395218,0,0,0,0
2026-01-16 19:00:00+00:00,31.28,31.49,30.72,30.735,31.14351448811722,31.868325673318857,0.7248111852016379,2.3273262414817983,0,0,0,0
2026-01-16 19:30:00+00:00,30.74,30.8,30.34,30.54,31.074570489698445,31.928547859483086,0.8539773697846407,2.7481550229881484,0,0,0,0
2026-01-16 20:00:00+00:00,30.53,30.58,30.26,30.535,31.01228112306967,31.950838818178887,0.9385576951092176,3.0264065109710216,0,0,0,0
2026-01-16 20:30:00+00:00,30.53,31.21,30.401,31.2,30.953819497114345,31.941932902683646,0.988113405569301,3.192218025505439,0,0,0,0
2026-01-20 14:30:00+00:00,28.77,29.2,28.38,28.65,30.891158992622113,31.887819641194397,0.9966606485722842,3.2263621083635017,0,0,0,0
2026-01-20 15:00:00+00:00,28.64,29.1,28.35,29.0,30.806945737340364,31.78194661537291,0.9750008780325459,3.1648735526896803,0,0,0,1
2026-01-20 15:30:00+00:00,28.99,29.3,28.87,29.0,30.694686128177224,31.627716310107825,0.9330301819306008,3.0397124050540274,0,0,0,0
2026-01-20 16:00:00+00:00,29.01,29.1,28.785,28.86,30.55787357241238,31.432991131193056,0.8751175587806763,2.863803846517422,0,0,0,0
2026-01-20 16:30:00+00:00,28.86,28.98,28.479,28.76,30.40556663855205,31.21187583247794,0.8063091939258911,2.6518472867515963,0,0,0,0
2026-01-20 17:00:00+00:00,28.75,29.15,28.71,28.9,30.247021565070355,30.979257708191366,0.7322361431210105,2.42085370801139,0,0,0,0
2026-01-20 17:30:00+00:00,28.9,28.9,28.36,28.4293,30.086368083375795,30.74216589453329,0.6557978111574947,2.179717436614941,0,0,0,0
2026-01-20 18:00:00+00:00,28.43,28.76,28.42,28.595,29.92784179280303,30.50827547238971,0.5804336795866796,1.9394438249344823,0,0,0,0
2026-01-20 18:30:00+00:00,28.59,28.645,28.291,28.56,29.771433759827712,30.27869978800722,0.507266028179508,1.703868319785092,0,0,0,0
2026-01-20 19:00:00+00:00,28.56,28.82,28.5103,28.64,29.620346481669134,30.058183694039936,0.43783721237080186,1.4781637096708578,0,0,0,0
2026-01-20 19:30:00+00:00,28.63,28.82,28.32,28.67,29.475456580014665,29.847691979051742,0.37223539903707703,1.2628655913322304,0,0,0,0
2026-01-20 20:00:00+00:00,28.67,28.79,28.48,28.69,29.338665776540644,29.649442184232946,0.31077640769230186,1.059272463374256,0,0,0,0
2026-01-20 20:30:00+00:00,28.69,28.705,28.04,28.235,29.211509550982175,29.465901840851497,0.2543922898693225,0.8708632103566489,0,0,0,0
2026-01-21 14:30:00+00:00,28.36,28.55,27.92,28.035,29.09045245603715,29.29380464150515,0.2033521854680025,0.6990341101614621,0,0,0,0
2026-01-21 15:00:00+00:00,28.035,28.73,28.0,28.325,28.972730950350687,29.130648206652943,0.15791725630225528,0.5450547846969318,0,0,0,0
2026-01-21 15:30:00+00:00,28.3242,28.62,28.265,28.5961,28.861928453312252,28.980127761541144,0.11819930822889191,0.40953364713689855,0,0,0,0
2026-01-21 16:00:00+00:00,28.6,28.63,27.67,27.805,28.76040958121737,28.84452153198197,0.08411195076460132,0.29245741625158395,0,0,0,0
2026-01-21 16:30:00+00:00,27.8,27.85,27.06,27.0812,28.66144055733057,28.71690759124677,0.055467033916198005,0.19352493397967577,0,0,0,0
2026-01-21 17:00:00+00:00,27.08,27.2,26.76,27.08,28.550245683828745,28.582232206314625,0.03198652248588019,0.11203589223050994,0,0,0,0
2026-01-21 17:30:00+00:00,27.075,27.53,26.86,27.475,28.41809195239279,28.431407371699624,0.013315419306834997,0.0468554304389667,0,0,0,0
2026-01-21 18:00:00+00:00,27.475,27.57,27.18,27.365,28.28410786410391,28.282247991535478,-0.0018598725684313422,-0.00657568051065084,0,0,0,0
2026-01-21 18:30:00+00:00,27.3625,27.82,27.325,27.66,28.155440432913064,28.1414692540353,-0.01397117887776389,-0.04962159590809278,0,0,0,0
2026-01-21 19:00:00+00:00,27.665,28.435,27.575,28.3537,28.039571256303457,28.016018877591257,-0.02355237871219984,-0.08399692882930629,0,0,0,0
2026-01-21 19:30:00+00:00,28.36,29.4097,28.26,29.275,27.942404818747825,27.911171546012042,-0.03123327273578269,-0.11177732531749333,0,0,0,0
2026-01-21 20:00:00+00:00,29.275,29.33,28.8,28.805,27.87169712623285,27.834568857810794,-0.0371282684220553,-0.13321136583071636,0,0,0,0
2026-01-21 20:30:00+00:00,28.8,29.45,28.73,29.35,27.830060263427633,27.78861316820283,-0.04144709522480383,-0.14892923275222217,0,0,0,0
2026-01-22 14:30:00+00:00,29.48,29.63,28.58,28.6777,27.81626648641567,27.77191844922167,-0.04434803719400193,-0.15943202591785532,0,0,0,0
2026-01-22 15:00:00+00:00,28.67,28.885,28.32,28.3675,27.82178110693688,27.775645229482805,-0.04613587745407344,-0.16582646983219293,0,0,0,0
2026-01-22 15:30:00+00:00,28.365,29.03,28.325,28.91,27.841341816384848,27.794440874791185,-0.04690094159366254,-0.1684579066015452,1,0,0,0
2026-01-22 16:00:00+00:00,28.92,29.1,28.68,28.93,27.87122690776996,27.824422783796656,-0.04680412397330258,-0.1679299017879062,0,0,0,0
2026-01-22 16:30:00+00:00,28.93,29.23,28.7347,29.0003,27.910812002928324,27.86481941187382,-0.04599259105450315,-0.16478413831055053,0,0,0,0
2026-01-22 17:00:00+00:00,29.01,29.18,28.8755,28.91,27.959648017113864,27.91504821448992,-0.04459980262394225,-0.15951489302241248,0,0,0,0
2026-01-22 17:30:00+00:00,28.92,29.325,28.72,29.21,28.01817523974009,27.97550640631597,-0.04266883342411987,-0.15228983707547003,0,0,0,0
2026-01-22 18:00:00+00:00,29.1901,29.37,29.1,29.32,28.086263458932965,28.045986699130083,-0.04027675980288237,-0.14340376697588855,0,0,0,0
2026-01-22 18:30:00+00:00,29.3299,29.4555,29.08,29.17,28.16205636598252,28.124476688024554,-0.037579677957964464,-0.13344081650002543,0,0,1,0
2026-01-22 19:00:00+00:00,29.17,29.31,29.04,29.28,28.2431796323061,28.208477508716488,-0.03470212358961078,-0.12286903968105836,0,0,0,0
2026-01-22 19:30:00+00:00,29.28,29.58,29.2693,29.44,28.33074402237431,28.29911247207191,-0.03163155030240006,-0.11165096927005844,0,0,0,0
2026-01-22 20:00:00+00:00,29.43,29.52,29.13,29.13,28.42767166686926,28.399352423260478,-0.02831924360878091,-0.09961858269872056,0,0,0,0
2026-01-22 20:30:00+00:00,29.13,29.33,28.74,28.83,28.527471585286364,28.502551524759316,-0.024920060527048093,-0.08735460642751505,0,0,0,0
2026-01-23 14:30:00+00:00,28.63,28.7475,27.94,28.23,28.617833563220895,28.596166245182882,-0.021667318038012695,-0.07571264257354242,0,0,0,0
2026-01-23 15:00:00+00:00,28.25,28.72,28.14,28.55,28.691399181014475,28.672800599498615,-0.018598581515860246,-0.06482284603313178,0,0,0,0
2026-01-23 15:30:00+00:00,28.545,28.9799,28.535,28.9187,28.746520207145146,28.730784352388543,-0.015735854756602663,-0.054740033378688414,0,0,0,0
2026-01-23 16:00:00+00:00,28.91,29.055,28.632,28.72,28.78953026968256,28.776422112120894,-0.01310815756166761,-0.04553098796291039,0,0,0,0
2026-01-23 16:30:00+00:00,28.72,29.24,28.72,29.0621,28.825606883866747,28.814887979849946,-0.010718904016801645,-0.03718535418867747,0,0,0,0
2026-01-23 17:00:00+00:00,29.0674,29.51,28.93,29.4901,28.8579511511717,28.849384207967486,-0.00856694320421525,-0.029686595418148425,0,0,0,0
2026-01-23 17:30:00+00:00,29.495,29.76,29.17,29.192,28.88995941632342,28.883314577178446,-0.0066448391449753785,-0.023000513947488994,0,0,0,0
2026-01-23 18:00:00+00:00,29.19,29.5,29.05,29.39,28.923500763264464,28.918554964882567,-0.004945798381896793,-0.01709958425287999,0,0,0,0
2026-01-23 18:30:00+00:00,29.385,29.51,29.19,29.25,28.95924152291153,28.95577036185484,-0.0034711610566908746,-0.011986367301590459,0,0,0,0
2026-01-23 19:00:00+00:00,29.26,29.2975,28.94,29.06,28.99442761399907,28.992230858991384,-0.002196755007684459,-0.007576473096588474,0,0,0,0
2026-01-23 19:30:00+00:00,29.05,29.1399,28.94,29.065,29.02666651908628,29.025563114338517,-0.0011034047477629372,-0.003801348484289097,0,0,0,0
2026-01-23 20:00:00+00:00,29.065,29.21,28.82,28.925,29.05436668646027,29.054194556258206,-0.00017213020206341412,-0.0005924417624412688,0,0,0,0
2026-01-23 20:30:00+00:00,28.92,28.9999,28.65,28.73,29.076179628872357,29.0767840806285,0.0006044517561427654,0.002078855488781445,0,0,0,0
2026-01-26 14:30:00+00:00,27.75,28.74,27.6,28.3,29.087824131361653,29.089044913548374,0.0012207821867207258,0.004196883827431127,0,0,0,0
2026-01-26 15:00:00+00:00,28.3,28.68,28.075,28.32,29.085307404720968,29.08700241429598,0.0016950095750125627,0.005827717587531627,0,0,0,0
2026-01-26 15:30:00+00:00,28.33,28.335,27.69,27.7514,29.064285118602587,29.066318474474542,0.002033355871954967,0.0069960636005924615,0,0,0,0
2026-01-26 16:00:00+00:00,27.75,27.94,27.54,27.83,29.02297460540571,29.025226302369795,0.0022516969640840045,0.007758325928675181,0,1,0,0
2026-01-26 16:30:00+00:00,27.84,27.97,27.6636,27.77,28.95943939968619,28.96180105414455,0.0023616544583617838,0.008155042042655616,0,0,0,0
2026-01-26 17:00:00+00:00,27.77,27.88,27.73,27.7546,28.879393396419,28.881781134866678,0.0023877384476769237,0.008267966071520739,0,0,0,1
2026-01-26 17:30:00+00:00,27.755,28.0276,27.71,27.905,28.791248512841964,28.793604417731736,0.002355904889771665,0.00818271180119488,0,0,0,0
2026-01-26 18:00:00+00:00,27.9,28.03,27.775,28.02,28.70256257997988,28.704852335483135,0.0022897555032557193,0.007977529869938618,0,0,0,0
2026-01-26 18:30:00+00:00,28.01,28.135,27.84,28.1137,28.61597523401568,28.6181702501041,0.002195016088421653,0.007670596827370913,0,0,0,0
2026-01-26 19:00:00+00:00,28.115,28.275,28.0,28.185,28.533710503058447,28.535784651557304,0.002074148498856232,0.00726911594141922,0,0,0,0
2026-01-26 19:30:00+00:00,28.18,28.26,27.82,27.9298,28.45778666999649,28.459719792917653,0.0019331229211623224,0.00679294895129861,0,0,0,0
2026-01-26 20:00:00+00:00,27.92,28.1,27.79,27.83,28.3875763108664,28.389349077748978,0.0017727668825777698,0.006244868752318167,0,0,0,0
2026-01-26 20:30:00+00:00,27.835,27.995,27.66,27.715,28.319219601569735,28.320808873336713,0.0015892717669778733,0.005611989981848865,0,0,0,0
2026-01-27 14:30:00+00:00,27.86,28.26,27.72,28.09,28.25358263835441,28.25498298960944,0.0014003512550324615,0.004956367031243239,0,0,0,0
2026-01-27 15:00:00+00:00,28.075,28.4,27.9,27.94,28.193641566933906,28.19485560685396,0.0012140399200539775,0.004306077018010434,0,0,0,0
2026-01-27 15:30:00+00:00,27.94,28.14,27.8,28.08,28.14212563874296,28.143160680009576,0.0010350412666149111,0.003677907205381746,0,0,0,0
2026-01-27 16:00:00+00:00,28.07,28.74,28.065,28.44,28.09963193404196,28.100501269782036,0.0008693357400773039,0.0030937620183705203,0,0,0,0
2026-01-27 16:30:00+00:00,28.42,28.88,28.41,28.54,28.068035084013207,28.068753051907223,0.0007179678940154588,0.002557955666887398,0,0,0,0
2026-01-27 17:00:00+00:00,28.54,28.62,28.05,28.285,28.04966139586368,28.05024243042583,0.0005810345621490853,0.002071449469385634,0,0,0,0
2026-01-27 17:30:00+00:00,28.285,28.3813,27.9701,28.185,28.041402045726013,28.041860476723574,0.0004584309975612655,0.0016348362211480014,0,0,0,0
2026-01-27 18:00:00+00:00,28.18,28.32,28.125,28.28,28.03806749442758,28.038416660342943,0.0003491659153631588,0.001245328036365394,0,0,0,0
2026-01-27 18:30:00+00:00,28.2784,28.91,28.2763,28.79,28.03947549313973,28.039728538910325,0.00025304577059515054,0.0009024625680215092,0,0,0,0
2026-01-27 19:00:00+00:00,28.79,28.99,28.6,28.9195,28.051109797429294,28.051280446613912,0.00017064918461784373,0.0006083509203385695,0,0,0,0
2026-01-27 19:30:00+00:00,28.92,29.1,28.83,29.005,28.078866504425324,28.07896818439129,0.00010167996596521789,0.0003621227585849763,0,0,0,0
2026-01-27 20:00:00+00:00,29.0,29.475,28.92,29.362,28.12666085668728,28.12670638225875,4.552557146908498e-05,0.0001618591403403686,1,0,1,0
2026-01-27 20:30:00+00:00,29.36,29.42,28.915,29.32,28.192412670313686,28.192413339850884,6.695371972398334e-07,2.3748843529977446e-06,0,0,0,0
2026-01-28 14:30:00+00:00,29.96,30.46,29.72,29.855,28.2831327501823,28.2830997187051,-3.303147720146171e-05,-0.00011678860857890223,0,0,0,0
2026-01-28 15:00:00+00:00,29.85,30.1,29.46,29.6406,28.392152625853164,28.39209438722399,-5.823862917253564e-05,-0.00020512227424244347,0,0,0,0
2026-01-28 15:30:00+00:00,29.65,30.0299,29.65,29.75,28.51695020722706,28.516874066377262,-7.614084979934432e-05,-0.00026700207857447507,0,0,0,0
2026-01-28 16:00:00+00:00,29.75,30.1,29.6202,30.045,28.65141471727817,28.65132684943011,-8.786784805892012e-05,-0.000306678915948718,0,0,0,0
2026-01-28 16:30:00+00:00,30.0406,30.11,29.58,29.62,28.78995807812064,28.789863606798587,-9.447132205409048e-05,-0.00032813983889016276,0,0,0,0
2026-01-28 17:00:00+00:00,29.625,29.9,29.615,29.715,28.927601836502156,28.92750511148694,-9.672501521507115e-05,-0.00033436928426268354,0,0,0,0
2026-01-28 17:30:00+00:00,29.71,30.395,29.49,30.03,29.06137935131069,29.061284164683872,-9.518662681884393e-05,-0.00032753650701906873,0,0,0,0
2026-01-28 18:00:00+00:00,30.04,30.27,29.95,30.0499,29.19064198196566,29.19055115475584,-9.082720981723469e-05,-0.0003111518063677697,0,0,0,0
2026-01-28 18:30:00+00:00,30.04,30.16,29.88,30.08,29.315307130591652,29.315222511631006,-8.461896064559937e-05,-0.00028865111413857995,0,0,0,0
2026-01-28 19:00:00+00:00,30.05,30.4101,29.77,29.77,29.43374045236922,29.43366325734304,-7.719502618286356e-05,-0.0002622671294794606,0,0,0,0
2026-01-28 19:30:00+00:00,29.8,30.5499,29.56,30.08,29.542939717291272,29.542870552149726,-6.916514154653441e-05,-0.000234117329583327,0,0,0,0
2026-01-28 20:00:00+00:00,30.085,30.48,30.03,30.2,29.64250959703805,29.642448624645112,-6.097239293723078e-05,-0.00020569241189795647,0,0,0,0
2026-01-28 20:30:00+00:00,30.2,30.2,29.59,29.61,29.73216870646891,29.732115776561137,-5.292990777405748e-05,-0.00017802235785962487,0,0,0,0
2026-01-29 14:30:00+00:00,28.68,28.73,27.5,27.56,29.805685467439343,29.80564004763391,-4.5419805431379245e-05,-0.00015238638105135094,0,0,0,0
2026-01-29 15:00:00+00:00,27.565,27.57,27.03,27.07,29.844579919354985,29.84454147356207,-3.8445792913677224e-05,-0.00012882001695974326,0,0,0,0
2026-01-29 15:30:00+00:00,27.065,27.22,26.74,27.0,29.82681843611085,29.82678642399536,-3.201211548997662e-05,-0.00010732661801843426,0,1,0,1
2026-01-29 16:00:00+00:00,27.0,27.18,26.75,26.88,29.748778498341913,29.748752350482064,-2.6147859848890675e-05,-8.789557477241648e-05,0,0,0,0
2026-01-29 16:30:00+00:00,26.88,26.98,26.665,26.89,29.614052680745544,29.614031813872522,-2.086687302238488e-05,-7.046274026503673e-05,0,0,0,0
2026-01-29 17:00:00+00:00,26.885,27.3,26.87,27.1406,29.43823999148869,29.43822381179983,-1.6179688859807584e-05,-5.496146802419413e-05,0,0,0,0
2026-01-29 17:30:00+00:00,27.14,27.23,26.83,26.85,29.236658682669677,29.236646603263598,-1.2079406079834598e-05,-4.1315959566182534e-05,0,0,0,0
2026-01-29 18:00:00+00:00,26.845,26.92,26.29,26.395,28.990871360472937,28.990862785400946,-8.575071991145933e-06,-2.9578524510434184e-05,0,0,0,0
2026-01-29 18:30:00+00:00,26.39,26.39,26.07,26.0803,28.712695861278306,28.71269020607398,-5.655204326160401e-06,-1.9695831953512107e-05,0,0,0,0
2026-01-29 19:00:00+00:00,26.0801,26.38,26.02,26.375,28.410081353805495,28.41007806747504,-3.2863304539887395e-06,-1.1567479913423549e-05,0,0,0,0
2026-01-29 19:30:00+00:00,26.37,26.5294,26.1537,26.33,28.09702079873129,28.097019378325985,-1.420405304486394e-06,-5.055359123877404e-06,0,0,0,0
2026-01-29 20:00:00+00:00,26.33,26.515,26.09,26.165,27.790129419704034,27.79012941886576,-8.382734506540146e-10,-3.0164431334373474e-09,0,0,0,0
2026-01-29 20:30:00+00:00,26.1601,26.69,26.16,26.69,27.506066224722176,27.506067279568807,1.0548466313764493e-06,3.834959978495085e-06,0,0,0,0
2026-01-30 14:30:00+00:00,26.0,26.515,25.75,25.77,27.24761340806226,27.247615174090093,1.766027832417194e-06,6.4814037323894445e-06,0,0,0,0
2026-01-30 15:00:00+00:00,25.78,25.975,25.4,25.465,27.00801527749496,27.008017448580055,2.171085096591696e-06,8.038669536746012e-06,0,0,0,0
2026-01-30 15:30:00+00:00,25.465,25.7974,25.365,25.49,26.77732195339702,26.777324293565947,2.340168926195929e-06,8.739368822127677e-06,0,0,0,0
2026-01-30 16:00:00+00:00,25.48,25.59,25.13,25.1318,26.551141895120537,26.5511442300449,2.334924364078006e-06,8.794063823323204e-06,0,0,0,0
2026-01-30 16:30:00+00:00,25.1333,25.4097,25.0901,25.16,26.327565481898866,26.327567680212766,2.1983139006920283e-06,8.349856359500641e-06,0,0,0,0
2026-01-30 17:00:00+00:00,25.155,25.35,25.02,25.245,26.1062998192572,26.106301779833405,1.9605762062724352e-06,7.5099735307039754e-06,0,0,0,0
2026-01-30 17:30:00+00:00,25.24,25.29,24.875,24.875,25.89838760835949,25.89838928676928,1.678409791594504e-06,6.480750141575402e-06,0,0,0,0
2026-01-30 18:00:00+00:00,24.88,24.94,24.55,24.775,25.707514359824287,25.707515751715576,1.3918912884491874e-06,5.414336325819331e-06,0,0,0,0
2026-01-30 18:30:00+00:00,24.77,25.36,24.56,25.17,25.536233547431294,25.53623467466417,1.1272328741540605e-06,4.414248765622876e-06,0,0,0,0
2026-01-30 19:00:00+00:00,25.1666,25.74,25.16,25.4401,25.387662014744635,25.387662904993835,8.902492005802287e-07,3.5066214449490863e-06,0,0,0,0
2026-01-30 19:30:00+00:00,25.44,25.56,25.14,25.145,25.26617201017811,25.266172691270715,6.810926045375254e-07,2.6956699426535887e-06,0,0,0,0
2026-01-30 20:00:00+00:00,25.145,25.16,24.8701,24.8799,25.17128611928909,25.17128661863418,4.993450914980713e-07,1.9837885483150445e-06,0,0,0,0
2026-01-30 20:30:00+00:00,24.87,25.33,24.835,25.1,25.097709405831697,25.097709750264432,3.444327347779108e-07,1.3723672117180482e-06,0,0,0,0
2026-02-02 14:30:00+00:00,22.875,24.08,22.83,23.3193,25.031558937971592,25.031559154503388,2.1653179516079035e-07,8.650351969581994e-07,0,0,0,0
2026-02-02 15:00:00+00:00,23.3,23.84,23.115,23.7325,24.95131350703838,24.9513136194144,1.1237602137725844e-07,4.5038118472423873e-07,0,0,0,0
2026-02-02 15:30:00+00:00,23.74,23.855,23.575431,23.675,24.850441234903588,24.850441263710522,2.8806933727310025e-08,1.1592121626737703e-07,0,0,0,0
2026-02-02 16:00:00+00:00,23.67,23.93,23.5,23.81,24.734848915734343,24.734848879328602,-3.640574064434077e-08,-1.471840024912476e-07,0,0,0,0
2026-02-02 16:30:00+00:00,23.81,23.825,23.265,23.275,24.610041021474007,24.61004093688873,-8.458527744892308e-08,-3.4370230173576884e-07,0,0,0,0
2026-02-02 17:00:00+00:00,23.275,23.7199,23.245,23.4757,24.481825802173713,24.481825683462283,-1.1871143001940254e-07,-4.848961469567449e-07,0,0,0,0
2026-02-02 17:30:00+00:00,23.4792,23.625,23.34,23.47,24.349312319893706,24.34931218029503,-1.3959867573021256e-07,-5.733167076597832e-07,0,0,0,0
2026-02-02 18:00:00+00:00,23.47,23.49,23.2898,23.3499,24.218060723839933,24.21806057352853,-1.5031140421228883e-07,-6.206583009527444e-07,0,0,0,0
2026-02-02 18:30:00+00:00,23.345,23.4999,23.13,23.13,24.09098162947646,24.090981476093503,-1.53382956114001e-07,-6.366820517032385e-07,0,0,0,0
2026-02-02 19:00:00+00:00,23.1298,23.3,23.06,23.145,23.96810740666704,23.968107256104094,-1.5056294699888895e-07,-6.281803750470841e-07,0,0,0,0
2026-02-02 19:30:00+00:00,23.14,23.22,22.85,22.895,23.849330030375263,23.849329886737305,-1.4363795841632054e-07,-6.022725092628543e-07,0,0,0,0
2026-02-02 20:00:00+00:00,22.9,23.0,22.63,22.66,23.73182699396107,23.731826860388892,-1.3357217909515384e-07,-5.62839848483403e-07,0,0,0,0
2026-02-02 20:30:00+00:00,22.655,22.86,22.58,22.85,23.61379175011935,23.613791628654468,-1.2146488259645594e-07,-5.143811035592877e-07,0,0,0,0
2026-02-03 14:30:00+00:00,23.09,23.0907,22.03,22.055,23.49410567881139,23.494105570594062,-1.082173284316923e-07,-4.606148023301443e-07,0,0,0,0
2026-02-03 15:00:00+00:00,22.0599,22.84,22.0,22.61,23.372843364788455,23.372843270120395,-9.466806005775652e-08,-4.050344178508268e-07,0,0,0,0
2026-02-03 15:30:00+00:00,22.605,22.73,22.33,22.58,23.249881927501914,23.249881846376184,-8.112573013363544e-08,-3.489296435422888e-07,0,0,0,0
2026-02-03 16:00:00+00:00,22.58,22.58,22.0,22.0901,23.12120104593336,23.121200978589076,-6.73442848153627e-08,-2.9126637790819886e-07,0,0,0,0
2026-02-03 16:30:00+00:00,22.095,22.34,22.07,22.2389,22.990103464929703,22.990103410805673,-5.412402970250696e-08,-2.3542316712523964e-07,0,0,0,0
2026-02-03 17:00:00+00:00,22.235,22.27,21.895,22.07,22.85925447507561,22.859254433009173,-4.206643566817547e-08,-1.8402365533855118e-07,0,0,0,0
2026-02-03 17:30:00+00:00,22.0702,22.11,21.62,21.6232,22.722587758992695,22.722587727707797,-3.128489822756819e-08,-1.3768193376296622e-07,0,0,0,0
2026-02-03 18:00:00+00:00,21.63,21.705,21.36,21.415,22.584868403792186,22.5848683817025,-2.2089686524395802e-08,-9.780746174587744e-08,0,0,0,0
2026-02-03 18:30:00+00:00,21.415,21.535,21.1,21.105,22.430309515406933,22.430309500924736,-1.448219677513407e-08,-6.456530064904605e-08,0,0,0,0
2026-02-03 19:00:00+00:00,21.1,21.6599,21.0401,21.4801,22.26409603359094,22.26409602518709,-8.403848283933257e-09,-3.7746191317419566e-08,0,0,0,0
2026-02-03 19:30:00+00:00,21.49,21.795,21.335,21.64,22.10167848721188,22.10167848354051,-3.671370762958759e-09,-1.661127576841292e-08,0,0,0,0
2026-02-03 20:00:00+00:00,21.64,21.99,21.5607,21.93,21.95891208076649,21.95891208080336,3.68700625585916e-11,1.6790477790056631e-10,0,0,0,0
2026-02-03 20:30:00+00:00,21.93,22.425,21.93,22.35,21.84133482477797,21.84133482774898,2.971010104602101e-09,1.3602694745705878e-08,0,0,0,0
2026-02-04 14:30:00+00:00,21.87,21.98,21.16,21.2099,21.753220066810503,21.753220071951812,5.141309600276145e-09,2.363470596300538e-08,0,0,0,0
2026-02-04 15:00:00+00:00,21.21,21.82,20.99,21.58,21.68588644384539,21.685886450503784,6.658392948111214e-09,3.0703808052084095e-08,0,0,0,0
2026-02-04 15:30:00+00:00,21.57,21.61,21.05,21.42,21.62924787751323,21.62924788514026,7.627029674495134e-09,3.5262574628979806e-08,0,0,0,0
2026-02-04 16:00:00+00:00,21.43,21.45,20.8,21.09,21.577368100942245,21.577368109086578,8.144333207837917e-09,3.774479431289986e-08,0,0,0,0
2026-02-04 16:30:00+00:00,21.085,21.12,20.53,20.91,21.52469596907512,21.524695977356597,8.281478613980653e-09,3.847431167380384e-08,0,0,0,0
2026-02-04 17:00:00+00:00,20.9,20.94,20.26,20.2951,21.465151438841055,21.465151446964885,8.12383049719756e-09,3.7846602295558654e-08,0,0,0,0
2026-02-04 17:30:00+00:00,20.295,20.435,19.97,20.205,21.3913992850069,21.391399292738704,7.73180275359664e-09,3.614444595504237e-08,0,0,0,0
2026-02-04 18:00:00+00:00,20.21,20.28,19.9,20.23,21.301480404842096,21.30148041202942,7.187324513324711e-09,3.374096249052691e-08,0,0,0,0
2026-02-04 18:30:00+00:00,20.23,20.52,20.11,20.212,21.197626133087137,21.19762613963078,6.543643848999636e-09,3.0869701201049754e-08,0,0,0,0
2026-02-04 19:00:00+00:00,20.22,20.35,20.05,20.19,21.085102741850232,21.08510274768669,5.8364584276660025e-09,2.768048370037892e-08,0,0,0,0
2026-02-04 19:30:00+00:00,20.1822,20.77,20.1401,20.77,20.976123280948684,20.97612328608345,5.134765501679794e-09,2.447909669916645e-08,0,0,0,0
2026-02-04 20:00:00+00:00,20.77,20.785,20.375,20.39,20.875785728513684,20.875785732965237,4.4515537922507065e-09,2.132400595667375e-08,0,0,0,0
2026-02-04 20:30:00+00:00,20.39,20.73,20.27,20.3,20.78708914890465,20.78708915270717,3.802522741125358e-09,1.8292713875842147e-08,0,0,0,0
2026-02-05 14:30:00+00:00,19.25,20.07,19.19,19.255,20.70537335442596,20.705373357617038,3.191079400721719e-09,1.5411841873595568e-08,0,0,0,0
2026-02-05 15:00:00+00:00,19.25,19.31,18.45,18.475,20.614075089909218,20.61407509253207,2.6228512695070094e-09,1.272359423387819e-08,0,0,0,0
2026-02-05 15:30:00+00:00,18.47,18.88,18.36,18.66,20.499181987919155,20.499181990025875,2.1067201316782302e-09,1.0277093656321457e-08,0,0,0,0
2026-02-05 16:00:00+00:00,18.66,18.94,18.38,18.9394,20.357700035187612,20.357700036833762,1.6461498830722121e-09,8.086128984251151e-09,0,0,0,0
2026-02-05 16:30:00+00:00,18.94,19.02,18.48,18.865,20.19370264756646,20.193702648808475,1.24201449125394e-09,6.15050401073235e-09,0,0,0,0
2026-02-05 17:00:00+00:00,18.865,18.91,18.3301,18.59,20.012795003514302,20.012795004408815,8.945129081894265e-10,4.46970504635833e-09,0,0,0,0
2026-02-05 17:30:00+00:00,18.59,18.79,18.35,18.365,19.810726840885625,19.81072684148921,6.035847377461323e-10,3.046757156332329e-09,0,0,0,0
2026-02-05 18:00:00+00:00,18.365,18.4787,18.15,18.31,19.60442701261657,19.604427012983734,3.6716585327667417e-10,1.8728721479101735e-09,0,0,0,0
2026-02-05 18:30:00+00:00,18.315,18.375,18.05,18.3099,19.395620582606625,19.395620582788673,1.8204815432909527e-10,9.386044316228286e-10,0,0,0,0
2026-02-05 19:00:00+00:00,18.3003,18.35,18.08,18.16,19.18996711309545,19.189967113138124,4.267519670975162e-11,2.2238285484413145e-10,0,0,0,0
2026-02-05 19:30:00+00:00,18.16,18.16,17.89,17.9357,18.99238070097463,18.992380700917366,-5.7262639074906474e-11,-3.0150321845627254e-10,0,0,0,0
2026-02-05 20:00:00+00:00,17.935,18.08,17.54,17.57,18.80317048505471,18.803170484930437,-1.2427392448444152e-10,-6.609200537920876e-10,0,0,0,0
2026-02-05 20:30:00+00:00,17.575,17.63,17.19,17.415,18.61947726085331,18.61947726068754,-1.6576962025283137e-10,-8.903022245493177e-10,0,0,0,0
2026-02-06 14:30:00+00:00,18.775,19.455,18.7,19.06,18.454896436587816,18.454896436391493,-1.9632295789051568e-10,-1.0637987515405122e-09,0,0,0,0
2026-02-06 15:00:00+00:00,19.07,19.42,18.95,19.16,18.319215597377102,18.319215597159435,-2.176676616727491e-10,-1.1881931325919555e-09,0,0,0,0
2026-02-06 15:30:00+00:00,19.16,19.63,19.11,19.525,18.22020832431744,18.220208324086094,-2.3134560933613102e-10,-1.2697198913327881e-09,0,0,0,0
2026-02-06 16:00:00+00:00,19.53,20.015,19.39,19.95,18.15646412470675,18.156464124467654,-2.390976305832737e-10,-1.3168733126727968e-09,0,0,0,0
2026-02-06 16:30:00+00:00,19.96,20.05,19.815,19.9298,18.129776515204888,18.129776514963453,-2.4143531618392444e-10,-1.3317059699077925e-09,0,0,0,0
2026-02-06 17:00:00+00:00,19.925,20.33,19.855,20.31,18.135337378471768,18.13533737823216,-2.39609221353021e-10,-1.3212283640085908e-09,0,0,0,0
2026-02-06 17:30:00+00:00,20.315,20.48,20.15,20.155,18.16932586550938,18.169325865274892,-2.3448620822819066e-10,-1.2905608604516975e-09,1,0,1,0
2026-02-06 18:00:00+00:00,20.155,20.22,19.935,20.075,18.231520899327023,18.23152089910073,-2.262936504848767e-10,-1.2412220117808703e-09,0,0,0,0
2026-02-06 18:30:00+00:00,20.08,20.31,19.99,20.165,18.324226995825963,18.324226995611227,-2.1473667288773868e-10,-1.1718730232748866e-09,0,0,0,0
2026-02-06 19:00:00+00:00,20.165,20.31,20.045,20.2666,18.44214360702068,18.44214360682031,-2.0036949877066945e-10,-1.0864761875858696e-09,0,0,0,0
2026-02-06 19:30:00+00:00,20.25,20.42,20.19,20.255,18.578001246612104,18.578001246427974,-1.8413004454487236e-10,-9.911187005569312e-10,0,0,0,0
2026-02-06 20:00:00+00:00,20.25,20.555,20.13,20.495,18.72654003267536,18.726540032508566,-1.6679280179232592e-10,-8.906760218454361e-10,0,0,0,0
2026-02-06 20:30:00+00:00,20.495,20.7,20.39,20.45,18.886651422876632,18.886651422727873,-1.4875922715873457e-10,-7.876421490923932e-10,0,0,0,0
2026-02-09 14:30:00+00:00,19.42,20.79,19.33,20.64,19.05168539589761,19.05168539576684,-1.3077183780296764e-10,-6.864056123408728e-10,0,0,0,0
2026-02-09 15:00:00+00:00,20.645,20.94,20.41,20.435,19.21967483363509,19.219674833522085,-1.1300471669528633e-10,-5.879637281767338e-10,0,0,0,0
2026-02-09 15:30:00+00:00,20.44,20.82,20.37,20.715,19.388065641687547,19.388065641591687,-9.585932048139512e-11,-4.94424365240861e-10,0,0,0,0
2026-02-09 16:00:00+00:00,20.715,20.77,20.535,20.6798,19.556004651757966,19.556004651678315,-7.965184067870723e-11,-4.0730119519350296e-10,0,0,0,0
2026-02-09 16:30:00+00:00,20.675,21.025,20.54,20.8856,19.723263035311128,19.723263035246546,-6.45812292532355e-11,-3.27436840129414e-10,0,0,0,0
2026-02-09 17:00:00+00:00,20.88,21.055,20.74,20.825,19.893432040076913,19.893432040026223,-5.069011876912555e-11,-2.548083139551096e-10,0,0,0,0
2026-02-09 17:30:00+00:00,20.82,21.29,20.8,21.2407,20.072835285558966,20.07283528552093,-3.803535264523816e-11,-1.8948669734066917e-10,0,0,0,0
2026-02-09 18:00:00+00:00,21.24,21.37,20.92,21.185,20.248583427317797,20.24858342729064,-2.715694336075103e-11,-1.3411774437570294e-10,0,0,0,0
2026-02-09 18:30:00+00:00,21.19,21.4283,21.11,21.4277,20.419515024958947,20.41951502494085,-1.8097523479809752e-11,-8.862856663191556e-11,0,0,0,0
2026-02-09 19:00:00+00:00,21.42,21.495,21.27,21.485,20.583016605579974,20.583016605569206,-1.0768275160444318e-11,-5.2316311873960594e-11,0,0,0,0
2026-02-09 19:30:00+00:00,21.48,21.665,21.46,21.629,20.738165572101725,20.738165572096726,-4.998668146072305e-12,-2.4103714133697653e-11,0,0,0,0
2026-02-09 20:00:00+00:00,21.62,21.74,21.45,21.57,20.88545168319989,20.885451683199268,-6.217248937900877e-13,-2.9768324057372376e-12,0,0,0,0
2026-02-09 20:30:00+00:00,21.56,21.7499,21.4,21.42,21.02087838056189,21.020878380564547,2.6574298317427747e-12,1.2641859125164404e-11,0,0,0,0
2026-02-10 14:30:00+00:00,20.705,21.13,20.52,20.7718,21.13932114064834,21.13932114065363,5.289990667733946e-12,2.5024411297494022e-11,0,0,0,0
2026-02-10 15:00:00+00:00,20.775,21.06,20.71,20.8967,21.234133334804735,21.234133334812014,7.279510327862226e-12,3.428211650122036e-11,0,0,0,0
2026-02-10 15:30:00+00:00,20.89,21.17,20.85,21.0053,21.30335159287841,21.30335159288712,8.711253940418828e-12,4.089147147780705e-11,0,0,0,0
2026-02-10 16:00:00+00:00,21.01,21.27,20.9,21.1545,21.350117688746415,21.350117688756058,9.64206492426456e-12,4.5161647653805976e-11,0,0,0,0
2026-02-10 16:30:00+00:00,21.15,21.245,21.04,21.045,21.38064535018802,21.380645350198186,1.0167866548727034e-11,4.7556406189758064e-11,0,0,0,0
2026-02-10 17:00:00+00:00,21.04,21.15,20.98,21.04,21.399524829532567,21.399524829542955,1.0388134796812665e-11,4.854376384318798e-11,0,0,0,0
2026-02-10 17:30:00+00:00,21.04,21.19,20.9801,21.055,21.40891280289873,21.408912802909096,1.0366818514739862e-11,4.842290970205742e-11,0,0,0,0
2026-02-10 18:00:00+00:00,21.06,21.06,20.47,20.47,21.409581012220546,21.409581012230714,1.0167866548727034e-11,4.7492132344501447e-11,0,0,0,0
2026-02-10 18:30:00+00:00,20.47,20.565,20.3,20.485,21.400686584262132,21.400686584271977,9.844569603956188e-12,4.6001185827354684e-11,0,0,0,0
2026-02-10 19:00:00+00:00,20.49,20.53,20.305,20.415,21.379800164810327,21.379800164819738,9.411138535142527e-12,4.401883302273615e-11,0,0,0,0
2026-02-10 19:30:00+00:00,20.42,20.58,20.33,20.35,21.34716553884841,21.34716553885731,8.899547765395255e-12,4.1689599254755894e-11,0,0,0,0
2026-02-10 20:00:00+00:00,20.35,20.36,20.1,20.115,21.300987897861553,21.30098789786986,8.306244581035571e-12,3.8994644853394107e-11,0,0,0,0
2026-02-10 20:30:00+00:00,20.115,20.32,19.95,20.01,21.241059010320264,21.24105901032791,7.645439836778678e-12,3.599368483964964e-11,0,0,0,0
2026-02-11 14:30:00+00:00,20.56,20.56,19.475,19.5193,21.16249640706138,21.162496407068293,6.913580818945775e-12,3.2669023001647815e-11,0,1,0,1
2026-02-11 15:00:00+00:00,19.52,19.575,19.02,19.1799,21.05479198643979,21.0547919864459,6.110667527536862e-12,2.9022692465793064e-11,0,0,0,0
2026-02-11 15:30:00+00:00,19.1701,19.5,19.07,19.38,20.91417740727632,20.9141774072816,5.279332526697544e-12,2.5242840891560932e-11,0,0,0,0
2026-02-11 16:00:00+00:00,19.39,19.68,19.34,19.3801,20.750493117425837,20.750493117430295,4.458655666894629e-12,2.148698655816686e-11,0,0,0,0
2026-02-11 16:30:00+00:00,19.38,19.4376,19.16,19.17,20.56461889154808,20.56461889155174,3.659295089164516e-12,1.7794130338435116e-11,0,0,0,0
2026-02-11 17:00:00+00:00,19.175,19.525,19.11,19.46,20.376408914942317,20.376408914945237,2.9203306439740118e-12,1.4331920095265124e-11,0,0,0,0
2026-02-11 17:30:00+00:00,19.46,19.49,19.29,19.305,20.194644376729517,20.194644376731773,2.255973186038318e-12,1.1171145893699904e-11,0,0,0,0
2026-02-11 18:00:00+00:00,19.305,19.43,19.08,19.395,20.02788055224211,20.02788055224379,1.680433570072637e-12,8.39047130169005e-12,0,0,0,0
2026-02-11 18:30:00+00:00,19.395,19.525,19.27,19.5,19.878755464478424,19.878755464479614,1.1901590823981678e-12,5.987090512405955e-12,0,0,0,0
2026-02-11 19:00:00+00:00,19.5,19.7,19.465,19.555,19.74990308515374,19.749903085154518,7.780442956573097e-13,3.939484119505254e-12,0,0,0,0
2026-02-11 19:30:00+00:00,19.555,19.69,19.4,19.555,19.644521608468885,19.644521608469326,4.405364961712621e-13,2.2425412282951388e-12,0,0,0,0
2026-02-11 20:00:00+00:00,19.56,19.58,19.31,19.33,19.561709361790935,19.56170936179111,1.7408297026122455e-13,8.899169650340143e-13,0,0,0,0
2026-02-11 20:30:00+00:00,19.325,19.555,19.31,19.5,19.496792786087752,19.496792786087717,-3.552713678800501e-14,-1.8222041531546645e-13,0,0,0,0
2026-02-12 14:30:00+00:00,19.98,20.06,19.33,19.62,19.44646209034933,19.446462090349133,-1.9539925233402755e-13,-1.0048061772171817e-12,0,0,0,0
2026-02-12 15:00:00+00:00,19.62,19.82,19.4801,19.685,19.4100170211487,19.410017021148384,-3.161915174132446e-13,-1.6290120563455958e-12,0,0,0,0
2026-02-12 15:30:00+00:00,19.69,19.75,19.325,19.375,19.386618887844655,19.386618887844254,-4.014566457044566e-13,-2.0707924781879764e-12,0,0,0,0
2026-02-12 16:00:00+00:00,19.38,19.43,18.73,18.75,19.371492970396645,19.371492970396186,-4.583000645652646e-13,-2.365847925431638e-12,0,0,0,0
2026-02-12 16:30:00+00:00,18.75,19.13,18.68,19.105,19.35502420051265,19.35502420051216,-4.867217739956686e-13,-2.514705065482569e-12,0,0,0,0
2026-02-12 17:00:00+00:00,19.1,19.4,18.99,19.2874,19.334849575937472,19.33484957593697,-5.009326287108706e-13,-2.5908276490254637e-12,0,0,0,0
2026-02-12 17:30:00+00:00,19.29,19.57,19.23,19.37,19.31424961161241,19.31424961161191,-5.009326287108706e-13,-2.593590943391827e-12,0,0,0,0
2026-02-12 18:00:00+00:00,19.365,19.545,19.2,19.3375,19.296737081527077,19.296737081526594,-4.831690603168681e-13,-2.5038899492464442e-12,0,0,0,0
2026-02-12 18:30:00+00:00,19.33,19.635,19.27,19.465,19.28356533149644,19.283565331495982,-4.583000645652646e-13,-2.3766355271279065e-12,0,0,0,0
2026-02-12 19:00:00+00:00,19.47,19.595,19.385,19.4901,19.275002425426894,19.275002425426468,-4.263256414560601e-13,-2.211805903036705e-12,0,0,0,0
2026-02-12 19:30:00+00:00,19.49,19.79,19.47,19.62,19.271366491922333,19.27136649192193,-4.014566457044566e-13,-2.0831768513806672e-12,0,0,0,0
2026-02-12 20:00:00+00:00,19.63,19.79,19.54,19.6,19.273947151302146,19.273947151301773,-3.730349362740526e-13,-1.935436127045987e-12,0,0,0,0
2026-02-12 20:30:00+00:00,19.605,19.865,19.585,19.74,19.28285178766625,19.282851787665905,-3.446132268436486e-13,-1.7871486574619169e-12,0,0,0,0
2026-02-13 14:30:00+00:00,20.24,20.87,20.0435,20.45,19.303465989281374,19.303465989281065,-3.090860900556436e-13,-1.6011947814308045e-12,0,0,0,0
2026-02-13 15:00:00+00:00,20.46,21.25,20.3693,21.24,19.348364332382047,19.348364332381774,-2.7355895326763857e-13,-1.4138608751014753e-12,1,0,1,0
2026-02-13 15:30:00+00:00,21.235,21.41,20.75,20.95,19.425481270606113,19.42548127060587,-2.4158453015843406e-13,-1.2436475925257534e-12,0,0,0,0
2026-02-13 16:00:00+00:00,20.95,21.27,20.86,21.21,19.531996517905235,19.531996517905025,-2.0961010704922955e-13,-1.0731627299701658e-12,0,0,0,0
2026-02-13 16:30:00+00:00,21.21,21.595,21.125,21.375,19.66704938849472,19.66704938849454,-1.8118839761882555e-13,-9.212790085574364e-13,0,0,0,0
2026-02-13 17:00:00+00:00,21.37,21.445,21.13,21.27,19.825222327515668,19.82522232751552,-1.4921397450962104e-13,-7.526471685642846e-13,0,0,0,0
2026-02-13 17:30:00+00:00,21.27,21.52,21.18,21.23,19.996884438726234,19.99688443872611,-1.2434497875801753e-13,-6.218217599798166e-13,0,0,0,0
2026-02-13 18:00:00+00:00,21.235,21.295,20.945,20.9699,20.16542094266015,20.16542094266004,-1.0658141036401503e-13,-5.285355097078137e-13,0,0,0,0
2026-02-13 18:30:00+00:00,20.965,21.27,20.925,21.2335,20.325151842657036,20.325151842656947,-8.881784197001252e-14,-4.3698488777637437e-13,0,0,0,0
2026-02-13 19:00:00+00:00,21.235,21.275,20.88,20.915,20.47139737756778,20.471397377567712,-6.750155989720952e-14,-3.29735966002871e-13,0,0,0,0
2026-02-13 19:30:00+00:00,20.915,21.2,20.86,20.96,20.604200548159483,20.60420054815944,-4.263256414560601e-14,-2.0691200343327207e-13,0,0,0,0
2026-02-13 20:00:00+00:00,20.97,21.125,20.75,20.825,20.717942713242024,20.717942713242,-2.4868995751603507e-14,-1.2003602913579014e-13,0,0,0,0
2026-02-13 20:30:00+00:00,20.82,21.01,20.733,20.985,20.81079102502017,20.810791025020155,-1.4210854715202004e-14,-6.828599017748404e-14,0,0,0,0
2026-02-17 14:30:00+00:00,20.61,20.68,19.77,19.8,20.885639261387222,20.885639261387222,0.0,0.0,0,0,0,0
2026-02-17 15:00:00+00:00,19.795,20.14,19.78,20.015,20.93811157232296,20.938111572322967,7.105427357601002e-15,3.3935378236274706e-14,0,0,0,0
2026-02-17 15:30:00+00:00,20.01,20.19,19.87,20.1813,20.96559756581393,20.965597565813944,1.4210854715202004e-14,6.778177760300966e-14,0,0,0,0
2026-02-17 16:00:00+00:00,20.19,20.52,20.14,20.345,20.96962064971286,20.969620649712873,1.4210854715202004e-14,6.776877346799593e-14,0,0,0,0
2026-02-17 16:30:00+00:00,20.35,20.63,20.285,20.38,20.958192854419195,20.95819285441921,1.4210854715202004e-14,6.780572549319554e-14,0,0,0,0
2026-02-17 17:00:00+00:00,20.365,20.415,20.09,20.19,20.93770413764397,20.937704137643987,1.7763568394002505e-14,8.484009649398629e-14,0,1,0,1
2026-02-17 17:30:00+00:00,20.18,20.2151,19.89,20.095,20.910250512233763,20.910250512233784,2.1316282072803006e-14,1.0194178238243339e-13,0,0,0,0
2026-02-17 18:00:00+00:00,20.1,20.23,19.92,20.21,20.875567588982495,20.875567588982523,2.842170943040401e-14,1.361481996082547e-13,0,0,0,0
2026-02-17 18:30:00+00:00,20.21,20.55,20.17,20.45,20.833935540127182,20.833935540127218,3.552713678800501e-14,1.7052532738991152e-13,0,0,0,0
2026-02-17 19:00:00+00:00,20.445,20.49,20.225,20.265,20.788486703968346,20.788486703968378,3.197442310920451e-14,1.5380832460065917e-13,0,0,0,0
2026-02-17 19:30:00+00:00,20.27,20.395,20.23,20.265,20.742052179471724,20.742052179471756,3.197442310920451e-14,1.5415265004901199e-13,0,0,0,0
2026-02-17 20:00:00+00:00,20.27,20.32,19.98,20.06,20.6936983557985,20.69369835579853,3.197442310920451e-14,1.5451285004473394e-13,0,0,0,0
2026-02-17 20:30:00+00:00,20.065,20.23,20.0,20.19,20.642840988811734,20.64284098881177,3.552713678800501e-14,1.7210391150743472e-13,0,0,0,0
2026-02-18 14:30:00+00:00,20.08,20.21,19.81,20.18,20.58894497418005,20.58894497418008,3.197442310920451e-14,1.552989876329391e-13,0,0,0,0
2026-02-18 15:00:00+00:00,20.18,20.52,20.18,20.35,20.53620143842944,20.536201438429472,3.197442310920451e-14,1.5569784512032833e-13,0,0,0,0
2026-02-18 15:30:00+00:00,20.35,20.67,20.3,20.42,20.487707840818207,20.48770784081824,3.197442310920451e-14,1.5606637578802748e-13,0,0,0,0
2026-02-18 16:00:00+00:00,20.42,20.43,20.23,20.305,20.446000091427813,20.44600009142784,2.842170943040401e-14,1.3900865354255812e-13,0,0,0,0
2026-02-18 16:30:00+00:00,20.3,20.38,20.24,20.35,20.410920395851623,20.410920395851647,2.4868995751603507e-14,1.2184161845370754e-13,0,0,0,0
2026-02-18 17:00:00+00:00,20.35,20.45,20.18,20.205,20.380987711106272,20.38098771110629,1.7763568394002505e-14,8.715754430450175e-14,0,0,0,0
2026-02-18 17:30:00+00:00,20.205,20.275,19.9825,20.06,20.35457735355619,20.3545773535562,7.105427357601002e-15,3.490825298988386e-14,0,0,0,0
2026-02-18 18:00:00+00:00,20.055,20.12,19.905,20.0,20.329694130527823,20.329694130527823,0.0,0.0,0,0,0,0
2026-02-18 18:30:00+00:00,19.99,20.04,19.905,19.975,20.304894100273415,20.30489410027341,-7.105427357601002e-15,-3.499366863235856e-14,0,0,0,0
2026-02-18 19:00:00+00:00,19.97,20.05,19.83,19.87,20.27920785136542,20.279207851365406,-1.4210854715202004e-14,-7.007598531145373e-14,0,0,0,0
2026-02-18 19:30:00+00:00,19.88,19.89,19.61,19.695,20.25064403242612,20.250644032426095,-2.4868995751603507e-14,-1.2280594983439688e-13,0,0,0,0
2026-02-18 20:00:00+00:00,19.695,19.8,19.59,19.62,20.217068268075018,20.217068268074975,-4.263256414560601e-14,-2.1087411676265414e-13,0,0,0,0
2026-02-18 20:30:00+00:00,19.615,19.95,19.585,19.86,20.180351454471108,20.180351454471054,-5.3290705182007514e-14,-2.6407223532373394e-13,0,0,0,0
2026-02-19 14:30:00+00:00,19.5,19.91,19.25,19.815,20.141590403047775,20.141590403047708,-6.750155989720952e-14,-3.351352030621939e-13,0,0,0,0
2026-02-19 15:00:00+00:00,19.82,19.95,19.58,19.6501,20.101987777900035,20.101987777899957,-7.815970093361102e-14,-3.888157817882029e-13,0,0,0,0
2026-02-19 15:30:00+00:00,19.65,19.875,19.565,19.72,20.06105975977844,20.06105975977835,-9.237055564881302e-14,-4.604470389645716e-13,0,0,0,0
2026-02-19 16:00:00+00:00,19.7,19.71,19.4,19.43,20.018896564349824,20.018896564349724,-9.947598300641403e-14,-4.969104200456456e-13,0,0,0,0
2026-02-19 16:30:00+00:00,19.44,19.645,19.44,19.565,19.975221944751695,19.975221944751596,-9.947598300641403e-14,-4.979968847482589e-13,0,0,0,0
2026-02-19 17:00:00+00:00,19.57,19.9166,19.5,19.755,19.93208812933851,19.93208812933841,-9.947598300641403e-14,-4.990745694124891e-13,0,0,0,0
2026-02-19 17:30:00+00:00,19.755,19.815,19.54,19.63,19.891105535966787,19.89110553596669,-9.592326932761353e-14,-4.822420209583956e-13,0,0,0,0
2026-02-19 18:00:00+00:00,19.625,19.83,19.54,19.79,19.85370552156938,19.85370552156929,-9.237055564881302e-14,-4.652559974180144e-13,0,0,0,0
2026-02-19 18:30:00+00:00,19.78,19.8451,19.64,19.76,19.820583144081873,19.820583144081784,-8.881784197001252e-14,-4.481091263782125e-13,0,0,0,0
2026-02-19 19:00:00+00:00,19.76,19.83,19.515,19.57,19.7919794513079,19.79197945130782,-7.815970093361102e-14,-3.949059321019356e-13,0,0,0,0
2026-02-19 19:30:00+00:00,19.57,19.695,19.5,19.615,19.76659567117051,19.766595671170442,-6.750155989720952e-14,-3.414930978512412e-13,0,0,0,0
2026-02-19 20:00:00+00:00,19.615,19.69,19.515,19.585,19.742974199802752,19.742974199802696,-5.684341886080802e-14,-2.8791720176272087e-13,0,0,0,0
2026-02-19 20:30:00+00:00,19.585,19.96,19.525,19.95,19.72168110290341,19.721681102903368,-4.263256414560601e-14,-2.161710450704412e-13,0,0,0,0
2026-02-20 14:30:00+00:00,19.78,20.175,19.7,19.97,19.70432733673736,19.70432733673733,-3.197442310920451e-14,-1.6227107154066811e-13,0,0,0,0
2026-02-20 15:00:00+00:00,19.98,20.4,19.75,20.1,19.69267240024827,19.69267240024824,-2.842170943040401e-14,-1.4432632023089813e-13,0,0,0,0
2026-02-20 15:30:00+00:00,20.09,20.175,19.82,20.16,19.687797313369455,19.687797313369433,-2.1316282072803006e-14,-1.0827154370554033e-13,0,0,0,0
2026-02-20 16:00:00+00:00,20.17,20.405,20.12,20.125,19.690932143816717,19.690932143816696,-2.1316282072803006e-14,-1.0825430668855703e-13,0,0,0,0
2026-02-20 16:30:00+00:00,20.12,20.25,20.05,20.17,19.702699206426,19.702699206425976,-2.4868995751603507e-14,-1.2622126283840607e-13,0,0,0,0
2026-02-20 17:00:00+00:00,20.17,20.195,19.67,19.785,19.719623166088756,19.71962316608873,-2.4868995751603507e-14,-1.261129360441835e-13,0,0,0,0
2026-02-20 17:30:00+00:00,19.785,20.13,19.74,20.125,19.73866173088841,19.73866173088839,-2.1316282072803006e-14,-1.0799253953192696e-13,0,0,0,0
2026-02-20 18:00:00+00:00,20.12,20.135,19.875,19.99,19.758550775989008,19.758550775988986,-2.1316282072803006e-14,-1.0788383376126443e-13,0,0,0,0
2026-02-20 18:30:00+00:00,19.99,20.37,19.9,20.3586,19.779815571295416,19.779815571295387,-2.842170943040401e-14,-1.4369046732493177e-13,0,0,0,0
2026-02-20 19:00:00+00:00,20.355,20.4,19.97,19.995,19.80328146935026,19.803281469350228,-3.197442310920451e-14,-1.6146022647151509e-13,0,0,0,0
2026-02-20 19:30:00+00:00,20.0,20.065,19.86,19.89,19.828331317751537,19.828331317751502,-3.552713678800501e-14,-1.7917360880589554e-13,0,0,0,0
2026-02-20 20:00:00+00:00,19.89,20.055,19.861,19.915,19.85263078387148,19.85263078387144,-3.907985046680551e-14,-1.9684973186805276e-13,0,0,0,0
2026-02-20 20:30:00+00:00,19.91,20.19,19.87,20.12,19.874816196680538,19.87481619668049,-4.618527782440651e-14,-2.3238090539987137e-13,0,0,0,0
2026-02-23 14:30:00+00:00,19.5,19.66,19.15,19.565,19.89368565103725,19.893685651037202,-4.618527782440651e-14,-2.3216048868249025e-13,0,0,0,0
2026-02-23 15:00:00+00:00,19.56,19.68,19.345,19.5252,19.906313734029357,19.906313734029307,-4.973799150320701e-14,-2.498603818253961e-13,0,0,0,0
2026-02-23 15:30:00+00:00,19.53,19.62,19.15,19.16,19.90928829361576,19.909288293615706,-5.3290705182007514e-14,-2.6766755494266493e-13,0,0,0,0
2026-02-23 16:00:00+00:00,19.165,19.24,18.98,19.225,19.901452685759818,19.901452685759754,-6.394884621840902e-14,-3.213275293424517e-13,0,0,0,0
2026-02-23 16:30:00+00:00,19.22,19.3,19.09,19.12,19.88304033211521,19.883040332115147,-6.394884621840902e-14,-3.21625089273286e-13,0,0,0,0
2026-02-23 17:00:00+00:00,19.125,19.2285,18.995,19.0,19.85443957525382,19.854439575253757,-6.394884621840902e-14,-3.2208839728779647e-13,0,0,0,0
2026-02-23 17:30:00+00:00,18.99,19.065,18.81,19.02,19.813845888588027,19.813845888587963,-6.394884621840902e-14,-3.227482770280401e-13,0,0,0,0
2026-02-23 18:00:00+00:00,19.01,19.06,18.94,18.96,19.761557309207085,19.76155730920702,-6.394884621840902e-14,-3.236022607824267e-13,0,0,0,0
2026-02-23 18:30:00+00:00,18.97,19.17,18.93,19.035,19.699987271124822,19.699987271124762,-6.039613253960852e-14,-3.0657955108495883e-13,0,0,0,0
2026-02-23 19:00:00+00:00,19.035,19.12,18.865,18.885,19.632305119728656,19.6323051197286,-5.684341886080802e-14,-2.895402170766265e-13,0,0,0,0
2026-02-23 19:30:00+00:00,18.889,19.195,18.86,19.085,19.561278682087828,19.561278682087778,-4.973799150320701e-14,-2.542675880833489e-13,0,0,0,0
2026-02-23 20:00:00+00:00,19.08,19.14,18.9,18.94,19.490006767474053,19.490006767474014,-3.907985046680551e-14,-2.00512246778816e-13,0,0,0,0
2026-02-23 20:30:00+00:00,18.93,19.24,18.905,19.24,19.42260735824821,19.422607358248186,-2.4868995751603507e-14,-1.2804148945039748e-13,0,0,0,0
2026-02-24 14:30:00+00:00,18.75,19.31,18.65,19.187,19.360265946338274,19.360265946338263,-1.0658141036401503e-14,-5.5051625147831935e-14,0,0,0,0
2026-02-24 15:00:00+00:00,19.18,19.45,18.985,19.45,19.304846676222855,19.30484667622285,-3.552713678800501e-15,-1.8403221420951568e-14,0,0,0,0
2026-02-24 15:30:00+00:00,19.44,19.505,19.2,19.31,19.258591866855436,19.25859186685544,3.552713678800501e-15,1.8447421822749246e-14,0,0,0,0
2026-02-24 16:00:00+00:00,19.32,19.54,19.29,19.365,19.22270653517254,19.22270653517255,7.105427357601002e-15,3.696371967495796e-14,0,0,0,0
2026-02-24 16:30:00+00:00,19.36,19.36,19.1,19.225,19.196736797147945,19.19673679714795,3.552713678800501e-15,1.850686247533657e-14,0,0,0,0
2026-02-24 17:00:00+00:00,19.225,19.36,19.2,19.215,19.17841829530356,19.17841829530356,0.0,0.0,0,0,0,0
2026-02-24 17:30:00+00:00,19.215,19.39,19.2,19.35,19.16603404651687,19.166034046516863,-7.105427357601002e-15,-3.7073018551233887e-14,0,0,0,0
2026-02-24 18:00:00+00:00,19.35,19.435,19.13,19.3,19.157642641536043,19.15764264153603,-1.4210854715202004e-14,-7.417851445036971e-14,0,0,0,0
2026-02-24 18:30:00+00:00,19.3,19.47,19.29,19.345,19.15307330387953,19.153073303879506,-2.4868995751603507e-14,-1.2984336955764792e-13,0,0,0,0
2026-02-24 19:00:00+00:00,19.35,19.6,19.24,19.335,19.152204152913757,19.152204152913725,-3.197442310920451e-14,-1.6694905115837551e-13,0,0,0,0
2026-02-24 19:30:00+00:00,19.335,19.5,19.25,19.29,19.15531801840354,19.155318018403502,-3.907985046680551e-14,-2.0401567037028258e-13,0,0,0,0
2026-02-24 20:00:00+00:00,19.28,19.3819,19.225,19.3,19.161212700627978,19.161212700627935,-4.263256414560601e-14,-2.224940812029543e-13,0,0,0,0
2026-02-24 20:30:00+00:00,19.31,19.47,19.285,19.44,19.169515903072636,19.169515903072593,-4.263256414560601e-14,-2.2239770874324758e-13,0,0,0,0
2026-02-25 14:30:00+00:00,20.5,21.1399,20.485,21.05,19.19543639760536,19.19543639760532,-3.907985046680551e-14,-2.0358927849997064e-13,1,0,1,0
2026-02-25 15:00:00+00:00,21.04,21.31,20.865,21.3,19.267541886524576,19.267541886524544,-3.197442310920451e-14,-1.6594967483406345e-13,0,0,0,0
2026-02-25 15:30:00+00:00,21.305,21.725,21.1,21.525,19.408263155950912,19.408263155950884,-2.842170943040401e-14,-1.4644128226223795e-13,0,0,0,0
2026-02-25 16:00:00+00:00,21.525,21.84,21.39,21.7792,19.625666826690875,19.625666826690846,-2.842170943040401e-14,-1.4481907637273516e-13,0,0,0,0
2026-02-25 16:30:00+00:00,21.78,21.88,21.68,21.8299,19.89647623551365,19.89647623551362,-2.842170943040401e-14,-1.4284795505484276e-13,0,0,0,0
2026-02-25 17:00:00+00:00,21.82,22.09,21.75,21.8963,20.20254295244154,20.202542952441526,-1.4210854715202004e-14,-7.034191066270981e-14,0,0,0,0
2026-02-25 17:30:00+00:00,21.895,22.17,21.825,22.115,20.5194535126858,20.519453512685793,-7.105427357601002e-15,-3.4627761178962164e-14,0,0,0,0
2026-02-25 18:00:00+00:00,22.115,22.1599,21.9,22.1337,20.833541660737104,20.8335416607371,-3.552713678800501e-15,-1.7052855134544624e-14,0,0,0,0
2026-02-25 18:30:00+00:00,22.135,22.165,21.935,21.975,21.123944405225146,21.12394440522514,-7.105427357601002e-15,-3.3636839887930346e-14,0,0,0,0
2026-02-25 19:00:00+00:00,21.975,22.0,21.76,21.815,21.374873670740477,21.374873670740463,-1.4210854715202004e-14,-6.648392376070453e-14,0,0,0,0
2026-02-25 19:30:00+00:00,21.815,21.94,21.69,21.8552,21.58026234364224,21.580262343642218,-2.1316282072803006e-14,-9.877675133584739e-14,0,0,0,0
2026-02-25 20:00:00+00:00,21.855,21.98,21.525,21.535,21.73747237161451,21.737472371614487,-2.1316282072803006e-14,-9.80623768411938e-14,0,0,0,0
2026-02-25 20:30:00+00:00,21.535,21.845,21.45,21.48,21.85003528181149,21.850035281811472,-1.7763568394002505e-14,-8.129766457992559e-14,0,0,0,0
2026-02-26 14:30:00+00:00,21.45,21.6,21.0,21.34,21.925274538387004,21.925274538386994,-1.0658141036401503e-14,-4.8611209030660553e-14,0,0,0,0
2026-02-26 15:00:00+00:00,21.335,21.39,20.76,20.8614,21.96821874829948,21.96821874829948,0.0,0.0,0,0,0,0
2026-02-26 15:30:00+00:00,20.85,21.115,20.64,21.05,21.97946847802985,21.979468478029858,7.105427357601002e-15,3.2327566814017436e-14,0,0,0,0
2026-02-26 16:00:00+00:00,21.05,21.13,20.815,21.025,21.961504121016635,21.96150412101665,1.4210854715202004e-14,6.470802107585407e-14,0,1,0,1
2026-02-26 16:30:00+00:00,21.02,21.03,20.105,20.14,21.924821392529907,21.924821392529932,2.4868995751603507e-14,1.1342849871550934e-13,0,0,0,0
2026-02-26 17:00:00+00:00,20.135,20.4362,20.125,20.39,21.86908282482947,21.86908282482951,3.907985046680551e-14,1.7869908299233965e-13,0,0,0,0
2026-02-26 17:30:00+00:00,20.38,20.47,20.04,20.19,21.796303258970205,21.79630325897026,5.3290705182007514e-14,2.4449423624199155e-13,0,0,0,0
2026-02-26 18:00:00+00:00,20.195,20.22,19.915,19.995,21.70471710844738,21.704717108447447,6.750155989720952e-14,3.1099949176917955e-13,0,0,0,0
2026-02-26 18:30:00+00:00,19.995,20.2381,19.96,20.15,21.59379015833612,21.593790158336198,7.815970093361102e-14,3.61954526558359e-13,0,0,0,0
2026-02-26 19:00:00+00:00,20.145,20.64,20.13,20.54,21.471822903256015,21.471822903256104,8.881784197001252e-14,4.1364835379926713e-13,0,0,0,0
2026-02-26 19:30:00+00:00,20.54,20.665,20.44,20.515,21.345950440964337,21.345950440964433,9.592326932761353e-14,4.493745527654286e-13,0,0,0,0
2026-02-26 20:00:00+00:00,20.51,20.845,20.475,20.675,21.224983459792856,21.22498345979295,9.237055564881302e-14,4.35197303327908e-13,0,0,0,0
2026-02-26 20:30:00+00:00,20.675,20.785,20.385,20.415,21.11285905008123,21.112859050081315,8.526512829121202e-14,4.038540118557935e-13,0,0,0,0
2026-02-27 14:30:00+00:00,19.74,19.85,19.415,19.5205,21.00225520268144,21.002255202681514,7.460698725481052e-14,3.5523321917012584e-13,0,0,0,0
2026-02-27 15:00:00+00:00,19.52,19.785,19.445,19.705,20.879691295911694,20.879691295911766,7.105427357601002e-14,3.4030327637038705e-13,0,0,0,0
2026-02-27 15:30:00+00:00,19.7,19.72,19.415,19.455,20.738928956099983,20.738928956100043,6.039613253960852e-14,2.9122107832788575e-13,0,0,0,0
2026-02-27 16:00:00+00:00,19.45,19.465,19.22,19.275,20.583599368059055,20.58359936805911,5.684341886080802e-14,2.761587895507515e-13,0,0,0,0
2026-02-27 16:30:00+00:00,19.28,19.36,19.12,19.1924,20.418605334211257,20.418605334211307,4.973799150320701e-14,2.435915219923042e-13,0,0,0,0
2026-02-27 17:00:00+00:00,19.2,19.3,19.03,19.045,20.248437045763527,20.248437045763573,4.618527782440651e-14,2.280930509353541e-13,0,0,0,0
2026-02-27 17:30:00+00:00,19.05,19.23,19.035,19.225,20.07981968966201,20.07981968966205,3.907985046680551e-14,1.9462251688906137e-13,0,0,0,0
2026-02-27 18:00:00+00:00,19.225,19.235,18.93,19.025,19.917446089283295,19.917446089283327,3.197442310920451e-14,1.605347541340079e-13,0,0,0,0
2026-02-27 18:30:00+00:00,19.029,19.1,18.975,19.0,19.765380863362157,19.765380863362186,2.842170943040401e-14,1.4379540483880855e-13,0,0,0,0
2026-02-27 19:00:00+00:00,18.995,19.0951,18.91,18.935,19.624846165996225,19.62484616599625,2.4868995751603507e-14,1.267219907929458e-13,0,0,0,0
2026-02-27 19:30:00+00:00,18.93,18.99,18.885,18.93,19.495929581017695,19.495929581017716,2.1316282072803006e-14,1.0933709000240597e-13,0,0,0,0
2026-02-27 20:00:00+00:00,18.925,19.1,18.88,19.025,19.380629923613544,19.38062992361356,1.7763568394002505e-14,9.165630046090093e-14,0,0,0,0
2026-02-27 20:30:00+00:00,19.025,19.125,18.88,19.005,19.279654964435885,19.279654964435906,2.1316282072803006e-14,1.1056360765856014e-13,0,0,0,0
2026-03-02 14:30:00+00:00,18.9,19.92,18.82,19.885,19.193720025991325,19.193720025991354,2.842170943040401e-14,1.4807817031777334e-13,0,0,0,0
2026-03-02 15:00:00+00:00,19.885,20.81,19.825,20.49,19.12670933120644,19.12670933120647,3.197442310920451e-14,1.6717158480071745e-13,0,0,0,0
2026-03-02 15:30:00+00:00,20.485,21.015,20.4301,20.8299,19.08782615012923,19.08782615012926,2.842170943040401e-14,1.4889966624204393e-13,0,0,0,0
2026-03-02 16:00:00+00:00,20.82,21.16,20.68,20.72,19.080716529853976,19.080716529854,2.4868995751603507e-14,1.303357539675887e-13,0,0,0,0
2026-03-02 16:30:00+00:00,20.712718,20.995,20.56,20.915,19.101955838467113,19.101955838467134,2.1316282072803006e-14,1.1159214403520256e-13,1,0,1,0
2026-03-02 17:00:00+00:00,20.915,20.96,20.69,20.72,19.146146756051948,19.146146756051962,1.4210854715202004e-14,7.422305331860085e-14,0,0,0,0
2026-03-02 17:30:00+00:00,20.715,20.765,20.54,20.66,19.207956596642795,19.2079565966428,3.552713678800501e-15,1.8496052200687768e-14,0,0,0,0
2026-03-02 18:00:00+00:00,20.655,20.68,20.46,20.53,19.291834619137347,19.29183461913734,-7.105427357601002e-15,-3.683126824315856e-14,0,0,0,0
2026-03-02 18:30:00+00:00,20.54,20.735,20.505,20.54,19.389219440701098,19.389219440701083,-1.4210854715202004e-14,-7.329255702460681e-14,0,0,0,0
2026-03-02 19:00:00+00:00,20.55,20.55,20.315,20.395,19.49284682365564,19.492846823655626,-1.4210854715202004e-14,-7.290292097281733e-14,0,0,0,0
2026-03-02 19:30:00+00:00,20.395,20.62,20.34,20.455,19.60070144279225,19.600701442792232,-1.7763568394002505e-14,-9.062720763258546e-14,0,0,0,0
2026-03-02 20:00:00+00:00,20.45,20.67,20.31,20.42,19.70875032711674,19.708750327116718,-2.1316282072803006e-14,-1.0815643670453579e-13,0,0,0,0
2026-03-02 20:30:00+00:00,20.41,20.52,20.32,20.425,19.814229190883076,19.81422919088305,-2.4868995751603507e-14,-1.2551079081615866e-13,0,0,0,0
2026-03-03 14:30:00+00:00,19.55,20.01,19.26,19.275,19.909289747860864,19.90928974786084,-2.4868995751603507e-14,-1.2491151651592962e-13,0,0,0,0
2026-03-03 15:00:00+00:00,19.28,19.41,18.98,18.985,19.987588100883613,19.98758810088358,-3.197442310920451e-14,-1.599713929855848e-13,0,0,0,0
2026-03-03 15:30:00+00:00,18.985,19.5798,18.9708,19.45,20.0428034722779,20.04280347227786,-3.907985046680551e-14,-1.949819570942688e-13,0,0,0,0
2026-03-03 16:00:00+00:00,19.45,20.16,19.405,20.109,20.074126665153862,20.07412666515382,-4.263256414560601e-14,-2.1237568566113878e-13,0,0,0,0
2026-03-03 16:30:00+00:00,20.1,20.1,19.6101,19.75,20.09018857034228,20.090188570342228,-5.3290705182007514e-14,-2.6525736677592364e-13,0,0,0,0
2026-03-03 17:00:00+00:00,19.76,19.845,19.53,19.815,20.097838193129988,20.097838193129924,-6.394884621840902e-14,-3.181876856798885e-13,0,0,0,0
2026-03-03 17:30:00+00:00,19.82,19.97,19.675,19.85,20.098782433988895,20.098782433988827,-6.750155989720952e-14,-3.35849000400433e-13,0,0,0,0
2026-03-03 18:00:00+00:00,19.845,20.11,19.7196,20.05,20.095258641119845,20.09525864111977,-7.460698725481052e-14,-3.7126661859502653e-13,0,0,0,0
2026-03-03 18:30:00+00:00,20.045,20.1798,19.935,19.965,20.089328745695084,20.08932874569501,-7.460698725481052e-14,-3.713762077331625e-13,0,0,0,0
2026-03-03 19:00:00+00:00,19.97,19.99,19.735,19.8101,20.081793010672456,20.08179301067238,-7.460698725481052e-14,-3.7151556743544106e-13,0,0,0,0
2026-03-03 19:30:00+00:00,19.815,20.03,19.7648,19.775,20.072142718059837,20.07214271805976,-7.815970093361102e-14,-3.89393907922382e-13,0,0,0,0
2026-03-03 20:00:00+00:00,19.78,19.875,19.6,19.635,20.0592592377578,20.059259237757725,-7.460698725481052e-14,-3.719329132273082e-13,0,0,0,0
2026-03-03 20:30:00+00:00,19.63,19.74,19.495,19.58,20.041534046275267,20.041534046275203,-6.394884621840902e-14,-3.190815936083194e-13,0,0,0,0
2026-03-04 14:30:00+00:00,21.0,21.42,20.66,20.785,20.02419649158297,20.02419649158291,-6.039613253960852e-14,-3.016157605374858e-13,0,0,0,0
2026-03-04 15:00:00+00:00,20.79,21.5,20.79,21.4801,20.017098705512677,20.01709870551263,-4.618527782440651e-14,-2.3072913064912434e-13,0,0,0,0
2026-03-04 15:30:00+00:00,21.485,21.867,21.27,21.795,20.03168918795262,20.03168918795258,-3.907985046680551e-14,-1.950901399284328e-13,0,0,0,0
2026-03-04 16:00:00+00:00,21.8,21.855,21.325,21.595,20.072715023823548,20.072715023823513,-3.552713678800501e-14,-1.7699218439478262e-13,0,0,0,0
2026-03-04 16:30:00+00:00,21.595,21.62,21.4301,21.5199,20.13587676337274,20.135876763372707,-3.197442310920451e-14,-1.5879329956650383e-13,0,0,0,0
2026-03-04 17:00:00+00:00,21.515,21.75,21.3619,21.42,20.215234699484647,20.21523469948462,-2.842170943040401e-14,-1.4059549568884585e-13,0,0,0,0
2026-03-04 17:30:00+00:00,21.42,21.5,21.24,21.3027,20.30392031073331,20.30392031073329,-2.1316282072803006e-14,-1.0498604085603373e-13,0,0,0,0
2026-03-04 18:00:00+00:00,21.305,21.35,21.11,21.25,20.401668380880498,20.401668380880484,-1.4210854715202004e-14,-6.965535587530557e-14,0,0,0,0
2026-03-04 18:30:00+00:00,21.255,21.36,21.135,21.2899,20.505752032865587,20.50575203286558,-7.105427357601002e-15,-3.465089866595861e-14,0,0,0,0
2026-03-04 19:00:00+00:00,21.285,21.57,21.28,21.455,20.6106073717909,20.61060737179089,-7.105427357601002e-15,-3.4474614112177895e-14,0,0,0,0
2026-03-04 19:30:00+00:00,21.455,21.71,21.375,21.635,20.714186332337547,20.71418633233754,-7.105427357601002e-15,-3.430222767914616e-14,0,0,0,0
2026-03-04 20:00:00+00:00,21.6338,21.66,21.33,21.385,20.816210311142044,20.816210311142036,-7.105427357601002e-15,-3.413410631135757e-14,0,0,0,0
2026-03-04 20:30:00+00:00,21.395,21.425,21.07,21.09,20.912883116699746,20.912883116699735,-1.0658141036401503e-14,-5.096447475427511e-14,0,0,0,0
2026-03-05 14:30:00+00:00,21.03,21.3,20.825,21.15,20.99905579273297,20.999055792732953,-1.7763568394002505e-14,-8.45922243806307e-14,0,0,0,0
2026-03-05 15:00:00+00:00,21.15,21.34,20.51,20.5197,21.07128729424169,21.07128729424166,-2.842170943040401e-14,-1.3488359317359325e-13,0,0,0,0
2026-03-05 15:30:00+00:00,20.52,20.545,20.3201,20.535,21.127332021256834,21.127332021256798,-3.552713678800501e-14,-1.6815723231054498e-13,0,0,0,0
2026-03-05 16:00:00+00:00,20.53,20.55,20.05,20.18,21.164874665102605,21.164874665102563,-4.263256414560601e-14,-2.0143074230389887e-13,0,0,0,0
2026-03-05 16:30:00+00:00,20.19,20.515,20.165,20.395,21.182441538805108,21.182441538805058,-4.973799150320701e-14,-2.348076420373433e-13,0,0,0,0
2026-03-05 17:00:00+00:00,20.4,20.58,20.125,20.21,21.18134941962462,21.181349419624564,-5.684341886080802e-14,-2.683654272193929e-13,0,0,0,0
2026-03-05 17:30:00+00:00,20.205,20.23,19.93,19.945,21.165424750609507,21.165424750609443,-6.394884621840902e-14,-3.0213826073378216e-13,0,0,0,0
2026-03-05 18:00:00+00:00,19.945,20.255,19.9273,20.115,21.13139883123468,21.131398831234613,-6.750155989720952e-14,-3.1943725276451796e-13,0,1,0,1
2026-03-05 18:30:00+00:00,20.115,20.23,20.055,20.105,21.078210561976636,21.078210561976565,-7.105427357601002e-14,-3.37098224572185e-13,0,0,0,0
2026-03-05 19:00:00+00:00,20.1,20.38,20.08,20.205,21.004112358983537,21.00411235898346,-7.815970093361102e-14,-3.7211618181132904e-13,0,0,0,0
2026-03-05 19:30:00+00:00,20.205,20.205,20.0,20.025,20.918096604489833,20.918096604489754,-7.815970093361102e-14,-3.736463331794487e-13,0,0,0,0
2026-03-05 20:00:00+00:00,20.02,20.42,20.015,20.315,20.82913535959792,20.829135359597846,-7.460698725481052e-14,-3.5818571422568507e-13,0,0,0,0
2026-03-05 20:30:00+00:00,20.31,20.4762,20.235,20.36,20.74294049127492,20.742940491274844,-7.460698725481052e-14,-3.596741131576422e-13,0,0,0,0
2026-03-06 14:30:00+00:00,19.53,19.57,19.03,19.18,20.655979604647875,20.655979604647804,-7.105427357601002e-14,-3.439888832966404e-13,0,0,0,0
2026-03-06 15:00:00+00:00,19.18,19.56,19.175,19.48,20.56176024562979,20.561760245629724,-6.750155989720952e-14,-3.2828687374446137e-13,0,0,0,0
2026-03-06 15:30:00+00:00,19.476,19.555,19.06,19.271,20.4536065672754,20.453606567275337,-6.394884621840902e-14,-3.126531548755001e-13,0,0,0,0
2026-03-06 16:00:00+00:00,19.28,19.4,19.129,19.235,20.32935034416424,20.329350344164183,-5.684341886080802e-14,-2.7961256950409895e-13,0,0,0,0
2026-03-06 16:30:00+00:00,19.24,19.38,19.17,19.32,20.1948172758172,20.19481727581715,-4.973799150320701e-14,-2.4629087168204806e-13,0,0,0,0
2026-03-06 17:00:00+00:00,19.33,19.37,19.105,19.18,20.057985894155863,20.057985894155824,-3.907985046680551e-14,-1.9483437007597008e-13,0,0,0,0
2026-03-06 17:30:00+00:00,19.175,19.25,19.025,19.175,19.92496719644051,19.924967196440477,-3.197442310920451e-14,-1.604741568403514e-13,0,0,0,0
2026-03-06 18:00:00+00:00,19.17,19.39,19.165,19.305,19.800129744493603,19.800129744493578,-2.4868995751603507e-14,-1.256001656177003e-13,0,0,0,0
2026-03-06 18:30:00+00:00,19.3,19.435,19.08,19.09,19.68634680917964,19.686346809179625,-1.4210854715202004e-14,-7.218634748716079e-14,0,0,0,0
2026-03-06 19:00:00+00:00,19.09,19.31,19.075,19.095,19.584743857517463,19.584743857517466,3.552713678800501e-15,1.8140210077022873e-14,0,0,0,0
2026-03-06 19:30:00+00:00,19.1,19.23,19.065,19.08,19.49447971165686,19.494479711656872,1.0658141036401503e-14,5.4672610882907494e-14,0,0,0,0
2026-03-06 20:00:00+00:00,19.08,19.18,18.85,18.875,19.413707593640165,19.413707593640186,2.1316282072803006e-14,1.098001603763009e-13,0,0,0,0
2026-03-06 20:30:00+00:00,18.875,19.06,18.84,18.89,19.34000013615856,19.340000136158583,2.1316282072803006e-14,1.1021862421267275e-13,0,0,0,0
2026-03-09 13:30:00+00:00,19.76,19.79,19.27,19.4199,19.27438123901165,19.274381239011674,2.4868995751603507e-14,1.2902616920987465e-13,0,0,0,0
2026-03-09 14:00:00+00:00,19.415,19.9,19.38,19.74,19.220354482595084,19.220354482595106,2.1316282072803006e-14,1.1090472910947548e-13,0,0,0,0
2026-03-09 14:30:00+00:00,19.74,19.86,19.57,19.685,19.181404397182177,19.181404397182188,1.0658141036401503e-14,5.55649670676211e-14,0,0,0,0
2026-03-09 15:00:00+00:00,19.69,19.845,19.61,19.835,19.158614716611943,19.158614716611943,0.0,0.0,0,0,0,0
2026-03-09 15:30:00+00:00,19.84,19.886,19.62,19.735,19.14993100914366,19.14993100914365,-1.0658141036401503e-14,-5.565628947337972e-14,0,0,0,0
2026-03-09 16:00:00+00:00,19.74,19.9093,19.595,19.845,19.15371006817083,19.15371006817081,-2.1316282072803006e-14,-1.112906167887854e-13,0,0,0,0
2026-03-09 16:30:00+00:00,19.85,20.1,19.78,20.085,19.167895552872096,19.167895552872068,-2.842170943040401e-14,-1.4827767269498362e-13,0,0,0,0
2026-03-09 17:00:00+00:00,20.085,20.1,19.84,19.875,19.195921498078032,19.195921498078,-3.197442310920451e-14,-1.6656883657502926e-13,0,0,0,0
2026-03-09 17:30:00+00:00,19.87,20.02,19.78,20.0,19.234227751354453,19.234227751354418,-3.552713678800501e-14,-1.8470789286304064e-13,0,0,0,0
2026-03-09 18:00:00+00:00,20.0,20.14,19.88,19.9439,19.282796238573823,19.282796238573784,-3.907985046680551e-14,-2.0266692643170252e-13,0,0,0,0
2026-03-09 18:30:00+00:00,19.94,20.055,19.9,19.915,19.33843393361057,19.338433933610528,-4.263256414560601e-14,-2.2045510144184838e-13,0,0,0,0
2026-03-09 19:00:00+00:00,19.92,20.545,19.9,20.505,19.401841052459936,19.401841052459897,-3.907985046680551e-14,-2.0142341317578532e-13,1,0,1,0
2026-03-09 19:30:00+00:00,20.505,20.74,20.38,20.697,19.479685811585664,19.479685811585632,-3.197442310920451e-14,-1.641423964353035e-13,0,0,0,0
2026-03-10 13:30:00+00:00,20.62,21.09,20.48,20.71,19.57927898568257,19.579278985682542,-2.842170943040401e-14,-1.451621862643027e-13,0,0,0,0
2026-03-10 14:00:00+00:00,20.72,20.785,20.345,20.43,19.68782509742546,19.68782509742543,-2.842170943040401e-14,-1.4436185454593793e-13,0,0,0,0
2026-03-10 14:30:00+00:00,20.43,21.31,20.4,21.23,19.80866306415429,19.80866306415426,-2.842170943040401e-14,-1.4348120990475057e-13,0,0,0,0
2026-03-10 15:00:00+00:00,21.22,21.3,20.95,21.15,19.941138655508063,19.94113865550803,-3.197442310920451e-14,-1.6034401877233153e-13,0,0,0,0
2026-03-10 15:30:00+00:00,21.15,21.27,21.02,21.225,20.0868180498928,20.08681804989276,-3.907985046680551e-14,-1.9455470931103535e-13,0,0,0,0
2026-03-10 16:00:00+00:00,21.215,21.365,21.08,21.29,20.24871705207545,20.248717052075406,-4.263256414560601e-14,-2.1054452010941733e-13,0,0,0,0
2026-03-10 16:30:00+00:00,21.29,21.425,21.18,21.385,20.41968799117077,20.419687991170726,-4.263256414560601e-14,-2.0878166289337933e-13,0,0,0,0
2026-03-10 17:00:00+00:00,21.385,21.48,21.17,21.225,20.585606193699928,20.585606193699896,-3.197442310920451e-14,-1.5532417558337458e-13,0,0,0,0
2026-03-10 17:30:00+00:00,21.225,21.34,21.032,21.105,20.735901501465023,20.735901501465,-2.1316282072803006e-14,-1.0279891651345362e-13,0,0,0,0
2026-03-10 18:00:00+00:00,21.105,21.15,20.77,20.81,20.865190072637684,20.865190072637667,-1.7763568394002505e-14,-8.513494644507168e-14,0,0,0,0
2026-03-10 18:30:00+00:00,20.81,21.04,20.715,20.755,20.97028078920316,20.970280789203148,-1.0658141036401503e-14,-5.082498009225034e-14,0,0,0,0
2026-03-10 19:00:00+00:00,20.755,20.925,20.66,20.785,21.050519299357227,21.05051929935722,-7.105427357601002e-15,-3.3754166614872845e-14,0,0,0,0
2026-03-10 19:30:00+00:00,20.785,20.91,20.66,20.77,21.107274602689532,21.10727460268953,-3.552713678800501e-15,-1.6831702555988954e-14,0,0,0,0
2026-03-11 13:30:00+00:00,20.87,21.49,20.79,21.065,21.14418752794616,21.144187527946162,3.552713678800501e-15,1.680231824516737e-14,0,0,0,0
2026-03-11 14:00:00+00:00,21.07,21.25,20.82,21.1448,21.168048299191405,21.16804829919141,3.552713678800501e-15,1.6783378555198263e-14,0,0,0,0
2026-03-11 14:30:00+00:00,21.14,21.29,20.91,20.94,21.183974575054965,21.183974575054965,0.0,0.0,0,0,0,0
2026-03-11 15:00:00+00:00,20.94,21.028,20.59,20.6,21.19358005636575,21.193580056365747,-3.552713678800501e-15,-1.6763159736825114e-14,0,0,0,0
2026-03-11 15:30:00+00:00,20.605,20.7699,20.39,20.6904,21.195001087414497,21.19500108741449,-7.105427357601002e-15,-3.3524071682261795e-14,0,0,0,0
2026-03-11 16:00:00+00:00,20.695,20.7983,20.59,20.7559,21.18762387661457,21.187623876614555,-1.4210854715202004e-14,-6.707148851593009e-14,0,0,0,0
2026-03-11 16:30:00+00:00,20.755,20.965,20.74,20.825,21.173476413909235,21.173476413909217,-1.7763568394002505e-14,-8.389537951516217e-14,0,1,0,1
2026-03-11 17:00:00+00:00,20.82,21.18,20.78,21.125,21.1556433239984,21.155643323998383,-1.7763568394002505e-14,-8.396609888885762e-14,0,0,0,0
2026-03-11 17:30:00+00:00,21.13,21.145,20.685,20.83,21.136700457802856,21.136700457802835,-2.1316282072803006e-14,-1.0084961990807726e-13,0,0,0,0
2026-03-11 18:00:00+00:00,20.83,20.99,20.785,20.955,21.117971835591444,21.117971835591415,-2.842170943040401e-14,-1.3458541213935666e-13,0,0,0,0
2026-03-11 18:30:00+00:00,20.95,21.12,20.87,21.065,21.099627967137067,21.099627967137035,-3.197442310920451e-14,-1.5154022222100349e-13,0,0,0,0
2026-03-11 19:00:00+00:00,21.065,21.085,20.92,20.935,21.08228422942494,21.0822842294249,-3.907985046680551e-14,-1.8536819844341645e-13,0,0,0,0
2026-03-11 19:30:00+00:00,20.935,21.15,20.92,21.035,21.066510575265195,21.06651057526515,-4.618527782440651e-14,-2.1923553812767643e-13,0,0,0,0
2026-03-12 13:30:00+00:00,20.87,21.3,20.5701,20.75,21.052220278693873,21.05222027869382,-5.3290705182007514e-14,-2.53135795068328e-13,0,0,0,0
2026-03-12 14:00:00+00:00,20.76,21.095,20.4906,20.51,21.037820393217352,21.03782039321729,-6.039613253960852e-14,-2.870836018691384e-13,0,0,0,0
2026-03-12 14:30:00+00:00,20.5,20.59,20.165,20.275,21.01922996897211,21.019229968972045,-6.394884621840902e-14,-3.0423971911819883e-13,0,0,0,0
2026-03-12 15:00:00+00:00,20.27,20.66,20.155,20.55,20.994906958264576,20.99490695826451,-6.394884621840902e-14,-3.0459218678859526e-13,0,0,0,0
2026-03-12 15:30:00+00:00,20.55,20.805,20.45,20.685,20.96629476461458,20.96629476461452,-6.039613253960852e-14,-2.880629754454316e-13,0,0,0,0
2026-03-12 16:00:00+00:00,20.685,20.77,20.44,20.505,20.935449014307565,20.935449014307512,-5.3290705182007514e-14,-2.5454770588196097e-13,0,0,0,0
2026-03-12 16:30:00+00:00,20.505,20.72,20.495,20.665,20.9043949710408,20.904394971040755,-4.618527782440651e-14,-2.2093573092351024e-13,0,0,0,0
2026-03-12 17:00:00+00:00,20.66,20.945,20.655,20.725,20.874218803917675,20.874218803917632,-4.263256414560601e-14,-2.0423549521098594e-13,0,0,0,0
2026-03-12 17:30:00+00:00,20.725,20.855,20.68,20.72,20.84653003684725,20.84653003684721,-3.907985046680551e-14,-1.8746453437444977e-13,0,0,0,0
2026-03-12 18:00:00+00:00,20.72,20.775,20.5,20.535,20.821716153105513,20.821716153105477,-3.552713678800501e-14,-1.706254015123831e-13,0,0,0,0
2026-03-12 18:30:00+00:00,20.53,20.62,20.36,20.4,20.79836873851618,20.79836873851615,-3.197442310920451e-14,-1.5373524487039008e-13,0,0,0,0
2026-03-12 19:00:00+00:00,20.405,20.495,20.32,20.495,20.77473265057877,20.774732650578738,-3.197442310920451e-14,-1.5391015445059756e-13,0,0,0,0
2026-03-12 19:30:00+00:00,20.49,20.75,20.475,20.56,20.750488205230397,20.750488205230365,-3.197442310920451e-14,-1.5408997992223137e-13,0,0,0,0
2026-03-13 13:30:00+00:00,21.76,22.375,21.67,22.225,20.73147842107172,20.73147842107169,-3.197442310920451e-14,-1.5423127313826943e-13,0,0,0,0
2026-03-13 14:00:00+00:00,22.225,22.75,22.15,22.635,20.736172973013915,20.73617297301389,-2.4868995751603507e-14,-1.1993049915222086e-13,0,0,0,0
2026-03-13 14:30:00+00:00,22.635,22.76,21.76,21.79,20.77109602712179,20.77109602712177,-1.7763568394002505e-14,-8.55206117713181e-14,1,0,1,0
2026-03-13 15:00:00+00:00,21.8,22.345,21.63,22.015,20.83095748920905,20.830957489209034,-1.7763568394002505e-14,-8.527485307962666e-14,0,0,0,0
2026-03-13 15:30:00+00:00,22.01,22.24,21.53,21.57,20.90324393615061,20.903243936150595,-1.4210854715202004e-14,-6.798396822335017e-14,0,0,0,0
2026-03-13 16:00:00+00:00,21.57,21.61,21.08,21.125,20.97753706250522,20.977537062505213,-7.105427357601002e-15,-3.387159958973965e-14,0,0,0,0
2026-03-13 16:30:00+00:00,21.135,21.655,21.125,21.4366,21.047809586827675,21.047809586827675,0.0,0.0,0,0,0,0
2026-03-13 17:00:00+00:00,21.435,21.495,21.19,21.275,21.111033367143293,21.1110333671433,7.105427357601002e-15,3.365741143045948e-14,0,0,0,0
2026-03-13 17:30:00+00:00,21.28,21.29,20.81,20.91,21.166042433553113,21.16604243355312,7.105427357601002e-15,3.3569938168210617e-14,0,0,0,0
2026-03-13 18:00:00+00:00,20.92,20.99,20.71,20.805,21.21058612256572,21.21058612256573,1.0658141036401503e-14,5.02491584853585e-14,0,0,0,0
2026-03-13 18:30:00+00:00,20.805,20.93,20.77,20.82,21.242892522722062,21.24289252272207,7.105427357601002e-15,3.3448492713507894e-14,0,0,0,0
2026-03-13 19:00:00+00:00,20.82,21.035,20.67,20.695,21.263707166552944,21.26370716655295,7.105427357601002e-15,3.3415750611810465e-14,0,0,0,0
2026-03-13 19:30:00+00:00,20.7,20.88,20.49,20.54,21.274083716721247,21.274083716721254,7.105427357601002e-15,3.33994518975038e-14,0,0,0,0
2026-03-16 13:30:00+00:00,22.27,23.09,22.17,22.97,21.27703025512068,21.277030255120692,1.4210854715202004e-14,6.678965318377512e-14,0,0,0,0
2026-03-16 14:00:00+00:00,22.965,23.24,22.8,22.805,21.29347703491737,21.29347703491738,1.0658141036401503e-14,5.0053549351870154e-14,0,0,0,0
2026-03-16 14:30:00+00:00,22.805,22.935,22.41,22.935,21.3367175290547,21.33671752905472,2.1316282072803006e-14,9.990422399216812e-14,0,0,0,0
2026-03-16 15:00:00+00:00,22.935,23.04,22.78,22.86,21.40749085352814,21.40749085352817,2.842170943040401e-14,1.327652531764126e-13,0,0,0,0
2026-03-16 15:30:00+00:00,22.865,22.96,22.46,22.525,21.49791545189127,21.497915451891302,3.197442310920451e-14,1.4873266750331168e-13,0,0,0,0
2026-03-16 16:00:00+00:00,22.53,22.73,22.51,22.63,21.599146043359248,21.599146043359283,3.552713678800501e-14,1.6448398800899807e-13,0,0,0,0
2026-03-16 16:30:00+00:00,22.63,22.94,22.57,22.8813,21.704862075760293,21.70486207576033,3.907985046680551e-14,1.8005113476601805e-13,0,0,0,0
2026-03-16 17:00:00+00:00,22.89,23.1198,22.865,23.015,21.81007938661334,21.810079386613378,3.907985046680551e-14,1.7918252278711131e-13,0,0,0,0
2026-03-16 17:30:00+00:00,23.02,23.22,22.91,23.155,21.915376690834258,21.915376690834297,3.907985046680551e-14,1.783216004822313e-13,0,0,0,0
2026-03-16 18:00:00+00:00,23.1586,23.485,23.12,23.38,22.02400131069852,22.02400131069856,3.907985046680551e-14,1.7744210016833696e-13,0,0,0,0
2026-03-16 18:30:00+00:00,23.385,23.47,23.12,23.165,22.13598244933853,22.13598244933857,3.907985046680551e-14,1.7654445903291406e-13,0,0,0,0
2026-03-16 19:00:00+00:00,23.18,23.53,23.17,23.365,22.251960068164216,22.251960068164255,3.907985046680551e-14,1.7562430611547289e-13,0,0,0,0
2026-03-16 19:30:00+00:00,23.365,23.47,23.22,23.385,22.373565778152333,22.373565778152376,4.263256414560601e-14,1.9054881357908753e-13,0,0,0,0
2026-03-17 13:30:00+00:00,23.3,23.67,23.27,23.425,22.49618064436745,22.496180644367495,4.618527782440651e-14,2.0530275140713852e-13,0,0,0,0
2026-03-17 14:00:00+00:00,23.43,23.56,23.25,23.43,22.617963462530145,22.617963462530188,4.263256414560601e-14,1.884898444381736e-13,0,0,0,0
2026-03-17 14:30:00+00:00,23.435,23.72,23.4,23.64,22.740138153556117,22.74013815355616,4.263256414560601e-14,1.8747715540566806e-13,0,0,0,0
2026-03-17 15:00:00+00:00,23.635,23.85,23.31,23.345,22.86090001132781,22.86090001132785,3.907985046680551e-14,1.7094624641829957e-13,0,0,0,0
2026-03-17 15:30:00+00:00,23.345,23.4299,22.97,23.13,22.972543756376393,22.97254375637642,2.842170943040401e-14,1.2372034081996302e-13,0,0,0,0
2026-03-17 16:00:00+00:00,23.13,23.41,23.0911,23.37,23.069647878714022,23.069647878714047,2.4868995751603507e-14,1.077996330171546e-13,0,0,0,0
2026-03-17 16:30:00+00:00,23.37,23.405,23.24,23.305,23.14959313205492,23.149593132054935,1.4210854715202004e-14,6.138706038649305e-14,0,0,0,0
2026-03-17 17:00:00+00:00,23.305,23.43,23.16,23.375,23.217044156393456,23.217044156393467,1.0658141036401503e-14,4.5906537303399535e-14,0,0,0,0
2026-03-17 17:30:00+00:00,23.3701,23.7599,23.3701,23.72,23.274332706031263,23.274332706031263,0.0,0.0,0,0,0,0
2026-03-17 18:00:00+00:00,23.72,23.726,23.3,23.345,23.324470614805076,23.324470614805065,-1.0658141036401503e-14,-4.569510370638941e-14,0,0,0,0
2026-03-17 18:30:00+00:00,23.34,23.5901,23.33,23.47,23.368676024511036,23.368676024511014,-2.1316282072803006e-14,-9.121732891690011e-14,0,0,0,0
2026-03-17 19:00:00+00:00,23.47,23.505,23.3,23.37,23.40626449095232,23.40626449095229,-3.197442310920451e-14,-1.3660626248825057e-13,0,0,0,0
2026-03-17 19:30:00+00:00,23.365,23.375,23.07,23.25,23.436392283095827,23.43639228309579,-3.907985046680551e-14,-1.6674857629428303e-13,0,0,0,0
2026-03-18 13:30:00+00:00,22.43,22.54,22.02,22.44,23.456207055799982,23.456207055799943,-3.907985046680551e-14,-1.6660771442645624e-13,0,0,0,0
2026-03-18 14:00:00+00:00,22.43,22.47,22.03,22.11,23.456344791791775,23.45634479179173,-4.618527782440651e-14,-1.9689886994059028e-13,0,0,0,0
2026-03-18 14:30:00+00:00,22.1001,22.175,21.85,21.92,23.428023002073346,23.42802300207329,-5.684341886080802e-14,-2.426300283885561e-13,0,1,0,1
2026-03-18 15:00:00+00:00,21.93,22.0801,21.73,21.955,23.364741988269515,23.364741988269458,-5.684341886080802e-14,-2.4328716700294305e-13,0,0,0,0
2026-03-18 15:30:00+00:00,21.955,22.08,21.925,22.055,23.277184633745794,23.277184633745737,-5.684341886080802e-14,-2.442022940282907e-13,0,0,0,0
2026-03-18 16:00:00+00:00,22.05,22.06,21.815,21.875,23.169882091787112,23.169882091787056,-5.684341886080802e-14,-2.453332245525624e-13,0,0,0,0
2026-03-18 16:30:00+00:00,21.875,21.945,21.66,21.815,23.048480169345055,23.048480169344998,-5.684341886080802e-14,-2.466254540132799e-13,0,0,0,0
2026-03-18 17:00:00+00:00,21.81,22.01,21.725,21.98,22.918666379023545,22.9186663790235,-4.618527782440651e-14,-2.0151817326804795e-13,0,0,0,0
2026-03-18 17:30:00+00:00,21.975,22.11,21.8829,21.955,22.787714941717795,22.787714941717763,-3.197442310920451e-14,-1.4031430176734604e-13,0,0,0,0
2026-03-18 18:00:00+00:00,21.96,22.12,21.765,21.86,22.658714731188763,22.658714731188738,-2.4868995751603507e-14,-1.0975466193310774e-13,0,0,0,0
2026-03-18 18:30:00+00:00,21.855,21.99,21.5301,21.575,22.53490937717793,22.53490937717791,-1.7763568394002505e-14,-7.882689074397802e-14,0,0,0,0
2026-03-18 19:00:00+00:00,21.575,21.735,21.5601,21.6367,22.416181020928697,22.416181020928686,-1.0658141036401503e-14,-4.754664064521343e-14,0,0,0,0
2026-03-18 19:30:00+00:00,21.635,21.8,21.41,21.43,22.298734767528423,22.298734767528416,-7.105427357601002e-15,-3.1864710853227317e-14,0,0,0,0
2026-03-19 13:30:00+00:00,20.7,21.09,20.45,21.0407,22.174657596524536,22.17465759652454,3.552713678800501e-15,1.602150411268277e-14,0,0,0,0
2026-03-19 14:00:00+00:00,21.045,21.13,20.475,20.535,22.03502425383109,22.035024253831104,1.4210854715202004e-14,6.449212195775664e-14,0,0,0,0
2026-03-19 14:30:00+00:00,20.535,20.6799,20.45,20.605,21.848049057711936,21.848049057711954,1.7763568394002505e-14,8.130505541744155e-14,0,0,0,0
2026-03-19 15:00:00+00:00,20.605,20.96,20.6,20.6786,21.65072697744853,21.65072697744855,1.7763568394002505e-14,8.204605975820163e-14,0,0,0,0
2026-03-19 15:30:00+00:00,20.67,20.82,20.46,20.71,21.454849596932068,21.454849596932085,1.7763568394002505e-14,8.279511964764649e-14,0,0,0,0
2026-03-19 16:00:00+00:00,20.705,20.79,20.62,20.7,21.275260208515306,21.275260208515324,1.7763568394002505e-14,8.349401238764982e-14,0,0,0,0
2026-03-19 16:30:00+00:00,20.71,20.765,20.59,20.71,21.11845222871448,21.118452228714496,1.4210854715202004e-14,6.729117532524325e-14,0,0,0,0
2026-03-19 17:00:00+00:00,20.7053,20.77,20.53,20.745,20.985987656738423,20.985987656738438,1.4210854715202004e-14,6.771592048773087e-14,0,0,0,0
2026-03-19 17:30:00+00:00,20.75,20.79,20.6,20.725,20.87659307614758,20.876593076147596,1.7763568394002505e-14,8.508844488758158e-14,0,0,0,0
2026-03-19 18:00:00+00:00,20.725,20.9393,20.71,20.875,20.78760849121588,20.787608491215906,2.4868995751603507e-14,1.1963375085745084e-13,0,0,0,0
2026-03-19 18:30:00+00:00,20.87,20.905,20.64,20.8,20.71859288352182,20.718592883521847,2.842170943040401e-14,1.3717972832512545e-13,0,0,0,0
2026-03-19 19:00:00+00:00,20.795,21.38,20.775,21.07,20.66752752550206,20.667527525502095,3.552713678800501e-14,1.7189834025462113e-13,0,0,0,0
2026-03-19 19:30:00+00:00,21.065,21.245,21.01,21.12,20.6338075585562,20.63380755855624,3.907985046680551e-14,1.8939718399477033e-13,0,0,0,0
2026-03-20 13:30:00+00:00,21.15,21.23,20.54,20.5815,20.617342863774745,20.617342863774788,4.263256414560601e-14,2.067801094801243e-13,0,0,0,0
2026-03-20 14:00:00+00:00,20.58,20.935,20.535,20.7,20.613290859940378,20.613290859940424,4.618527782440651e-14,2.2405581980198236e-13,0,0,0,0
2026-03-20 14:30:00+00:00,20.7,20.92,20.67,20.74,20.615301050535287,20.615301050535333,4.618527782440651e-14,2.2403397219953422e-13,0,0,0,0
2026-03-20 15:00:00+00:00,20.74,20.87,20.55,20.625,20.620494701194907,20.62049470119495,4.263256414560601e-14,2.067485031924843e-13,0,0,0,0
2026-03-20 15:30:00+00:00,20.625,20.7797,20.5801,20.695,20.626886383779528,20.626886383779564,3.552713678800501e-14,1.722370314500916e-13,0,0,0,0
2026-03-20 16:00:00+00:00,20.699,20.85,20.69,20.78,20.633760587644492,20.63376058764452,2.842170943040401e-14,1.3774372010220448e-13,0,0,0,0
2026-03-20 16:30:00+00:00,20.785,20.785,20.575,20.655,20.641210694299108,20.64121069429913,2.1316282072803006e-14,1.0327050282322029e-13,0,0,0,0
2026-03-20 17:00:00+00:00,20.66,20.675,20.485,20.501,20.648137120229343,20.648137120229354,1.0658141036401503e-14,5.1617930345684957e-14,0,0,0,0
2026-03-20 17:30:00+00:00,20.5,20.63,20.39,20.585,20.65327508894513,20.653275088945122,-7.105427357601002e-15,-3.440339281300839e-14,0,0,0,0
2026-03-20 18:00:00+00:00,20.59,20.6,20.37,20.425,20.655784886587245,20.65578488658723,-1.4210854715202004e-14,-6.879842520256767e-14,0,0,0,0
2026-03-20 18:30:00+00:00,20.42,20.43,20.2237,20.265,20.65397476964189,20.653974769641867,-2.4868995751603507e-14,-1.2040779573410264e-13,0,0,0,0
2026-03-20 19:00:00+00:00,20.27,20.49,20.265,20.465,20.64784560093213,20.647845600932094,-3.552713678800501e-14,-1.7206219706719023e-13,0,0,0,0
2026-03-20 19:30:00+00:00,20.47,21.13,20.47,20.915,20.63954615109211,20.639546151092066,-4.263256414560601e-14,-2.065576628163899e-13,0,0,0,0
2026-03-23 13:30:00+00:00,21.2,21.675,20.96,21.605,20.634813292159432,20.63481329215938,-5.3290705182007514e-14,-2.5825629933010476e-13,0,0,0,0
2026-03-23 14:00:00+00:00,21.61,21.79,21.41,21.47,20.64248688840182,20.642486888401756,-6.394884621840902e-14,-3.0979235478812046e-13,0,0,0,0
2026-03-23 14:30:00+00:00,21.46,21.49,21.15,21.315,20.663799902232658,20.663799902232586,-7.105427357601002e-14,-3.438586993301887e-13,1,0,1,0
2026-03-23 15:00:00+00:00,21.32,21.445,21.07,21.11,20.69421993728166,20.694219937281584,-7.460698725481052e-14,-3.605208965639838e-13,0,0,0,0
2026-03-23 15:30:00+00:00,21.115,21.175,20.56,20.5701,20.727414156623396,20.72741415662332,-7.815970093361102e-14,-3.770837034615592e-13,0,0,0,0
2026-03-23 16:00:00+00:00,20.5751,20.84,20.53,20.68,20.758621968064205,20.758621968064123,-8.171241461241152e-14,-3.9363120894113675e-13,0,0,0,0
2026-03-23 16:30:00+00:00,20.685,20.905,20.66,20.825,20.784539055316205,20.78453905531612,-8.526512829121202e-14,-4.102334339206968e-13,0,0,0,0
2026-03-23 17:00:00+00:00,20.83,20.8999,20.64,20.825,20.80549445023705,20.805494450236967,-8.171241461241152e-14,-3.927444012823282e-13,0,0,0,0
2026-03-23 17:30:00+00:00,20.82,21.21,20.8,21.17,20.82283508352228,20.822835083522204,-7.460698725481052e-14,-3.582940889439653e-13,0,0,0,0
2026-03-23 18:00:00+00:00,21.1665,21.25,21.02,21.055,20.839266625567348,20.839266625567273,-7.460698725481052e-14,-3.580115778319975e-13,0,0,0,0
2026-03-23 18:30:00+00:00,21.065,21.4799,21.065,21.465,20.857757328606525,20.857757328606457,-6.750155989720952e-14,-3.236280815513697e-13,0,0,0,0
2026-03-23 19:00:00+00:00,21.47,21.56,21.375,21.52,20.881008763587992,20.881008763587932,-6.039613253960852e-14,-2.8923953446600933e-13,0,0,0,0
2026-03-23 19:30:00+00:00,21.515,21.58,21.24,21.25,20.90943380860561,20.909433808605556,-5.3290705182007514e-14,-2.548644103413019e-13,0,0,0,0
2026-03-24 13:30:00+00:00,21.13,21.4999,20.89,20.9962,20.940730694671547,20.940730694671505,-4.263256414560601e-14,-2.0358680299753837e-13,0,0,0,0
2026-03-24 14:00:00+00:00,20.995,21.36,20.705,20.85,20.971306786557975,20.971306786557935,-3.907985046680551e-14,-1.8634914297212326e-13,0,0,0,0
2026-03-24 14:30:00+00:00,20.845,20.909,20.535,20.84,20.997557388775625,20.99755738877559,-3.552713678800501e-14,-1.691965219106688e-13,0,0,0,0
2026-03-24 15:00:00+00:00,20.84,21.11,20.83,20.985,21.01735961518111,21.01735961518108,-3.197442310920451e-14,-1.5213339684262227e-13,0,0,0,0
2026-03-24 15:30:00+00:00,20.99,21.05,20.75,20.86,21.031061039905424,21.0310610399054,-2.4868995751603507e-14,-1.182488877019366e-13,0,0,0,0
2026-03-24 16:00:00+00:00,20.85,20.87,20.71,20.85,21.03981353877047,21.039813538770453,-1.7763568394002505e-14,-8.442835465851081e-14,0,0,0,0
2026-03-24 16:30:00+00:00,20.85,20.875,20.64,20.76,21.044117544144505,21.044117544144488,-1.7763568394002505e-14,-8.441108712085289e-14,0,0,0,0
2026-03-24 17:00:00+00:00,20.77,20.865,20.39,20.45,21.041544522119597,21.041544522119583,-1.4210854715202004e-14,-6.753712732572014e-14,0,0,0,0
2026-03-24 17:30:00+00:00,20.45,20.54,20.37,20.5,21.02962920377595,21.029629203775936,-1.4210854715202004e-14,-6.757539363865908e-14,0,0,0,0
2026-03-24 18:00:00+00:00,20.5,20.88,20.465,20.85,21.01100498714619,21.01100498714617,-2.1316282072803006e-14,-1.0145293899955558e-13,0,0,0,0
2026-03-24 18:30:00+00:00,20.845,21.09,20.8,20.825,20.98967866196783,20.989678661967805,-2.4868995751603507e-14,-1.1848202229348462e-13,0,0,0,0
2026-03-24 19:00:00+00:00,20.83,20.99,20.81,20.865,20.96896161763744,20.96896161763742,-2.1316282072803006e-14,-1.0165635505228561e-13,0,0,0,0
2026-03-24 19:30:00+00:00,20.862,20.915,20.71,20.755,20.95018612300744,20.95018612300742,-2.1316282072803006e-14,-1.0174745917599997e-13,0,0,0,0
2026-03-25 13:30:00+00:00,21.4,21.88,21.31,21.44,20.935378677856793,20.935378677856775,-1.7763568394002505e-14,-8.484952036139145e-14,0,0,0,0
2026-03-25 14:00:00+00:00,21.44,21.615,21.33,21.415,20.9288754273295,20.928875427329487,-1.4210854715202004e-14,-6.790070859060626e-14,0,0,0,0
2026-03-25 14:30:00+00:00,21.42,21.5699,21.26,21.3451,20.931840104876365,20.93184010487635,-1.4210854715202004e-14,-6.789109148550866e-14,0,0,0,0
2026-03-25 15:00:00+00:00,21.35,21.445,20.91,21.195,20.94151188533792,20.941511885337913,-7.105427357601002e-15,-3.3929868084528445e-14,0,0,0,0
2026-03-25 15:30:00+00:00,21.195,21.23,20.955,20.975,20.95492631408776,20.954926314087757,-3.552713678800501e-15,-1.6954073832328638e-14,0,0,0,0
2026-03-25 16:00:00+00:00,20.975,21.155,20.79,21.105,20.96889695820851,20.968896958208507,-3.552713678800501e-15,-1.694277808642553e-14,0,0,0,0
2026-03-25 16:30:00+00:00,21.105,21.3,21.08,21.175,20.981950688084403,20.9819506880844,-3.552713678800501e-15,-1.693223729106407e-14,0,0,0,0
2026-03-25 17:00:00+00:00,21.17,21.275,20.99,21.0642,20.99446658238985,20.99446658238985,0.0,0.0,0,0,0,0
2026-03-25 17:30:00+00:00,21.045,21.13,20.88,20.915,21.006454427115465,21.006454427115468,3.552713678800501e-15,1.6912486070065216e-14,0,0,0,0
2026-03-25 18:00:00+00:00,20.915,21.05,20.895,20.905,21.016899314869356,21.016899314869363,7.105427357601002e-15,3.3808161951720185e-14,0,0,0,0
2026-03-25 18:30:00+00:00,20.91,20.995,20.77,20.8099,21.02474649914079,21.0247464991408,1.0658141036401503e-14,5.069331531220633e-14,0,0,0,0
2026-03-25 19:00:00+00:00,20.805,21.23,20.75,21.22,21.029774779022727,21.02977477902274,1.4210854715202004e-14,6.757492585882271e-14,0,0,0,0
2026-03-25 19:30:00+00:00,21.215,21.335,21.09,21.23,21.03345224247467,21.03345224247469,2.1316282072803006e-14,1.013446667102854e-13,0,0,0,0
2026-03-26 13:30:00+00:00,20.28,20.72,20.18,20.64,21.036250029581055,21.036250029581083,2.842170943040401e-14,1.3510825071216383e-13,0,0,0,0
2026-03-26 14:00:00+00:00,20.635,20.66,20.235,20.39,21.034920168052317,21.03492016805235,3.197442310920451e-14,1.52006391532529e-13,0,0,0,0
2026-03-26 14:30:00+00:00,20.4,20.645,20.1,20.255,21.026016745820097,21.02601674582013,3.197442310920451e-14,1.5207075831688813e-13,0,0,0,0
2026-03-26 15:00:00+00:00,20.255,20.335,19.98,20.165,21.006052736165536,21.006052736165564,2.842170943040401e-14,1.3530247585007316e-13,0,0,0,0
2026-03-26 15:30:00+00:00,20.16,20.21,20.01,20.175,20.97397935302139,20.973979353021413,2.1316282072803006e-14,1.0163203517091431e-13,0,1,0,1
2026-03-26 16:00:00+00:00,20.165,20.21,19.8912,19.905,20.93024043022626,20.930240430226274,1.4210854715202004e-14,6.789628032499568e-14,0,0,0,0
2026-03-26 16:30:00+00:00,19.9,19.9699,19.82,19.9314,20.876153231482288,20.87615323148229,3.552713678800501e-15,1.7018047527275428e-14,0,0,0,0
2026-03-26 17:00:00+00:00,19.94,20.02,19.91,19.94,20.801282028271338,20.801282028271334,-3.552713678800501e-15,-1.7079301525607672e-14,0,0,0,0
2026-03-26 17:30:00+00:00,19.94,20.095,19.71,19.7401,20.712252914322672,20.71225291432267,-3.552713678800501e-15,-1.7152714837427337e-14,0,0,0,0
2026-03-26 18:00:00+00:00,19.755,19.85,19.59,19.655,20.61238003914095,20.61238003914095,0.0,0.0,0,0,0,0
2026-03-26 18:30:00+00:00,19.66,19.74,19.605,19.685,20.506072576830523,20.506072576830526,3.552713678800501e-15,1.732517850743713e-14,0,0,0,0
2026-03-26 19:00:00+00:00,19.69,19.7,19.49,19.535,20.39572248444913,20.395722484449138,7.105427357601002e-15,3.483783113355552e-14,0,0,0,0
2026-03-26 19:30:00+00:00,19.54,19.77,19.45,19.475,20.284958871626607,20.28495887162662,1.4210854715202004e-14,7.005611795979187e-14,0,0,0,0
2026-03-27 13:30:00+00:00,19.09,19.1399,18.6,18.675,20.16079324194539,20.16079324194541,1.7763568394002505e-14,8.81094715908531e-14,0,0,0,0
2026-03-27 14:00:00+00:00,18.68,18.8877,18.4201,18.465,20.0141044314786,20.014104431478618,1.7763568394002505e-14,8.875524985301664e-14,0,0,0,0
2026-03-27 14:30:00+00:00,18.465,18.685,18.415,18.625,19.840091486835995,19.840091486836013,1.7763568394002505e-14,8.953370202848472e-14,0,0,0,0
2026-03-27 15:00:00+00:00,18.625,18.69,18.425,18.615,19.647861384966475,19.647861384966497,2.1316282072803006e-14,1.0849161471137576e-13,0,0,0,0
2026-03-27 15:30:00+00:00,18.62,18.95,18.615,18.91,19.46370452148088,19.4637045214809,1.7763568394002505e-14,9.126509485590454e-14,0,0,0,0
2026-03-27 16:00:00+00:00,18.905,18.905,18.555,18.585,19.2932461764758,19.293246176475822,2.1316282072803006e-14,1.1048572063934936e-13,0,0,0,0
2026-03-27 16:30:00+00:00,18.585,18.65,18.47,18.49,19.13838442867955,19.13838442867957,1.7763568394002505e-14,9.281644676017252e-14,0,0,0,0
2026-03-27 17:00:00+00:00,18.49,18.63,18.345,18.385,19.00035575945494,19.000355759454955,1.4210854715202004e-14,7.479257175555994e-14,0,0,0,0
2026-03-27 17:30:00+00:00,18.385,18.49,18.28,18.315,18.875139542101255,18.875139542101266,1.0658141036401503e-14,5.6466554923360295e-14,0,0,0,0
2026-03-27 18:00:00+00:00,18.32,18.5,18.29,18.455,18.762199225262975,18.762199225262982,7.105427357601002e-15,3.787097275906583e-14,0,0,0,0
2026-03-27 18:30:00+00:00,18.46,18.595,18.36,18.3697,18.663908506464523,18.66390850646453,7.105427357601002e-15,3.807041464621374e-14,0,0,0,0
2026-03-27 19:00:00+00:00,18.37,18.45,18.31,18.43,18.58164084449245,18.581640844492455,3.552713678800501e-15,1.911948308834909e-14,0,0,0,0
2026-03-27 19:30:00+00:00,18.43,18.54,18.31,18.41,18.514814955983766,18.51481495598377,3.552713678800501e-15,1.9188491417529974e-14,0,0,0,0
2026-03-30 13:30:00+00:00,19.15,19.19,18.49,18.5601,18.461970057463223,18.461970057463233,1.0658141036401503e-14,5.773024765627851e-14,0,0,0,0
2026-03-30 14:00:00+00:00,18.57,18.88,18.54,18.56,18.42569426558559,18.425694265585594,3.552713678800501e-15,1.9281301575897993e-14,0,0,0,0
2026-03-30 14:30:00+00:00,18.56,18.7,18.35,18.665,18.405293018490784,18.405293018490795,1.0658141036401503e-14,5.790802148976306e-14,0,0,0,0
2026-03-30 15:00:00+00:00,18.67,18.82,18.47,18.63,18.39561443018873,18.395614430188743,1.4210854715202004e-14,7.72513186179898e-14,0,0,0,0
2026-03-30 15:30:00+00:00,18.625,18.915,18.58,18.8,18.394026933459287,18.39402693345931,2.1316282072803006e-14,1.158869786910448e-13,0,0,0,0
2026-03-30 16:00:00+00:00,18.805,18.8598,18.59,18.625,18.40002211697231,18.40002211697234,3.197442310920451e-14,1.7377382975921032e-13,0,0,0,0
2026-03-30 16:30:00+00:00,18.62,18.695,18.49,18.575,18.412270970163704,18.412270970163746,4.263256414560601e-14,2.315443011602982e-13,1,0,1,0
2026-03-30 17:00:00+00:00,18.58,18.65,18.23,18.305,18.426053679432293,18.426053679432336,4.263256414560601e-14,2.313711057576791e-13,0,0,0,0
2026-03-30 17:30:00+00:00,18.305,18.43,18.195,18.245,18.438147876905735,18.43814787690578,4.618527782440651e-14,2.504876201923447e-13,0,0,0,0
2026-03-30 18:00:00+00:00,18.245,18.29,18.08,18.12,18.44581961147575,18.44581961147579,4.263256414560601e-14,2.311231761102277e-13,0,0,0,0
2026-03-30 18:30:00+00:00,18.1199,18.29,17.99,18.025,18.447445387616757,18.4474453876168,4.263256414560601e-14,2.3110280718989977e-13,0,0,0,0
2026-03-30 19:00:00+00:00,18.03,18.05,17.84,17.895,18.438839400220154,18.438839400220193,3.907985046680551e-14,2.1194311430652685e-13,0,1,0,1
2026-03-30 19:30:00+00:00,17.895,18.34,17.89,18.31,18.42383216219941,18.423832162199446,3.552713678800501e-14,1.9283250344028229e-13,0,0,0,0
2026-03-31 13:30:00+00:00,18.51,18.87,18.48,18.7231,18.40728413195485,18.407284131954874,2.4868995751603507e-14,1.3510410103591108e-13,0,0,0,0
2026-03-31 14:00:00+00:00,18.73,19.085,18.66,19.075,18.395189036462263,18.395189036462284,2.1316282072803006e-14,1.1587965761346982e-13,0,0,0,0
2026-03-31 14:30:00+00:00,19.075,19.1,18.36,18.45,18.390873335901965,18.390873335901976,1.0658141036401503e-14,5.795342527641188e-14,0,0,0,0
2026-03-31 15:00:00+00:00,18.45,18.935,18.45,18.805,18.393963481445535,18.39396348144553,-3.552713678800501e-15,-1.9314563076001618e-14,0,0,0,0
2026-03-31 15:30:00+00:00,18.805,18.93,18.715,18.74,18.402548997623462,18.402548997623448,-1.4210854715202004e-14,-7.72222082768926e-14,0,0,0,0
2026-03-31 16:00:00+00:00,18.735,18.86,18.61,18.69,18.41553046668678,18.415530466686754,-2.4868995751603507e-14,-1.3504360244518008e-13,0,0,0,0
2026-03-31 16:30:00+00:00,18.685,19.44,18.625,19.26,18.433613374690022,18.433613374689987,-3.552713678800501e-14,-1.9273018298617987e-13,0,0,0,0
2026-03-31 17:00:00+00:00,19.26,19.62,19.24,19.4146,18.459235108092543,18.4592351080925,-4.263256414560601e-14,-2.30955204243083e-13,0,0,0,0
2026-03-31 17:30:00+00:00,19.415,19.6,19.3,19.495,18.496182567710353,18.496182567710303,-4.973799150320701e-14,-2.689094969793223e-13,0,0,0,0
2026-03-31 18:00:00+00:00,19.495,19.78,19.495,19.62,18.54792787284117,18.54792787284112,-4.973799150320701e-14,-2.6815928897392325e-13,0,0,0,0
2026-03-31 18:30:00+00:00,19.62,19.8,19.5903,19.74,18.61327628232492,18.61327628232487,-5.3290705182007514e-14,-2.8630480939356234e-13,1,0,1,0
2026-03-31 19:00:00+00:00,19.75,19.93,19.65,19.7585,18.6893564384239,18.689356438423857,-4.263256414560601e-14,-2.2811146165502355e-13,0,0,0,0
2026-03-31 19:30:00+00:00,19.755,19.985,19.7,19.76,18.775588990378345,18.77558899037831,-3.552713678800501e-14,-1.892198258398769e-13,0,0,0,0
2026-04-01 13:30:00+00:00,19.98,20.1,19.55,19.705,18.86952357621832,18.8695235762183,-2.1316282072803006e-14,-1.1296672110825517e-13,0,0,0,0
2026-04-01 14:00:00+00:00,19.71,19.8593,19.585,19.685,18.96764440504826,18.967644405048244,-1.7763568394002505e-14,-9.365194757275557e-14,0,0,0,0
2026-04-01 14:30:00+00:00,19.69,19.81,19.5,19.61,19.065591563013143,19.065591563013122,-2.1316282072803006e-14,-1.118049864980647e-13,0,0,0,0
2026-04-01 15:00:00+00:00,19.62,19.73,19.57,19.665,19.159848092725294,19.159848092725273,-2.1316282072803006e-14,-1.11254963868406e-13,0,0,0,0
2026-04-01 15:30:00+00:00,19.67,19.96,19.63,19.93,19.24917239986469,19.249172399864673,-1.7763568394002505e-14,-9.228224478953377e-14,0,0,0,0
2026-04-01 16:00:00+00:00,19.92,19.97,19.74,19.875,19.336084926928564,19.336084926928553,-1.0658141036401503e-14,-5.512047075030349e-14,0,0,0,0
2026-04-01 16:30:00+00:00,19.88,20.14,19.82,20.13,19.42198046901554,19.42198046901553,-1.0658141036401503e-14,-5.487669526495895e-14,0,0,0,0
2026-04-01 17:00:00+00:00,20.125,20.38,20.125,20.185,19.507501727058283,19.50750172705827,-1.4210854715202004e-14,-7.28481530543224e-14,0,0,0,0
2026-04-01 17:30:00+00:00,20.18,20.235,19.9,19.9135,19.59033985108576,19.590339851085737,-2.1316282072803006e-14,-1.0881016988391649e-13,0,0,0,0
2026-04-01 18:00:00+00:00,19.91,19.9399,19.66,19.765,19.668273170704573,19.66827317070455,-2.4868995751603507e-14,-1.264421921322777e-13,0,0,0,0
2026-04-01 18:30:00+00:00,19.767,19.89,19.66,19.75,19.735618080583585,19.73561808058355,-3.552713678800501e-14,-1.800153237813085e-13,0,0,0,0
2026-04-01 19:00:00+00:00,19.75,19.87,19.73,19.865,19.78980096180117,19.789800961801127,-4.263256414560601e-14,-2.1542694758727784e-13,0,0,0,0
2026-04-01 19:30:00+00:00,19.87,19.9,19.63,19.68,19.831723287850657,19.83172328785061,-4.618527782440651e-14,-2.328858523994262e-13,0,0,0,0
2026-04-02 13:30:00+00:00,18.855,18.91,18.3,18.615,19.861604293549163,19.86160429354912,-4.263256414560601e-14,-2.1464813977515708e-13,0,0,0,0
2026-04-02 14:00:00+00:00,18.62,18.66,18.35,18.43,19.867182804213307,19.867182804213265,-4.263256414560601e-14,-2.1458786867640218e-13,0,0,0,0
2026-04-02 14:30:00+00:00,18.425,19.17,18.4214,18.885,19.848869441989088,19.848869441989052,-3.552713678800501e-14,-1.7898821336821075e-13,0,1,0,1
2026-04-02 15:00:00+00:00,18.885,18.93,18.645,18.8801,19.808875269926116,19.808875269926084,-3.197442310920451e-14,-1.6141463194403653e-13,0,0,0,0
2026-04-02 15:30:00+00:00,18.89,19.15,18.845,19.1,19.75674018552171,19.756740185521686,-2.4868995751603507e-14,-1.2587600746922917e-13,0,0,0,0
2026-04-02 16:00:00+00:00,19.1,19.155,18.93,19.085,19.698111563298117,19.69811156329809,-2.4868995751603507e-14,-1.2625065946900147e-13,0,0,0,0
2026-04-02 16:30:00+00:00,19.08,19.42,19.07,19.375,19.638982806682087,19.63898280668207,-1.7763568394002505e-14,-9.045055219437598e-14,0,0,0,0
2026-04-02 17:00:00+00:00,19.375,19.54,19.25,19.42,19.583101876284836,19.58310187628483,-7.105427357601002e-15,-3.628346215267197e-14,0,0,0,0
2026-04-02 17:30:00+00:00,19.4192,19.455,19.18,19.1999,19.5326390770414,19.53263907704141,1.0658141036401503e-14,5.456580134595866e-14,0,0,0,0
2026-04-02 18:00:00+00:00,19.2,19.2799,19.0908,19.12,19.48735119428678,19.4873511942868,1.7763568394002505e-14,9.115435041377174e-14,0,0,0,0
2026-04-02 18:30:00+00:00,19.125,19.245,19.07,19.245,19.44575268238189,19.445752682381922,3.197442310920451e-14,1.644288273715101e-13,0,0,0,0
2026-04-02 19:00:00+00:00,19.25,19.36,19.24,19.315,19.407385203511023,19.407385203511076,5.3290705182007514e-14,2.74589825590552e-13,0,0,0,0
2026-04-02 19:30:00+00:00,19.315,19.51,19.31,19.47,19.37337286037071,19.373372860370775,6.394884621840902e-14,3.300862822354483e-13,0,0,0,0
2026-04-06 13:30:00+00:00,20.0,20.52,19.97,20.42,19.347160540823587,19.347160540823662,7.460698725481052e-14,3.856224126397546e-13,0,0,0,0
2026-04-06 14:00:00+00:00,20.425,20.795,20.215,20.7488,19.33556644363692,19.335566443637003,8.171241461241152e-14,4.2260160751226404e-13,0,0,0,0
2026-04-06 14:30:00+00:00,20.75,20.96,20.515,20.725,19.3462058218531,19.34620582185319,8.881784197001252e-14,4.590969556918785e-13,0,0,0,0
2026-04-06 15:00:00+00:00,20.725,20.97,20.66,20.745,19.381856455690027,19.381856455690116,8.881784197001252e-14,4.582525011113568e-13,1,0,1,0
2026-04-06 15:30:00+00:00,20.745,20.76,20.58,20.68,19.43761012855616,19.437610128556244,8.526512829121202e-14,4.386605540870861e-13,0,0,0,0
2026-04-06 16:00:00+00:00,20.685,20.735,20.52,20.55,19.506975952517504,19.506975952517585,8.171241461241152e-14,4.1888817011570674e-13,0,0,0,0
2026-04-06 16:30:00+00:00,20.555,20.64,20.4401,20.51,19.584525288122045,19.584525288122123,7.815970093361102e-14,3.9908907560304586e-13,0,0,0,0
2026-04-06 17:00:00+00:00,20.51,20.525,20.06,20.1698,19.673386144561313,19.67338614456139,7.815970093361102e-14,3.972864679180721e-13,0,0,0,0
2026-04-06 17:30:00+00:00,20.165,20.24,20.11,20.2,19.76299655947519,19.762996559475255,6.394884621840902e-14,3.235786942833288e-13,0,0,0,0
2026-04-06 18:00:00+00:00,20.2,20.56,20.15,20.52,19.84737940323923,19.847379403239277,4.618527782440651e-14,2.327021461426225e-13,0,0,0,0
2026-04-06 18:30:00+00:00,20.52,20.68,20.5,20.67,19.927849129090617,19.927849129090646,2.842170943040401e-14,1.426230660734684e-13,0,0,0,0
2026-04-06 19:00:00+00:00,20.68,20.68,20.52,20.555,20.00677968284445,20.00677968284446,1.0658141036401503e-14,5.327264659959603e-14,0,0,0,0
2026-04-06 19:30:00+00:00,20.55,20.69,20.46,20.58,20.084824721487912,20.08482472148792,7.105427357601002e-15,3.537709417996167e-14,0,0,0,0
