dt,open,high,low,close,tv_ss,py_ss,ss_diff,ss_pct,tv_buy,tv_sell,py_buy,py_sell
2025-09-02 15:30:00+00:00,501.03,501.67,500.31,500.96,507.2557872485178,1.177218684242869,-506.0785685642749,-99.7679240505804,0,0,0,0
2025-09-02 16:30:00+00:00,500.965,502.242,500.2818,501.86,507.1485628362119,6.289033660314056,-500.8595291758979,-98.75992280740326,0,1,0,0
2025-09-02 17:30:00+00:00,501.9,503.07,501.39,501.395,506.9437302648945,17.140666713848038,-489.8030635510465,-96.61882262457581,0,0,0,0
2025-09-02 18:30:00+00:00,501.41,503.95,501.3904,503.85,506.6779054254253,33.4518969309541,-473.2260084944712,-93.39779836997893,0,0,0,0
2025-09-02 19:30:00+00:00,503.86,506.0,503.5,505.08,506.3933442682698,54.10322882814907,-452.29011544012076,-89.31596762861737,0,0,0,0
2025-09-03 13:30:00+00:00,503.79,507.79,503.05,504.7,506.1195590797942,77.96690522888923,-428.152653850905,-84.59516060382145,0,0,0,0
2025-09-03 14:30:00+00:00,504.74,507.05,504.69,505.215,505.8756492668665,104.11742369663776,-401.7582255702288,-79.41837606780867,0,0,0,0
2025-09-03 15:30:00+00:00,505.17,505.9299,504.12,504.45,505.6673395520872,131.79649285574146,-373.8708466963457,-73.93612706478436,0,0,0,0
2025-09-03 16:30:00+00:00,504.495,504.75,503.5,504.08,505.48737297948696,160.35641933879805,-345.1309536406889,-68.27686943125572,0,0,0,0
2025-09-03 17:30:00+00:00,504.04,504.4,502.83,503.26,505.3195015962004,189.2363121566836,-316.0831894395168,-62.55115594016756,0,0,0,0
2025-09-03 18:30:00+00:00,503.21,503.55,502.32,503.2,505.147973077819,217.9584172764193,-287.1895558013997,-56.85256026102229,0,0,0,0
2025-09-03 19:30:00+00:00,503.2,505.62,503.2,505.391,504.97879845518014,246.1302577737484,-258.8485406814317,-51.25928880049923,0,0,0,0
2025-09-04 13:30:00+00:00,504.3,506.91,503.15,505.4802,504.8238346506193,273.4421360040334,-231.3816986465859,-45.83414703600941,0,0,0,0
2025-09-04 14:30:00+00:00,505.46,508.05,505.46,507.675,504.698984341859,299.65453738960537,-205.04444695225362,-40.62707738943384,0,0,0,0
2025-09-04 15:30:00+00:00,507.73,507.74,505.8344,506.0,504.6195148767032,324.58287794113494,-180.03663693556825,-35.67770005477448,0,0,0,0
2025-09-04 16:30:00+00:00,506.04,507.09,505.97,506.75,504.58719618788854,348.0834251683583,-156.50377101953023,-31.016199420417784,0,0,0,0
2025-09-04 17:30:00+00:00,506.745,507.673,506.59,507.07,504.5946735024195,370.0506665723921,-134.54400693002736,-26.66377867133436,0,0,0,0
2025-09-04 18:30:00+00:00,507.11,508.15,506.56,506.615,504.6347108587097,390.4189845316496,-114.21572632706011,-22.633347225105734,0,0,0,0
2025-09-04 19:30:00+00:00,506.61,507.98,506.31,507.98,504.7269323474966,409.1571780329423,-95.5697543145543,-18.934942478709658,0,0,0,0
2025-09-05 13:30:00+00:00,508.81,511.97,498.17,499.21,504.83281320472184,426.25234501704466,-78.58046818767718,-15.565641957550591,1,0,0,0
2025-09-05 14:30:00+00:00,499.15,499.6,494.5,497.115,504.9032865860692,441.65387584303664,-63.24941074303257,-12.52703486457711,0,0,0,0
2025-09-05 15:30:00+00:00,497.1148,497.74,495.78,496.845,504.8656274163892,455.3029710224045,-49.562656393984696,-9.816999554439418,0,0,0,0
2025-09-05 16:30:00+00:00,496.87,497.0104,494.0,494.545,504.66203498060634,467.15408109004363,-37.5079538905627,-7.432291571527487,0,1,0,0
2025-09-05 17:30:00+00:00,494.56,495.315,492.84,494.6379,504.2658942653995,477.1982752467633,-27.067619018636208,-5.367727487909441,0,0,0,0
2025-09-05 18:30:00+00:00,494.67,495.1205,492.37,494.49,503.6542046545201,485.42003201108065,-18.234172643439422,-3.6203753438228703,0,0,0,0
2025-09-05 19:30:00+00:00,494.51,495.29,493.05,495.0153,502.8853633110461,491.97717709481344,-10.90818621623265,-2.1691198456069776,0,0,0,0
2025-09-08 13:30:00+00:00,498.105,500.65,495.03,500.6,502.0981516720973,497.31835799945395,-4.779793672643336,-0.9519640047918064,0,0,0,0
2025-09-08 14:30:00+00:00,500.6,500.86,499.39,500.65,501.36261728571,501.67866344800336,0.31604616229338944,0.0630374406461352,0,0,0,0
2025-09-08 15:30:00+00:00,500.635,501.195,498.5,498.8,500.721133529169,505.19535024158915,4.474216712420173,0.8935545981223363,0,0,0,0
2025-09-08 16:30:00+00:00,498.8,498.9187,497.78,498.31,500.17927355613256,507.94921014773564,7.769936591603084,1.5534303403579763,0,0,0,0
2025-09-08 17:30:00+00:00,498.305,498.5,497.51,498.44,499.7156603018226,510.03542448455687,10.319764182734275,2.065127231854462,0,0,0,0
2025-09-08 18:30:00+00:00,498.48,498.5759,497.29,497.35,499.3130020240512,511.46829072228485,12.155288698233676,2.4344025989629996,0,0,0,0
2025-09-08 19:30:00+00:00,497.34,498.64,497.0,498.25,498.95985692709786,512.3166429620653,13.356786034967456,2.676925979020992,0,0,0,0
2025-09-09 13:30:00+00:00,501.73,502.25,499.4,500.905,498.6610661806518,512.7213236887455,14.060257508093741,2.81960202262915,0,0,0,0
2025-09-09 14:30:00+00:00,500.895,501.1,498.8,499.515,498.4358874905064,512.7662506560612,14.330363165554786,2.8750664880300647,0,0,0,0
2025-09-09 15:30:00+00:00,499.475,500.1,498.36,498.63,498.2851591102347,512.5310112134222,14.245852103187474,2.858975797839464,0,0,0,0
2025-09-09 16:30:00+00:00,498.66,499.61,498.25,499.14,498.19203759003625,512.0556627406011,13.863625150564815,2.782787380069136,0,0,0,0
2025-09-09 17:30:00+00:00,499.13,499.415,498.5,498.64,498.13768789463904,511.3891148576159,13.251426962976836,2.6601936141357854,0,0,0,0
2025-09-09 18:30:00+00:00,498.61,499.2327,498.06,498.16,498.1105264683698,510.5675744061981,12.457047937828293,2.5008602058963554,0,0,0,0
2025-09-09 19:30:00+00:00,498.15,498.86,497.7,498.45,498.0977765348182,509.66888559880806,11.571109063989866,2.3230597704105627,0,0,0,0
2025-09-10 13:30:00+00:00,502.97,503.2299,496.72,501.49,498.0995560170132,508.73343907683255,10.633883059819368,2.1348910938310808,0,0,0,0
2025-09-10 14:30:00+00:00,501.47,502.94,498.5,500.705,498.1298194966557,507.7966907259486,9.666871229292894,1.940632913536668,0,0,0,0
2025-09-10 15:30:00+00:00,500.705,501.5466,499.1001,499.245,498.20002584477254,506.88459493688924,8.684569092116703,1.7431892094727854,0,0,0,0
2025-09-10 16:30:00+00:00,499.24,501.4,498.84,499.715,498.30522795788585,506.00649483299304,7.701266875107194,1.5454918879073178,0,0,0,0
2025-09-10 17:30:00+00:00,499.715,501.33,499.57,501.1,498.4368497172653,505.1677880548002,6.730938337534894,1.3504094533445854,0,0,0,0
2025-09-10 18:30:00+00:00,501.1,501.8825,499.07,499.3875,498.58456357630007,504.3869815856202,5.802418009320149,1.1637781097152209,0,0,0,0
2025-09-10 19:30:00+00:00,499.41,500.58,499.3,500.21,498.734134024447,503.6736355278223,4.939501503375311,0.9904077476143204,0,0,0,0
2025-09-11 13:30:00+00:00,502.16,502.8,497.88,502.24,498.88248456321065,503.0277439476819,4.145259384471274,0.8309089841269123,0,0,0,0
2025-09-11 14:30:00+00:00,502.22,503.17,500.22,502.79,499.03820770304714,502.4580523466406,3.4198446435934784,0.6852871364968628,0,0,0,0
2025-09-11 15:30:00+00:00,502.68,503.13,500.86,502.28,499.2175532964886,501.98097520083485,2.7634219043462735,0.5535506285984017,0,0,0,0
2025-09-11 16:30:00+00:00,502.35,502.7199,500.1,500.15,499.4137754704976,501.5901131475769,2.176337677079289,0.43577846346528215,1,0,0,0
2025-09-11 17:30:00+00:00,500.145,500.8192,499.67,499.98,499.6103962583259,501.26688906789514,1.6564928095692153,0.3315569135420308,0,0,0,0
2025-09-11 18:30:00+00:00,500.0,501.2,499.95,500.8,499.7917578367935,500.9935605171725,1.2018026803789894,0.2404606841818782,0,0,0,0
2025-09-11 19:30:00+00:00,500.8,502.26,500.13,501.2,499.9547781324284,500.7592533464857,0.8044752140573337,0.16090959607635627,0,0,0,0
2025-09-12 13:30:00+00:00,506.51,508.39,503.85,507.14,500.1296815052205,500.6020737436063,0.4723922383857939,0.09445394981638637,0,0,0,0
2025-09-12 14:30:00+00:00,507.2,511.29,507.14,510.6709,500.43144154880326,500.63901298929324,0.20757144048997134,0.04147849700401538,0,0,0,0
2025-09-12 15:30:00+00:00,510.68,512.23,510.1301,511.8938,500.96614975441713,500.9704299878773,0.004280233460178806,0.0008543957435601298,0,0,0,0
2025-09-12 16:30:00+00:00,511.9,512.55,511.26,512.025,501.77340134777415,501.62948606764957,-0.1439152801245882,-0.028681329009873514,0,0,0,0
2025-09-12 17:30:00+00:00,512.04,512.2499,510.67,511.305,502.7901240407342,502.54449462884946,-0.24562941188474952,-0.04885326901624852,0,0,0,0
2025-09-12 18:30:00+00:00,511.27,512.5,510.34,510.68,503.8997516667503,503.58914429290974,-0.31060737384058257,-0.06164070786167007,0,0,0,0
2025-09-12 19:30:00+00:00,510.63,511.0699,509.85,509.85,504.9808950766076,504.63049020059304,-0.35040487601457926,-0.06938972928102982,0,0,0,0
2025-09-15 13:30:00+00:00,508.79,512.38,507.0,510.65,505.98285300697745,505.61230426726905,-0.3705487397083971,-0.07323345791389639,0,0,0,0
2025-09-15 14:30:00+00:00,510.71,514.25,510.2,512.43,506.9000817210127,506.5285698097535,-0.37151191125923333,-0.07329095509274465,0,0,0,0
2025-09-15 15:30:00+00:00,512.4759,514.0,512.19,512.51,507.7560005050994,507.39874204006884,-0.35725846503055436,-0.07036026451192405,0,0,0,0
2025-09-15 16:30:00+00:00,512.425,513.15,511.7625,511.98,508.56105460426465,508.227214165244,-0.33384043902066196,-0.06564412197871482,0,0,0,0
2025-09-15 17:30:00+00:00,511.9378,513.34,511.4,513.165,509.3131002619232,509.0093026501732,-0.3037976117499852,-0.05964849747508006,0,0,0,0
2025-09-15 18:30:00+00:00,513.22,513.85,512.5401,513.71,510.0047848767531,509.73533669835643,-0.269448178396658,-0.0528324804759964,0,0,0,0
2025-09-15 19:30:00+00:00,513.76,515.45,513.62,515.45,510.6462587525201,510.41294664480245,-0.23331210771766564,-0.04568957545828964,0,0,0,0
2025-09-16 13:30:00+00:00,516.88,517.23,510.59,513.47,511.24394864066846,511.04583990473714,-0.19810873593132783,-0.03875033366322933,0,0,0,0
2025-09-16 14:30:00+00:00,513.31,513.95,511.89,512.57,511.7859560397718,511.6208912467339,-0.16506479303791366,-0.03225270078045795,0,0,0,0
2025-09-16 15:30:00+00:00,512.555,513.68,512.12,513.29,512.2508552794425,512.1163613829837,-0.13449389645882093,-0.026255475236923124,0,0,0,0
2025-09-16 16:30:00+00:00,513.265,514.2234,512.62,513.5425,512.6271842088079,512.5206098429219,-0.10657436588599012,-0.02078983892562734,0,0,0,0
2025-09-16 17:30:00+00:00,513.56,513.9182,511.36,511.435,512.9269225339708,512.8450538956322,-0.08186863833861935,-0.015961072570371316,0,0,0,0
2025-09-16 18:30:00+00:00,511.45,511.88,510.0,510.39,513.1483362526858,513.0879739266295,-0.06036232605629266,-0.01176313393064747,0,0,0,0
2025-09-16 19:30:00+00:00,510.39,510.53,508.6,509.149,513.2970595174436,513.255415986133,-0.041643531310569415,-0.008112949516936445,0,0,0,0
2025-09-17 13:30:00+00:00,510.62,510.83,505.93,508.2085,513.3651269703826,513.3396548011236,-0.02547216925893281,-0.004961803582034579,0,0,0,0
2025-09-17 14:30:00+00:00,508.1718,508.63,506.96,507.1,513.3263508938849,513.3144793115949,-0.011871582289927574,-0.002312677358030598,0,0,0,0
2025-09-17 15:30:00+00:00,507.03,508.68,506.83,508.655,513.1869375655526,513.1863121727674,-0.0006253927851957997,-0.00012186451747242969,0,1,0,0
2025-09-17 16:30:00+00:00,508.6,508.91,507.93,508.49,512.9751873674747,512.9837631737097,0.008575806234944139,0.0016717779818852677,0,0,0,0
2025-09-17 17:30:00+00:00,508.48,510.42,506.69,508.87,512.7171212850186,512.7330980719905,0.015976786971918955,0.003116101707677806,0,0,0,0
2025-09-17 18:30:00+00:00,508.92,511.21,506.52,510.82,512.4392946455073,512.4611721241859,0.0218774786785616,0.00426928202172628,0,0,0,0
2025-09-17 19:30:00+00:00,510.84,511.29,509.0301,509.91,512.1605647832992,512.1870661057196,0.026501322420472206,0.005174416822131788,0,0,0,0
2025-09-18 13:30:00+00:00,511.49,512.0,507.66,511.635,511.8916929145167,511.92155695262494,0.029864038108257773,0.005834054062925556,0,0,0,0
2025-09-18 14:30:00+00:00,511.73,513.07,510.0,510.52,511.6447538838976,511.67688407347356,0.03213018957598024,0.006279784817899495,0,0,0,0
2025-09-18 15:30:00+00:00,510.543,510.7799,507.875,508.894,511.422941171011,511.45633085182664,0.033389680815616885,0.006528780413949391,0,0,0,0
2025-09-18 16:30:00+00:00,508.8901,510.09,508.74,509.2,511.2159900608806,511.24976116716107,0.033771106280482854,0.006606034814455053,0,0,0,0
2025-09-18 17:30:00+00:00,509.195,509.24,507.895,508.1899,511.00858964753473,511.04192052832667,0.03333088079193658,0.0065225676176845415,0,0,0,0
2025-09-18 18:30:00+00:00,508.17,509.66,507.875,508.8014,510.78794958136945,510.82003908742,0.03208950605056771,0.006282353778484313,0,0,0,0
2025-09-18 19:30:00+00:00,508.79,508.91,508.08,508.27,510.5584658010207,510.58875828580335,0.0302924847826489,0.005933205854323205,0,0,0,0
2025-09-19 13:30:00+00:00,510.61,514.88,510.31,513.11,510.3468491052443,510.3751994707991,0.028350365554786094,0.005555117192256761,0,0,0,0
2025-09-19 14:30:00+00:00,513.09,513.955,511.875,512.22,510.17872421715214,510.2050288203155,0.02630460316333938,0.005155958473905922,0,0,0,0
2025-09-19 15:30:00+00:00,512.225,513.36,511.32,512.86,510.07269317972487,510.09688686921936,0.02419368949449563,0.004743184612309946,0,0,0,0
2025-09-19 16:30:00+00:00,512.8522,512.96,511.45,511.69,510.0210536622848,510.04313056767825,0.02207690539341911,0.004328626286090052,0,0,0,0
2025-09-19 17:30:00+00:00,511.69,511.78,510.35,510.7,510.0092892906093,510.02927508211246,0.019985791503188466,0.003918711271119677,0,0,0,0
2025-09-19 18:30:00+00:00,510.68,511.9399,510.5397,511.17,510.02533158819085,510.04325503764977,0.01792344945891955,0.0035142273037903652,0,0,0,0
2025-09-19 19:30:00+00:00,511.19,519.3,510.825,518.0,510.0897580832368,510.1055876838177,0.01582960058090066,0.003103297082533771,0,0,0,0
2025-09-22 13:30:00+00:00,515.59,517.74,512.545,514.57,510.2333317999161,510.24710974296795,0.013777943051877628,0.002700322027820899,0,0,0,0
2025-09-22 14:30:00+00:00,514.59,516.6,514.54,515.035,510.4699533103642,510.4817652497471,0.011811939382937453,0.002313934308246313,1,0,0,0
2025-09-22 15:30:00+00:00,515.12,515.5,512.58,514.5741,510.76486976737186,510.7748465218166,0.009976754444721792,0.001953296915127642,0,0,0,0
2025-09-22 16:30:00+00:00,514.6,515.955,514.44,515.14,511.09670886487874,511.1049932796657,0.008284414786942307,0.0016209094371477356,0,0,0,0
2025-09-22 17:30:00+00:00,515.11,515.275,514.41,515.04,511.4429911949293,511.4497384422758,0.006747247346538643,0.0013192569773562554,0,0,0,0
2025-09-22 18:30:00+00:00,515.05,515.565,513.19,514.435,511.7898691000686,511.7952362369298,0.0053671368611958314,0.0010486993168960937,0,0,0,0
2025-09-22 19:30:00+00:00,514.42,514.78,513.78,514.37,512.1263762136414,512.1305175501035,0.004141336462112122,0.0008086551785773479,0,0,0,0
2025-09-23 13:30:00+00:00,513.81,514.5899,510.375,511.555,512.4360045904409,512.4390625939325,0.0030580034915601573,0.0005967581247543749,0,0,0,0
2025-09-23 14:30:00+00:00,511.6,511.75,510.84,510.91,512.7000932049607,512.7022047708206,0.0021115658598773734,0.00041185205305457954,0,0,0,0
2025-09-23 15:30:00+00:00,510.925,511.19,509.84,510.3792,512.9029464174271,512.9042385068915,0.001292089464413948,0.0002519169510409438,0,0,0,0
2025-09-23 16:30:00+00:00,510.31,511.37,509.07,509.94,513.0353450993448,513.0359378683356,0.0005927689908276079,0.0001155415502050494,0,0,0,0
2025-09-23 17:30:00+00:00,509.9,510.2718,508.8901,509.99,513.1005753879255,513.1005777594778,2.3715523411738104e-06,4.6220028877980064e-07,0,0,0,0
2025-09-23 18:30:00+00:00,509.95,510.5899,507.31,508.75,513.1041058070098,513.1036156629858,-0.0004901440239564181,-9.552525859942592e-05,0,0,0,0
2025-09-23 19:30:00+00:00,508.78,509.9,508.6,509.62,513.0339469307671,513.0330656578861,-0.000881272880974393,-0.00017177671891823544,0,0,0,0
2025-09-24 13:30:00+00:00,510.38,512.48,507.2,510.05,512.9102571481205,512.909070397711,-0.0011867504094880132,-0.00023137583874547048,0,0,0,0
2025-09-24 14:30:00+00:00,510.03,510.89,509.04,509.585,512.750113504932,512.7486969761646,-0.0014165287673222338,-0.0002762610343739317,0,1,0,0
2025-09-24 15:30:00+00:00,509.63,509.76,507.62,508.0784,512.5591066048039,512.5575304712142,-0.0015761335896513629,-0.00030750279710991494,0,0,0,0
2025-09-24 16:30:00+00:00,508.1041,508.4999,506.92,508.01,512.337126375678,512.3354488764321,-0.0016774992459431814,-0.00032742098114379726,0,0,0,0
2025-09-24 17:30:00+00:00,508.07,508.32,507.1,508.125,512.0775654382139,512.0758377982559,-0.0017276399580623547,-0.0003373785681440496,0,0,0,0
2025-09-24 18:30:00+00:00,508.125,510.17,507.99,509.24,511.7519329957267,511.7502217925703,-0.001711203156389729,-0.0003343813762212049,0,0,0,0
2025-09-24 19:30:00+00:00,509.235,510.525,509.0201,509.98,511.4160930235804,511.4144385112418,-0.0016545123385753868,-0.0003235158926645471,0,0,0,0
2025-09-25 13:30:00+00:00,508.3,509.27,505.04,508.16,511.083594436972,511.08203565725347,-0.0015587797185503405,-0.0003049950605962119,0,0,0,0
2025-09-25 14:30:00+00:00,508.2,510.01,507.678,507.985,510.7597357299689,510.75829210949337,-0.001443620475527041,-0.0002826417931052932,0,0,0,0
2025-09-25 15:30:00+00:00,508.07,509.06,507.9401,508.08,510.4372305891875,510.43591890480076,-0.0013116843867351236,-0.00025697271047824476,0,0,0,1
2025-09-25 16:30:00+00:00,508.08,508.72,507.2,507.97,510.123599604116,510.1224288204257,-0.0011707836903269708,-0.00022950980727720955,0,0,0,0
2025-09-25 17:30:00+00:00,507.95,508.08,506.5,506.82,509.8180286183623,509.81700141579233,-0.001027202569957808,-0.00020148415950326223,0,0,0,0
2025-09-25 18:30:00+00:00,506.8,507.75,506.42,506.52,509.5105579981894,509.5096730305557,-0.0008849676337376877,-0.00017368975379325358,0,0,0,0
2025-09-25 19:30:00+00:00,506.51,507.3,506.175,507.03,509.2039339119448,509.2031838968875,-0.0007500150572923303,-0.00014729168557877409,0,0,0,0
2025-09-26 13:30:00+00:00,510.06,513.94,507.18,508.335,508.91965040929114,508.9190242945449,-0.0006261147462396366,-0.0001230282119655024,0,0,0,0
2025-09-26 14:30:00+00:00,508.335,508.82,506.62,508.07,508.6734067934353,508.6728934363875,-0.000513357047793761,-0.00010092075601707791,0,0,0,0
2025-09-26 15:30:00+00:00,508.13,508.74,506.67,508.27,508.46710825359634,508.46669651665616,-0.00041173694017970774,-8.09761208731628e-05,0,0,0,0
2025-09-26 16:30:00+00:00,508.27,509.797,508.1401,509.46,508.2927764094195,508.29245562202817,-0.0003207873913311232,-6.311075156274412e-05,0,0,0,0
2025-09-26 17:30:00+00:00,509.52,510.3892,508.25,509.84,508.15324055459314,508.1530004500952,-0.00024010449794786837,-4.725041164468828e-05,0,0,0,0
2025-09-26 18:30:00+00:00,509.89,511.8716,509.835,511.655,508.05929146106314,508.0591220448543,-0.00016941620884836084,-3.334575544542415e-05,0,0,0,0
2025-09-26 19:30:00+00:00,511.67,512.12,510.53,511.548,508.0205883019284,508.0204801517319,-0.00010815019652454794,-2.1288545979217634e-05,0,0,0,0
2025-09-29 13:30:00+00:00,511.5,516.845,508.88,515.735,508.0577685975574,508.057712357948,-5.6239609421027126e-05,-1.106953045443453e-05,0,0,0,0
2025-09-29 14:30:00+00:00,515.7,515.7,512.4,512.97,508.1925770695992,508.1925636417626,-1.3427836620394373e-05,-2.642273269283776e-06,1,0,1,0
2025-09-29 15:30:00+00:00,512.97,515.46,512.92,515.26,508.4345067130053,508.43452749693415,2.078392884641289e-05,4.087828141480716e-06,0,0,0,0
2025-09-29 16:30:00+00:00,515.25,515.7299,514.395,515.015,508.7765735879233,508.7766207480476,4.716012432481875e-05,9.269319141847019e-06,0,0,0,0
2025-09-29 17:30:00+00:00,515.0,515.0,513.98,514.88,509.18269825314377,509.182765494021,6.724087722886907e-05,1.3205648475400434e-05,0,0,0,0
2025-09-29 18:30:00+00:00,514.85,515.02,513.865,514.74,509.62792798839155,509.6280099803169,8.199192535585098e-05,1.608858558428898e-05,0,0,0,0
2025-09-29 19:30:00+00:00,514.72,514.92,513.775,514.6,510.1153044568388,510.115395565043,9.110820417390642e-05,1.7860315771336584e-05,0,0,0,0
2025-09-30 13:30:00+00:00,513.14,513.8,509.66,513.0547,510.5888690896783,510.5889658579063,9.676822799065121e-05,1.8952279191510366e-05,0,0,0,0
2025-09-30 14:30:00+00:00,513.05,517.63,512.91,514.65,511.03707565877227,511.0371745531747,9.889440241295233e-05,1.935170795298338e-05,0,0,0,0
2025-09-30 15:30:00+00:00,514.66,516.8,514.53,515.865,511.4698501811555,511.4699480739456,9.789279010874452e-05,1.913950354533552e-05,0,0,0,0
2025-09-30 16:30:00+00:00,515.95,516.01,514.575,514.96,511.9043463321473,511.90444080662905,9.447448172750228e-05,1.8455495133890277e-05,0,0,0,0
2025-09-30 17:30:00+00:00,514.94,516.98,514.19,516.952954,512.3473982403747,512.347487251538,8.901116336801351e-05,1.737320491403232e-05,0,0,0,0
2025-09-30 18:30:00+00:00,516.945,518.03,516.25,517.02,512.8007507758318,512.8008327929739,8.201714206279576e-05,1.5993959045245065e-05,0,0,0,0
2025-09-30 19:30:00+00:00,517.01,518.16,516.42,517.94,513.2592871484457,513.2593614930074,7.43445617672478e-05,1.4484796209005711e-05,0,0,0,0
2025-10-01 13:30:00+00:00,514.8,517.25,511.69,512.59,513.701865735391,513.7019322942124,6.655882134509739e-05,1.2956702279018387e-05,0,0,0,0
2025-10-01 14:30:00+00:00,512.66,515.4,512.29,514.55,514.0952380949268,514.0952969492994,5.885437258257298e-05,1.1448145833964255e-05,0,0,0,0
2025-10-01 15:30:00+00:00,514.58,516.12,513.65,516.11,514.4196094298976,514.4196608150351,5.138513745350792e-05,9.988953864036246e-06,0,0,0,0
2025-10-01 16:30:00+00:00,516.105,518.9,515.63,518.725,514.6912366235676,514.6912808199622,4.41963945831958e-05,8.58697242897103e-06,0,0,0,0
2025-10-01 17:30:00+00:00,518.725,519.51,517.21,518.805,514.9533440984935,514.9533815300722,3.743157867575064e-05,7.268926225011798e-06,0,0,0,0
2025-10-01 18:30:00+00:00,518.92,519.87,518.26,518.745,515.2365053166271,515.2365364834645,3.1166837402452074e-05,6.049035167509955e-06,0,0,0,0
2025-10-01 19:30:00+00:00,518.73,520.505,518.34,519.6,515.5441837486611,515.5442092105259,2.546186476592993e-05,4.938832706983489e-06,0,0,0,0
2025-10-02 13:30:00+00:00,517.93,521.6,516.5,516.9301,515.8657904683046,515.865810800406,2.0332101485109888e-05,3.941354875781227e-06,0,0,0,0
2025-10-02 14:30:00+00:00,516.93,519.1,510.6791,511.535,516.1677432817626,516.1677590295408,1.574777820678719e-05,3.050903201866856e-06,0,0,0,0
2025-10-02 15:30:00+00:00,511.5,514.56,510.73,513.86,516.4106830256362,516.4106947227439,1.169710765225318e-05,2.2650785579647855e-06,0,0,0,0
2025-10-02 16:30:00+00:00,513.86,516.2,513.74,515.76,516.5780376763403,516.5780458189233,8.142583055814612e-06,1.5762542078717469e-06,0,0,0,0
2025-10-02 17:30:00+00:00,515.765,517.56,515.66,517.42,516.6820044129095,516.6820094808829,5.0679734613368055e-06,9.808689712534877e-07,0,0,0,0
2025-10-02 18:30:00+00:00,517.415,517.455,516.58,517.041,516.7545959485888,516.7545983891882,2.4405994736298453e-06,4.722937140306842e-07,0,0,0,0
2025-10-02 19:30:00+00:00,517.05,517.0739,515.06,515.61,516.8123084259083,516.8123086668209,2.409125272606616e-07,4.6615090881721805e-08,0,0,0,0
2025-10-03 13:30:00+00:00,517.1,519.13,515.0,518.315,516.8589205526316,516.858918968863,-1.5837686078157276e-06,-3.0642183869485e-07,0,0,0,0
2025-10-03 14:30:00+00:00,518.26,520.05,518.18,519.63,516.9045677767218,516.904564723207,-3.053514774364885e-06,-5.90730855310193e-07,0,0,0,0
2025-10-03 15:30:00+00:00,519.595,520.43,519.275,520.145,516.9710814828702,516.9710772846583,-4.198211854600231e-06,-8.120786645469914e-07,0,0,0,0
2025-10-03 16:30:00+00:00,520.145,520.49,518.03,518.055,517.0663641592157,517.0663590884963,-5.070719453215133e-06,-9.806709166743925e-07,0,0,0,0
2025-10-03 17:30:00+00:00,518.03,518.95,516.675,518.37,517.1781576635292,517.1781519411558,-5.722373430216976e-06,-1.1064607709012902e-06,0,0,0,0
2025-10-03 18:30:00+00:00,518.375,518.4126,516.88,517.72,517.2906654681076,517.2906592828631,-6.185244501466514e-06,-1.1957000027961748e-06,0,0,0,0
2025-10-03 19:30:00+00:00,517.69,517.82,516.765,517.35,517.3924945098622,517.3924880539357,-6.455926495618769e-06,-1.2477812423109493e-06,0,0,0,0
2025-10-06 13:30:00+00:00,518.61,524.25,518.2,522.53,517.4903592736746,517.4903527358556,-6.5378189901821315e-06,-1.263370200627179e-06,0,0,0,0
2025-10-06 14:30:00+00:00,522.52,524.57,522.45,523.7421,517.6261753565011,517.6261688974586,-6.459042538153881e-06,-1.2478199221098873e-06,0,0,0,0
2025-10-06 15:30:00+00:00,523.75,525.39,523.31,523.42,517.833317947647,517.8333116824028,-6.265244110181811e-06,-1.2098959053104477e-06,0,0,0,0
2025-10-06 16:30:00+00:00,523.425,525.35,523.34,524.8675,518.1229063246002,518.1229003423418,-5.982258358017134e-06,-1.1546021773971317e-06,0,0,0,0
2025-10-06 17:30:00+00:00,524.89,530.07,524.76,529.945,518.5144432554434,518.5144376370675,-5.618375894300698e-06,-1.0835524385832459e-06,0,0,0,0
2025-10-06 18:30:00+00:00,529.93,530.69,528.57,528.76,519.0207139107748,519.0207087122676,-5.198507210479875e-06,-1.0015991792137902e-06,0,0,0,0
2025-10-06 19:30:00+00:00,528.77,531.03,528.13,528.52,519.6641037907359,519.664099055407,-4.735328957394813e-06,-9.112287962267427e-07,0,0,0,0
2025-10-07 13:30:00+00:00,528.285,529.8,524.06,526.325,520.4485648879518,520.4485606565052,-4.2314466099924175e-06,-8.130383856286381e-07,0,0,0,0
2025-10-07 14:30:00+00:00,526.269,527.5,524.05,524.7872,521.2710955126819,521.271091796038,-3.7166438460189966e-06,-7.129963425966663e-07,0,0,0,0
2025-10-07 15:30:00+00:00,524.7,524.8343,522.3,523.295,522.0341182410978,522.0341150204474,-3.2206503419729415e-06,-6.169425003914222e-07,0,0,0,0
2025-10-07 16:30:00+00:00,523.33,524.45,521.85,522.4097,522.6964377920526,522.696435037661,-2.754391630332975e-06,-5.26958179008821e-07,0,0,0,0
2025-10-07 17:30:00+00:00,522.41,522.75,521.44,522.35,523.2422754155934,523.2422730934502,-2.322143245692132e-06,-4.4379885853980994e-07,0,0,0,0
2025-10-07 18:30:00+00:00,522.32,524.26,522.26,523.78,523.665437740124,523.6654358153985,-1.9247255522714113e-06,-3.6754870830841084e-07,0,0,0,0
2025-10-07 19:30:00+00:00,523.765,524.54,523.5001,523.97,523.9912240691343,523.99122250495,-1.5641843447156134e-06,-2.985134622234127e-07,0,0,0,0
2025-10-08 13:30:00+00:00,523.28,526.95,523.09,525.14,524.2505456041476,524.2505443632476,-1.240900019183755e-06,-2.366998050052077e-07,0,0,0,0
2025-10-08 14:30:00+00:00,525.17,526.13,524.27,525.0301,524.4680135236614,524.4680125695849,-9.54076540438109e-07,-1.8191319886757323e-07,0,0,0,0
2025-10-08 15:30:00+00:00,525.03,525.16,523.84,524.1401,524.653731018284,524.6537303155473,-7.027367701084586e-07,-1.3394296629598704e-07,0,0,0,0
2025-10-08 16:30:00+00:00,524.19,524.85,523.65,524.29,524.8051932929593,524.8051928073978,-4.855614861298818e-07,-9.25222334564112e-08,0,0,0,0
2025-10-08 17:30:00+00:00,524.3166,525.27,523.56,524.57,524.9186224790137,524.9186221780874,-3.009263309650123e-07,-5.7328187280504297e-08,0,0,0,0
2025-10-08 18:30:00+00:00,524.585,524.585,523.2701,524.1305,524.9958125741059,524.99581242768,-1.4642591850133613e-07,-2.789087360209513e-08,0,0,0,0
2025-10-08 19:30:00+00:00,524.11,525.31,523.885,524.83,525.0462469149014,525.0462468978775,-1.702392182778567e-08,-3.242366158755703e-09,0,0,0,0
2025-10-09 13:30:00+00:00,522.05,524.325,519.85,522.36,525.0719502934546,525.0719503842301,9.077552931557875e-08,1.7288207695125538e-08,0,0,0,0
2025-10-09 14:30:00+00:00,522.3,522.67,519.4,519.765,525.05339668803,525.0533968652192,1.7718912204145454e-07,3.374687663371782e-08,0,0,0,0
2025-10-09 15:30:00+00:00,519.76,520.25,518.125,519.515,524.9623748046278,524.9623750481853,2.435575652270927e-07,4.639524219573567e-08,0,0,0,0
2025-10-09 16:30:00+00:00,519.51,519.75,517.66,518.93,524.7305455183389,524.7305458048806,2.865417627617717e-07,5.4607410452677236e-08,0,0,0,0
2025-10-09 17:30:00+00:00,518.895,520.365,518.43,519.565,524.3660211783142,524.3660214878031,3.0948888252169127e-07,5.902153648824004e-08,0,0,0,0
2025-10-09 18:30:00+00:00,519.565,521.535,517.4,521.52,523.9307942939449,523.9307946118288,3.1788385967956856e-07,6.067287190247186e-08,0,0,0,0
2025-10-09 19:30:00+00:00,521.535,522.48,520.35,522.24,523.4949691258959,523.4949694434836,3.1758770546730375e-07,6.066681137310543e-08,0,0,0,0
2025-10-10 13:30:00+00:00,519.74,523.58,519.6,521.34,523.0908349232541,523.0908352342078,3.109537374257343e-07,5.944545701538744e-08,0,0,0,0
2025-10-10 14:30:00+00:00,521.26,521.5599,515.75,516.555,522.7193677410936,522.7193680398691,2.9877548968215706e-07,5.715791457532956e-08,0,0,0,0
2025-10-10 15:30:00+00:00,516.47,518.06,514.0501,515.69,522.3406931730899,522.3406934549593,2.81869347418251e-07,5.396273947296059e-08,0,0,0,0
2025-10-10 16:30:00+00:00,515.68,516.5,513.26,514.515,521.9096404633469,521.9096407249795,2.616325218696147e-07,5.012985037742158e-08,0,0,0,0
2025-10-10 17:30:00+00:00,514.518,515.88,513.55,515.07,521.388636681019,521.3886369195254,2.385064590271213e-07,4.574446818507046e-08,0,1,0,1
2025-10-10 18:30:00+00:00,515.09,515.65,512.38,513.06,520.7641613502351,520.7641615632194,2.1298433239280712e-07,4.0898423547538726e-08,0,0,0,0
2025-10-10 19:30:00+00:00,513.12,513.55,509.63,511.38,520.005449947748,520.005450132999,1.852509967648075e-07,3.5624818313620015e-08,0,0,0,0
2025-10-13 13:30:00+00:00,516.56,516.56,512.7,515.07,519.218484401314,519.2184845597912,1.5847729173401603e-07,3.052227462909927e-08,0,0,0,0
2025-10-13 14:30:00+00:00,515.0,515.5,511.68,512.84,518.4395436133873,518.4395437465955,1.3320823200047016e-07,2.5694072460608197e-08,0,0,0,0
2025-10-13 15:30:00+00:00,513.0,514.36,512.3,513.7901,517.6985347260618,517.6985348358853,1.0982353160216007e-07,2.1213799969565838e-08,0,0,0,0
2025-10-13 16:30:00+00:00,513.87,514.63,512.9521,513.21,517.0068944811353,517.0068945697,8.856466138240648e-08,1.713026699020898e-08,0,0,0,0
2025-10-13 17:30:00+00:00,513.22,514.6,512.18,514.15,516.3729235195034,516.3729235890618,6.9558382165269e-08,1.3470571169993149e-08,0,0,0,0
2025-10-13 18:30:00+00:00,514.1483,514.77,513.0523,514.0,515.804059297999,515.8040593508381,5.2839141062577255e-08,1.0244033584088206e-08,0,0,0,0
2025-10-13 19:30:00+00:00,513.95,515.0,513.43,513.97,515.306397871382,515.3063979097201,3.8338043850671966e-08,7.43985403810976e-09,0,0,0,0
2025-10-14 13:30:00+00:00,510.23,510.7,506.0,510.69,514.8605498115976,514.8605498376207,2.6023144528153352e-08,5.054406389783792e-09,0,0,0,0
2025-10-14 14:30:00+00:00,510.7,511.375,509.2,510.6784,514.4253353896595,514.4253354053026,1.5643081496818922e-08,3.0408847349965424e-09,0,0,0,0
2025-10-14 15:30:00+00:00,510.61,512.83,510.25,512.6025,513.9927052323857,513.9927052393416,6.955929165997077e-09,1.353312818486825e-09,0,0,0,0
2025-10-14 16:30:00+00:00,512.6,514.3583,512.38,514.03,513.5888004600348,513.5888004597914,-2.434035195619799e-10,-4.73926844479391e-11,0,0,0,0
2025-10-14 17:30:00+00:00,514.0,515.02,513.87,514.56,513.2448249858787,513.2448249797848,-6.093955562391784e-09,-1.1873389200873971e-09,0,0,0,0
2025-10-14 18:30:00+00:00,514.56,515.282,513.46,513.52,512.9845624457755,512.984562435131,-1.0644498615874909e-08,-2.0750134399999755e-09,0,0,0,0
2025-10-14 19:30:00+00:00,513.46,514.01,510.88,513.71,512.8030091192112,512.8030091051899,-1.402133875672007e-08,-2.7342543837258434e-09,0,0,0,0
2025-10-15 13:30:00+00:00,514.955,517.19,513.67,515.9,512.671597807466,512.6715977908775,-1.658850123931188e-08,-3.2356973372926536e-09,0,0,0,0
2025-10-15 14:30:00+00:00,515.91,517.13,514.91,515.95,512.5897594531705,512.5897594346725,-1.8497985365684144e-08,-3.608730963610696e-09,0,0,0,0
2025-10-15 15:30:00+00:00,515.915,516.37,513.75,514.1714,512.5612769298237,512.5612769099944,-1.982937192224199e-08,-3.868683182822039e-09,0,0,0,0
2025-10-15 16:30:00+00:00,514.18,514.49,510.0,511.0503,512.576114463136,512.5761144425451,-2.0590960048139095e-08,-4.017151690672464e-09,0,0,0,0
2025-10-15 17:30:00+00:00,511.01,513.51,510.91,513.13,512.6005557441326,512.6005557232156,-2.091701389872469e-08,-4.080567932346436e-09,0,0,0,0
2025-10-15 18:30:00+00:00,513.04,514.39,512.985,514.23,512.62215822689,512.6221582060432,-2.084675543301273e-08,-4.066690270494671e-09,0,0,0,0
2025-10-15 19:30:00+00:00,514.2,514.24,511.11,513.74,512.6458761291997,512.64587610875,-2.0449647308851127e-08,-3.989039658966709e-09,0,0,0,0
2025-10-16 13:30:00+00:00,512.52,515.59,511.65,514.88,512.6764388819565,512.6764388621452,-1.9811295715044253e-08,-3.864288313745932e-09,0,0,0,0
2025-10-16 14:30:00+00:00,514.98,516.85,514.2,514.34,512.7206568353911,512.7206568164197,-1.8971377357956953e-08,-3.7001390728144024e-09,0,0,0,0
2025-10-16 15:30:00+00:00,514.29,515.0,512.1994,512.245,512.7809821579892,512.7809821400033,-1.7985939848585986e-08,-3.5075286475902237e-09,1,0,1,0
2025-10-16 16:30:00+00:00,512.3,513.22,509.89,511.645,512.8455339915341,512.8455339746564,-1.6877720554475673e-08,-3.290994936255852e-09,0,0,0,0
2025-10-16 17:30:00+00:00,511.68,512.13,508.13,508.8,512.8864264855301,512.8864264698602,-1.5669911590521224e-08,-3.0552400651147495e-09,0,0,0,0
2025-10-16 18:30:00+00:00,508.78,510.8,508.2,509.49,512.8791170469076,512.8791170325059,-1.4401734915736597e-08,-2.8080174132766306e-09,0,0,0,0
2025-10-16 19:30:00+00:00,509.5,512.1,509.04,511.55,512.8259230217232,512.8259230086002,-1.312298536504386e-08,-2.5589551494821714e-09,0,1,0,1
2025-10-17 13:30:00+00:00,509.01,512.655,507.31,511.25,512.7421131424035,512.7421131305407,-1.1862766768899746e-08,-2.3135932206148065e-09,0,0,0,0
2025-10-17 14:30:00+00:00,511.41,511.537,509.025,509.755,512.6342323819221,512.6342323712952,-1.0626877156028058e-08,-2.0729940539965417e-09,0,0,0,0
2025-10-17 15:30:00+00:00,509.84,513.8,508.68,513.53,512.5128348594942,512.5128348500604,-9.43384748097742e-09,-1.8407046300730628e-09,0,0,0,0
2025-10-17 16:30:00+00:00,513.49,514.3655,511.45,511.78,512.3931069226408,512.3931069143478,-8.293000064441003e-09,-1.6184839242369139e-09,0,0,0,0
2025-10-17 17:30:00+00:00,511.75,515.298,511.25,514.98,512.2924222142451,512.292422207027,-7.218091013783123e-09,-1.4089786810792324e-09,0,0,0,0
2025-10-17 18:30:00+00:00,514.9675,515.48,514.08,515.21,512.2281046553035,512.2281046490923,-6.21116669208277e-09,-1.212578270429438e-09,0,0,0,0
2025-10-17 19:30:00+00:00,515.15,515.15,513.27,513.51,512.2065377919068,512.2065377866295,-5.277343007037416e-09,-1.0303154328696665e-09,0,0,0,0
2025-10-20 13:30:00+00:00,514.61,516.91,513.43,516.48,512.2250072897647,512.2250072853456,-4.419121069076937e-09,-8.627304419319474e-10,0,0,0,0
2025-10-20 14:30:00+00:00,516.47,518.7,515.98,517.242396,512.2930013298254,512.2930013261887,-3.636728251876775e-09,-7.098922379256496e-10,0,0,0,0
2025-10-20 15:30:00+00:00,517.26,517.8036,516.3,516.63,512.4306834486329,512.4306834457026,-2.930278242274653e-09,-5.718389505003929e-10,0,0,0,0
2025-10-20 16:30:00+00:00,516.655,517.79,516.04,517.59,512.630886506003,512.6308865037038,-2.2992026060819626e-09,-4.4851035444877327e-10,0,0,0,0
2025-10-20 17:30:00+00:00,517.57,518.0899,517.43,517.64,512.8797439683642,512.879743966623,-1.7412276065442711e-09,-3.3950017075575413e-10,0,0,0,0
2025-10-20 18:30:00+00:00,517.58,517.66,515.7,516.345,513.1648989052319,513.1648989039786,-1.2532836990430951e-09,-2.4422631043487325e-10,0,0,0,0
2025-10-20 19:30:00+00:00,516.36,517.11,516.0077,516.83,513.4656228247106,513.4656228238808,-8.298002285300754e-10,-1.616077477524443e-10,0,0,0,0
2025-10-21 13:30:00+00:00,517.79,518.69,514.75,514.855,513.7650561917567,513.7650561912917,-4.6497916628140956e-10,-9.050424132151596e-11,0,0,0,0
2025-10-21 14:30:00+00:00,514.855,517.56,514.1,516.05,514.0551834644484,514.0551834642911,-1.5734258340671659e-10,-3.0608111437825477e-11,0,0,0,0
2025-10-21 15:30:00+00:00,516.076,516.21,515.55,515.73,514.3296016597885,514.3296016598822,9.367795428261161e-11,1.8213603490894616e-11,0,0,0,0
2025-10-21 16:30:00+00:00,515.73,515.8899,513.04,514.21,514.5777347397602,514.5777347400528,2.9262992029543966e-10,5.6867971647361065e-11,0,0,0,0
2025-10-21 17:30:00+00:00,514.235,516.44,513.64,516.015,514.7878962933069,514.7878962937497,4.4281023292569444e-10,8.601799617165004e-11,0,0,0,0
2025-10-21 18:30:00+00:00,516.04,517.63,515.88,517.195,514.9666373035504,514.9666373041014,5.509264155989513e-10,1.0698293359035686e-10,0,0,0,0
2025-10-21 19:30:00+00:00,517.16,518.35,516.98,517.77,515.1416482373455,515.1416482379647,6.191385182319209e-10,1.2018801437438037e-10,0,0,0,0
2025-10-22 13:30:00+00:00,521.15,524.21,519.07,523.465,515.3785051591221,515.3785051597687,6.465370461228304e-10,1.2544897384170364e-10,0,0,0,0
2025-10-22 14:30:00+00:00,523.51,525.23,521.2,522.75,515.7362526839074,515.7362526845515,6.440359356929548e-10,1.2487699523571824e-10,1,0,1,0
2025-10-22 15:30:00+00:00,522.692,524.17,522.08,523.005,516.2319328340473,516.2319328346676,6.203890734468587e-10,1.201764234228987e-10,0,0,0,0
2025-10-22 16:30:00+00:00,523.06,523.47,520.1,520.5546,516.7926419027331,516.7926419033189,5.858282747794874e-10,1.1335847829074696e-10,0,0,0,0
2025-10-22 17:30:00+00:00,520.45,520.46,517.71,519.33,517.3472563275983,517.3472563281448,5.464926289278083e-10,1.0563361885923568e-10,0,0,0,0
2025-10-22 18:30:00+00:00,519.33,520.18,518.955,520.01,517.8582504109321,517.8582504114354,5.032916305935942e-10,9.71871414994781e-11,0,0,0,0
2025-10-22 19:30:00+00:00,520.03,520.9754,519.6,520.48,518.3092051610927,518.3092051615508,4.581579560181126e-10,8.839471717962547e-11,0,0,0,0
2025-10-23 13:30:00+00:00,522.4,523.2,518.61,521.4051,518.7090356267584,518.709035627171,4.126832209294662e-10,7.955967461234202e-11,0,0,0,0
2025-10-23 14:30:00+00:00,521.35,523.235,521.2,523.1582,519.0771373469049,519.0771373472721,3.672084858408198e-10,7.074256587714252e-11,0,0,0,0
2025-10-23 15:30:00+00:00,523.17,523.95,521.45,522.49,519.4337292273082,519.4337292276309,3.227569322916679e-10,6.213630616013135e-11,0,0,0,0
2025-10-23 16:30:00+00:00,522.51,523.11,521.63,522.06,519.7832601798186,519.783260180099,2.8035174182150513e-10,5.393627754085763e-11,0,0,0,0
2025-10-23 17:30:00+00:00,522.09,523.315,522.01,523.19,520.1264674820289,520.1264674822692,2.4022028810577467e-10,4.61849767554993e-11,0,0,0,0
2025-10-23 18:30:00+00:00,523.16,523.62,522.35,522.52,520.4588103935646,520.4588103937674,2.02817318495363e-10,3.896894709919408e-11,0,0,0,0
2025-10-23 19:30:00+00:00,522.49,522.93,520.1,520.59,520.7700266702609,520.7700266704294,1.6848389350343496e-10,3.2352840001315e-11,0,0,0,0
2025-10-24 13:30:00+00:00,522.83,525.05,520.71,523.11,521.0507800045934,521.0507800047305,1.3710632629226893e-10,2.631342885448905e-11,0,0,0,0
2025-10-24 14:30:00+00:00,523.105,523.78,522.0,523.205,521.3045214556373,521.3045214557462,1.0891199053730816e-10,2.089220140143682e-11,0,0,0,0
2025-10-24 15:30:00+00:00,523.2,523.94,522.14,523.94,521.5451921511244,521.5451921512083,8.390088623855263e-11,1.6086982969299673e-11,0,0,0,0
2025-10-24 16:30:00+00:00,523.88,525.02,523.35,523.785,521.7820342859861,521.7820342860482,6.207301339600235e-11,1.189634930243314e-11,0,0,0,0
2025-10-24 17:30:00+00:00,523.77,525.1,523.67,524.82,522.0223041182413,522.0223041182846,4.331468517193571e-11,8.297477872157098e-12,0,0,0,0
2025-10-24 18:30:00+00:00,524.84,525.345,524.6711,524.855,522.2712281601295,522.2712281601569,2.7398527890909463e-11,5.246034323473974e-12,0,0,0,0
2025-10-24 19:30:00+00:00,524.82,525.26,522.95,523.5,522.5158748090429,522.5158748090568,1.3869794202037156e-11,2.6544254195350465e-12,0,0,0,0
2025-10-27 13:30:00+00:00,531.78,533.7999,529.01,533.27,522.7921726027764,522.7921726027794,2.9558577807620168e-12,5.65398247270223e-13,0,0,0,0
2025-10-27 14:30:00+00:00,533.26,534.58,532.24,532.6651,523.178592694652,523.1785926946466,-5.4569682106375694e-12,-1.043041188388699e-12,0,0,0,0
2025-10-27 15:30:00+00:00,532.6475,533.38,531.6,531.72,523.7362362150132,523.7362362150016,-1.1596057447604835e-11,-2.2141025664766537e-12,0,0,0,0
2025-10-27 16:30:00+00:00,531.745,531.83,530.445,530.795,524.4691431393106,524.4691431392948,-1.5802470443304628e-11,-3.01304102443776e-12,0,0,0,0
2025-10-27 17:30:00+00:00,530.82,532.571,530.7012,532.54,525.2884143841329,525.2884143841146,-1.830358087318018e-11,-3.4844821191497168e-12,0,0,0,0
2025-10-27 18:30:00+00:00,532.5,533.63,532.2,532.83,526.1382631568677,526.1382631568481,-1.9554136088117957e-11,-3.716539445504633e-12,0,0,0,0
2025-10-27 19:30:00+00:00,532.8101,533.44,531.17,531.41,526.9800210087301,526.9800210087101,-2.000888343900442e-11,-3.796896019075635e-12,0,0,0,0
2025-10-28 13:30:00+00:00,550.0,553.72,542.46,545.61,527.9430978104926,527.9430978104733,-1.9326762412674725e-11,-3.660766187270459e-12,0,0,0,0
2025-10-28 14:30:00+00:00,545.6017,545.99,542.18,543.391,529.0869154763384,529.0869154763202,-1.8189894035458565e-11,-3.4379784310262436e-12,0,0,0,0
2025-10-28 15:30:00+00:00,543.37,544.54,540.77,542.54,530.42996036752,530.4299603675033,-1.6711965145077556e-11,-3.1506450226714765e-12,0,0,0,0
2025-10-28 16:30:00+00:00,542.7,543.514,541.8,542.93,531.8826601540526,531.8826601540375,-1.5120349416974932e-11,-2.8427979608501487e-12,0,0,0,0
2025-10-28 17:30:00+00:00,542.9695,544.85,541.93,543.7709,533.3646773542071,533.3646773541936,-1.3415046851150692e-11,-2.5151734677476157e-12,0,0,0,0
2025-10-28 18:30:00+00:00,543.744,545.5,543.17,544.61,534.8440629276695,534.8440629276579,-1.1596057447604835e-11,-2.1681193176436262e-12,0,0,0,0
2025-10-28 19:30:00+00:00,544.6,544.6597,541.31,542.01,536.2524774247504,536.2524774247405,-9.890754881780595e-12,-1.8444212937307156e-12,0,0,0,0
2025-10-29 13:30:00+00:00,544.95,546.27,537.1701,538.195,537.5342282577423,537.534228257734,-8.29913915367797e-12,-1.5439275710082999e-12,0,0,0,0
2025-10-29 14:30:00+00:00,538.17,539.57,537.5,537.63,538.6393354152904,538.6393354152835,-6.821210263296962e-12,-1.2663780408903512e-12,0,0,0,0
2025-10-29 15:30:00+00:00,537.6,539.42,536.7287,538.405,539.536118658895,539.5361186588894,-5.5706550483591855e-12,-1.032489736221174e-12,0,0,0,0
2025-10-29 16:30:00+00:00,538.405,539.5799,538.11,538.83,540.2236833779913,540.2236833779868,-4.433786671143025e-12,-8.207316353512646e-13,0,0,0,0
2025-10-29 17:30:00+00:00,538.68,539.92,537.9,539.8228,540.7306074730675,540.7306074730641,-3.410605131648481e-12,-6.307401660850787e-13,0,0,0,0
2025-10-29 18:30:00+00:00,539.84,540.55,536.91,538.85,541.0857447980937,541.0857447980912,-2.5011104298755527e-12,-4.622392021820576e-13,0,0,0,0
2025-10-29 19:30:00+00:00,538.81,543.15,538.18,542.56,541.3348428722713,541.3348428722697,-1.5916157281026244e-12,-2.9401686387997167e-13,0,0,0,0
2025-10-30 13:30:00+00:00,530.24,534.97,524.11,528.39,541.4918736893944,541.4918736893935,-9.094947017729282e-13,-1.6796091427488793e-13,0,0,0,0
2025-10-30 14:30:00+00:00,528.5,530.99,524.12,525.27,541.4905599279896,541.4905599279892,-3.410605131648481e-13,-6.298549566777383e-14,0,0,0,0
2025-10-30 15:30:00+00:00,525.345,527.78,522.16,526.655,541.2718618999502,541.2718618999504,2.2737367544323206e-13,4.2007296415726166e-14,0,1,0,1
2025-10-30 16:30:00+00:00,526.65,527.5,524.57,526.8726,540.8343131186127,540.8343131186134,6.821210263296962e-13,1.261238441763027e-13,0,0,0,0
2025-10-30 17:30:00+00:00,526.87,527.72,522.89,523.685,540.1926737440749,540.1926737440759,1.0231815394945443e-12,1.8941048059813068e-13,0,0,0,0
2025-10-30 18:30:00+00:00,523.71,524.45,522.12,523.82,539.3868924169171,539.3868924169183,1.1368683772161603e-12,2.1077048649106255e-13,0,0,0,0
2025-10-30 19:30:00+00:00,523.85,526.6486,523.27,525.78,538.2203324229451,538.2203324229463,1.1368683772161603e-12,2.1122731876334704e-13,0,0,0,0
2025-10-31 13:30:00+00:00,528.875,529.32,515.1,518.0,536.7824729503452,536.7824729503463,1.1368683772161603e-12,2.1179312561521095e-13,0,0,0,0
2025-10-31 14:30:00+00:00,517.92,522.0,517.5,519.395,535.1409138630081,535.1409138630092,1.1368683772161603e-12,2.1244280670103833e-13,0,0,0,0
2025-10-31 15:30:00+00:00,519.47,520.44,515.9,517.6899,533.3321531672426,533.3321531672436,1.0231815394945443e-12,1.9184696317637807e-13,0,0,0,0
2025-10-31 16:30:00+00:00,517.625,518.6395,515.9201,516.51,531.3510987570561,531.3510987570569,7.958078640513122e-13,1.497706254702168e-13,0,0,0,0
2025-10-31 17:30:00+00:00,516.525,518.42,515.94,517.1227,529.2592077027814,529.2592077027821,6.821210263296962e-13,1.2888222186826045e-13,0,0,0,0
2025-10-31 18:30:00+00:00,517.1,518.7999,516.08,518.71,527.2166888921754,527.2166888921759,4.547473508864641e-13,8.625435432288971e-14,0,0,0,0
2025-10-31 19:30:00+00:00,518.67,519.62,516.87,517.82,525.3218076757466,525.3218076757469,2.2737367544323206e-13,4.3282740621264634e-14,0,0,0,0
2025-11-03 14:30:00+00:00,519.92,524.96,519.31,519.46,523.6558637875357,523.6558637875357,0.0,0.0,0,0,0,0
2025-11-03 15:30:00+00:00,519.41,520.41,518.39,518.67,522.2534674555932,522.253467455593,-2.2737367544323206e-13,-4.353703510117249e-14,0,0,0,0
2025-11-03 16:30:00+00:00,518.65,520.44,517.77,518.64,521.1086826672661,521.1086826672656,-4.547473508864641e-13,-8.726535673112658e-14,0,0,0,0
2025-11-03 17:30:00+00:00,518.6401,519.8,517.2617,517.445,520.1809899728951,520.1809899728945,-5.684341886080801e-13,-1.0927623261236428e-13,0,0,0,0
2025-11-03 18:30:00+00:00,517.46,517.89,516.0,516.215,519.4179921611989,519.4179921611983,-5.684341886080801e-13,-1.0943675367172674e-13,0,0,0,0
2025-11-03 19:30:00+00:00,516.2,516.88,515.42,515.44,518.7682816121091,518.7682816121086,-5.684341886080801e-13,-1.0957381334911815e-13,0,0,0,0
2025-11-03 20:30:00+00:00,515.44,517.18,514.59,517.04,518.1960981733204,518.1960981733199,-4.547473508864641e-13,-8.77558423325614e-14,0,0,0,0
2025-11-04 14:30:00+00:00,511.76,515.09,507.84,514.63,517.6719992023949,517.6719992023945,-3.410605131648481e-13,-6.588351575714707e-14,0,0,0,0
2025-11-04 15:30:00+00:00,514.585,515.55,513.23,513.32,517.1708458709057,517.1708458709055,-2.2737367544323206e-13,-4.3964905844670956e-14,0,0,0,0
2025-11-04 16:30:00+00:00,513.28,513.94,511.75,512.47,516.6733714998802,516.67337149988,-2.2737367544323206e-13,-4.4007237064139035e-14,0,0,0,0
2025-11-04 17:30:00+00:00,512.4401,513.07,509.93,510.24,516.1737113647172,516.1737113647171,-1.1368683772161603e-13,-2.202491820457849e-14,0,0,0,0
2025-11-04 18:30:00+00:00,510.23,513.02,510.22,512.34,515.6697797422071,515.669779742207,-1.1368683772161603e-13,-2.204644177102063e-14,0,0,0,0
2025-11-04 19:30:00+00:00,512.34,514.02,511.41,513.755,515.1696273457769,515.1696273457767,-2.2737367544323206e-13,-4.413569111492301e-14,0,0,0,0
2025-11-04 20:30:00+00:00,513.77,515.01,513.21,514.79,514.7131560788309,514.7131560788307,-2.2737367544323206e-13,-4.417483267290114e-14,0,0,0,0
2025-11-05 14:30:00+00:00,513.3,514.83,511.1,514.25,514.3202686938159,514.3202686938156,-3.410605131648481e-13,-6.631286650067597e-14,0,0,0,0
2025-11-05 15:30:00+00:00,514.28,514.315,508.75,510.09,513.9836453401647,513.9836453401642,-4.547473508864641e-13,-8.84750623894858e-14,0,0,0,0
2025-11-05 16:30:00+00:00,510.06,510.1,508.22,508.74,513.6676754182668,513.6676754182663,-4.547473508864641e-13,-8.852948562826631e-14,0,0,0,0
2025-11-05 17:30:00+00:00,508.7599,509.63,508.268201,508.845,513.3330817697154,513.3330817697148,-5.684341886080801e-13,-1.1073398711191645e-13,0,0,0,0
2025-11-05 18:30:00+00:00,508.84,509.56,507.7794,508.43,512.9624568579732,512.9624568579726,-5.684341886080801e-13,-1.1081399447629862e-13,0,0,0,0
2025-11-05 19:30:00+00:00,508.4117,508.465,507.54,507.805,512.5565212222084,512.556521222208,-4.547473508864641e-13,-8.872140574899011e-14,0,0,0,0
2025-11-05 20:30:00+00:00,507.82,508.2,506.575,506.99,512.0838343149522,512.0838343149519,-3.410605131648481e-13,-6.660247606158215e-14,0,0,0,0
2025-11-06 14:30:00+00:00,505.7,505.7,498.5,501.265,511.5075501548426,511.50755015484236,-2.2737367544323206e-13,-4.445167532217304e-14,0,0,0,0
2025-11-06 15:30:00+00:00,501.36,501.44,495.81,498.1951,510.7310185168542,510.73101851685414,-5.684341886080802e-14,-1.1129815264770759e-14,0,0,0,0
2025-11-06 16:30:00+00:00,498.2,498.55,496.85,497.67,509.6875386769247,509.68753867692476,5.684341886080802e-14,1.1152601260051467e-14,0,0,0,0
2025-11-06 17:30:00+00:00,497.6964,498.35,496.45,497.6,508.4029456614568,508.402945661457,2.2737367544323206e-13,4.4723123141508933e-14,0,0,0,0
2025-11-06 18:30:00+00:00,497.58,500.0,497.58,499.71,507.0547259309651,507.05472593096545,3.410605131648481e-13,6.726305775745458e-14,0,0,0,0
2025-11-06 19:30:00+00:00,499.695,500.68,498.585,498.83,505.72036312995334,505.7203631299537,3.410605131648481e-13,6.744053394527973e-14,0,0,0,0
2025-11-06 20:30:00+00:00,498.81,499.115,496.15,497.36,504.4707566094349,504.4707566094352,3.410605131648481e-13,6.760758848681882e-14,0,0,0,0
2025-11-07 14:30:00+00:00,496.945,499.377,493.25,496.0284,503.2884538149624,503.28845381496274,3.410605131648481e-13,6.776640921912376e-14,0,0,0,0
2025-11-07 15:30:00+00:00,496.06,496.82,493.87,495.19,502.15075825582915,502.1507582558295,3.410605131648481e-13,6.79199438729293e-14,0,0,0,0
2025-11-07 16:30:00+00:00,495.19,495.69,494.18,494.855,501.053751973758,501.0537519737583,3.410605131648481e-13,6.806864768926242e-14,0,0,0,0
2025-11-07 17:30:00+00:00,494.8,495.58,493.61,495.575,499.98901022689626,499.98901022689654,2.8421709430404007e-13,5.684466828082115e-14,0,0,0,0
2025-11-07 18:30:00+00:00,495.575,496.64,494.56,495.77,498.98580536335066,498.98580536335083,1.7053025658242404e-13,3.4175372275018444e-14,0,0,0,0
2025-11-07 19:30:00+00:00,495.79,497.46,495.15,496.7025,498.0937584177681,498.0937584177681,0.0,0.0,0,0,0,0
2025-11-07 20:30:00+00:00,496.73,498.3,495.58,496.92,497.362129069861,497.3621290698609,-1.1368683772161603e-13,-2.285796024201256e-14,0,0,0,0
2025-11-10 14:30:00+00:00,500.035,506.49,498.8,504.5,496.7839348773862,496.78393487738595,-2.2737367544323206e-13,-4.5769128081678276e-14,0,0,0,0
2025-11-10 15:30:00+00:00,504.5,504.67,501.58,502.075,496.39051231987986,496.3905123198795,-3.410605131648481e-13,-6.870810474819565e-14,0,0,0,0
2025-11-10 16:30:00+00:00,502.075,502.2098,499.99,501.335,496.20514146633474,496.2051414663342,-5.115907697472721e-13,-1.0310065877904273e-13,0,0,0,0
2025-11-10 17:30:00+00:00,501.3715,504.74,501.3,504.472,496.1696350158477,496.16963501584706,-6.252776074688882e-13,-1.2602093383826617e-13,0,0,0,0
2025-11-10 18:30:00+00:00,504.47,505.93,503.95,504.8001,496.2519365642311,496.25193656423033,-7.389644451905042e-13,-1.4890913077471855e-13,0,0,0,0
2025-11-10 19:30:00+00:00,504.85,506.78,504.83,505.81,496.4454089574468,496.445408957446,-7.958078640513122e-13,-1.6030118310944548e-13,1,0,1,0
2025-11-10 20:30:00+00:00,505.81,506.85,505.02,506.15,496.767761924677,496.76776192467605,-9.663381206337363e-13,-1.9452512717205239e-13,0,0,0,0
2025-11-11 14:30:00+00:00,504.75,506.2,502.6,504.7295,497.2153032364277,497.2153032364266,-1.0800249583553523e-12,-2.1721474607184335e-13,0,0,0,0
2025-11-11 15:30:00+00:00,504.72,504.82,502.3488,503.45,497.7355233773544,497.73552337735333,-1.0800249583553523e-12,-2.1698771890479262e-13,0,0,0,0
2025-11-11 16:30:00+00:00,503.45,505.44,502.95,504.7,498.29613910440463,498.29613910440355,-1.0800249583553523e-12,-2.1674359353787045e-13,0,0,0,0
2025-11-11 17:30:00+00:00,504.705,506.79,504.34,506.63,498.87785810720214,498.87785810720106,-1.0800249583553523e-12,-2.1649085859474433e-13,0,0,0,0
2025-11-11 18:30:00+00:00,506.6795,509.22,506.61,509.12,499.4994145775302,499.49941457752914,-1.0800249583553523e-12,-2.1622146629917929e-13,0,0,0,0
2025-11-11 19:30:00+00:00,509.15,509.56,508.64,508.92,500.2106720325564,500.2106720325554,-9.663381206337363e-13,-1.9318622625685237e-13,0,0,0,0
2025-11-11 20:30:00+00:00,508.91,509.6,506.7,508.82,501.0163836650077,501.01638366500686,-8.526512829121202e-13,-1.7018431147397856e-13,0,0,0,0
2025-11-12 14:30:00+00:00,509.355,509.57,504.75,505.695,501.8525518859224,501.8525518859217,-7.389644451905042e-13,-1.4724732242837742e-13,0,0,0,0
2025-11-12 15:30:00+00:00,505.68,505.76,499.75,501.705,502.6315480734912,502.63154807349065,-5.684341886080801e-13,-1.1309162562254602e-13,0,0,0,0
2025-11-12 16:30:00+00:00,501.69,502.53,499.1201,501.91,503.29519426046625,503.2951942604658,-4.547473508864641e-13,-9.035400219838429e-14,0,0,0,0
2025-11-12 17:30:00+00:00,501.91,508.5,501.75,508.23,503.8155271840552,503.8155271840549,-3.410605131648481e-13,-6.769551448148421e-14,0,0,0,0
2025-11-12 18:30:00+00:00,508.205,510.07,507.85,509.51,504.24212173402634,504.2421217340261,-2.2737367544323206e-13,-4.509216220598987e-14,0,0,0,0
2025-11-12 19:30:00+00:00,509.54,511.47,509.44,510.805,504.65940443931703,504.65940443931686,-1.7053025658242404e-13,-3.3791157973541643e-14,0,0,0,0
2025-11-12 20:30:00+00:00,510.805,511.67,510.22,511.409,505.1022420201957,505.1022420201957,0.0,0.0,0,0,0,0
2025-11-13 14:30:00+00:00,510.31,513.5,505.45,511.6536,505.5761907313818,505.5761907313819,1.1368683772161603e-13,2.248658853122676e-14,0,0,0,0
2025-11-13 15:30:00+00:00,511.65,512.94,509.27,509.915,506.071426439327,506.0714264393271,1.1368683772161603e-13,2.2464583412959386e-14,0,0,0,0
2025-11-13 16:30:00+00:00,509.97,510.45,508.01,509.705,506.5584108526773,506.55841085267735,5.684341886080802e-14,1.1221493443396762e-14,0,0,0,0
2025-11-13 17:30:00+00:00,509.74,510.0373,506.76,506.93,507.0120785075988,507.0120785075989,1.1368683772161603e-13,2.2422905201046836e-14,0,0,0,0
2025-11-13 18:30:00+00:00,506.93,506.94,502.94,504.64,507.4073573906894,507.4073573906896,1.7053025658242404e-13,3.360815606997999e-14,0,0,0,0
2025-11-13 19:30:00+00:00,504.64,504.91,501.29,502.79,507.710541117221,507.7105411172213,2.8421709430404007e-13,5.598014444975244e-14,0,0,0,0
2025-11-13 20:30:00+00:00,502.79,504.145,501.8309,503.276,507.90717231728513,507.9071723172854,2.8421709430404007e-13,5.5958472294715335e-14,0,0,0,0
2025-11-14 14:30:00+00:00,498.23,506.225,497.44,505.4173,507.99802888743943,507.9980288874398,3.410605131648481e-13,6.713815679793103e-14,0,0,0,0
2025-11-14 15:30:00+00:00,505.37,509.5,504.9,509.5,508.0031162703933,508.0031162703936,2.8421709430404007e-13,5.5947903703953e-14,0,0,0,0
2025-11-14 16:30:00+00:00,509.51,511.41,508.12,509.64,507.9744452758096,507.97444527580984,2.2737367544323206e-13,4.476084920369908e-14,0,0,0,0
2025-11-14 17:30:00+00:00,509.65,509.8999,507.41,508.0101,507.955894801033,507.95589480103325,2.2737367544323206e-13,4.4762483863346955e-14,0,0,0,0
2025-11-14 18:30:00+00:00,508.01,510.78,507.62,510.43,507.9590326379408,507.959032637941,1.7053025658242404e-13,3.357165551261558e-14,0,0,0,0
2025-11-14 19:30:00+00:00,510.46,511.6,509.6,510.06,507.98647777269497,507.9864777726952,2.2737367544323206e-13,4.4759788969220027e-14,0,0,0,0
2025-11-14 20:30:00+00:00,510.04,510.47,508.61,510.4,508.0410772053537,508.041077205354,2.8421709430404007e-13,5.594372326495119e-14,0,0,0,0
2025-11-17 14:30:00+00:00,508.45,512.12,506.05,507.48,508.1198337223771,508.1198337223775,3.979039320256561e-13,7.830907310007899e-14,0,0,0,0
2025-11-17 15:30:00+00:00,507.4994,508.37,505.6,507.33,508.1994306250782,508.1994306250788,5.684341886080801e-13,1.1185258273684291e-13,0,0,0,0
2025-11-17 16:30:00+00:00,507.32,510.82,507.23,510.315,508.2653204958029,508.2653204958036,7.389644451905042e-13,1.4538950728915732e-13,0,0,0,0
2025-11-17 17:30:00+00:00,510.33,510.53,507.285,507.99,508.3219516530688,508.3219516530697,8.526512829121202e-13,1.6773843430119208e-13,0,0,0,0
2025-11-17 18:30:00+00:00,507.99,509.2,506.11,506.89,508.3715412975979,508.37154129759904,1.1368683772161603e-12,2.2362942943547737e-13,0,0,0,0
2025-11-17 19:30:00+00:00,506.87,507.26,504.91,506.33,508.40146835918347,508.4014683591848,1.3073986337985843e-12,2.5715870530785183e-13,0,0,0,0
2025-11-17 20:30:00+00:00,506.37,507.75,505.33,507.49,508.4012350083799,508.4012350083814,1.4779288903810084e-12,2.9070127855937407e-13,0,0,0,0
2025-11-18 14:30:00+00:00,495.365,502.98,492.5,493.54,508.311862464925,508.31186246492666,1.6484591469634324e-12,3.24300743045748e-13,0,0,0,0
2025-11-18 15:30:00+00:00,493.54,494.01,486.78,492.24,508.0020121188781,508.00201211887963,1.5347723092418164e-12,3.021193366617341e-13,0,1,0,1
2025-11-18 16:30:00+00:00,492.205,494.44,488.63,488.8499,507.36542186164473,507.3654218616462,1.4779288903810084e-12,2.9129476048212646e-13,0,0,0,0
2025-11-18 17:30:00+00:00,488.805,493.33,487.9,492.13,506.4458873723635,506.44588737236484,1.3642420526593924e-12,2.6937567994432856e-13,0,0,0,0
2025-11-18 18:30:00+00:00,492.16,493.48,491.605,493.08,505.3745363312432,505.3745363312444,1.2505552149377763e-12,2.474511723554887e-13,0,0,0,0
2025-11-18 19:30:00+00:00,493.13,495.27,492.8101,495.26,504.2383382375603,504.23833823756144,1.1368683772161603e-12,2.2546250275014805e-13,0,0,0,0
2025-11-18 20:30:00+00:00,495.26,495.7399,492.95,493.79,503.1022173593012,503.1022173593022,9.663381206337363e-13,1.9207590173342552e-13,0,0,0,0
2025-11-19 14:30:00+00:00,490.1,495.1872,488.95,494.7,501.963065233196,501.96306523319686,8.526512829121202e-13,1.6986335090531125e-13,0,0,0,0
2025-11-19 15:30:00+00:00,494.685,494.85,487.83,489.1951,500.8071713298857,500.80717132988644,7.389644451905042e-13,1.4755468521510893e-13,0,0,0,0
2025-11-19 16:30:00+00:00,489.11,489.61,486.125,487.3713,499.6011172261288,499.6011172261295,6.821210263296962e-13,1.365331266905385e-13,0,0,0,0
2025-11-19 17:30:00+00:00,487.37,487.4,484.18,486.201,498.2792291971057,498.27922919710636,6.821210263296962e-13,1.36895336261321e-13,0,0,0,0
2025-11-19 18:30:00+00:00,486.15,487.37,484.2801,484.34,496.7965899384399,496.79658993844055,6.252776074688882e-13,1.258618960219451e-13,0,0,0,0
2025-11-19 19:30:00+00:00,484.32,487.853,482.83,487.53,495.2572363437161,495.2572363437166,5.115907697472721e-13,1.0329798985354356e-13,0,0,0,0
2025-11-19 20:30:00+00:00,487.51,488.63,485.77,486.979,493.7651488537609,493.7651488537613,3.979039320256561e-13,8.058566566501514e-14,0,0,0,0
2025-11-20 14:30:00+00:00,492.81,493.57,489.8,492.81,492.42738417802445,492.42738417802474,2.8421709430404007e-13,5.771756474885415e-14,0,0,0,0
2025-11-20 15:30:00+00:00,492.82,493.11,485.96,486.67,491.3060155140201,491.3060155140202,1.1368683772161603e-13,2.3139720282617184e-14,0,0,0,0
2025-11-20 16:30:00+00:00,486.6,487.2,480.31,481.77,490.3761651806927,490.3761651806927,0.0,0.0,0,0,0,0
2025-11-20 17:30:00+00:00,481.79,483.37,479.19,481.97,489.510097619491,489.51009761949086,-1.1368683772161603e-13,-2.3224615441944933e-14,0,0,0,0
2025-11-20 18:30:00+00:00,481.9,482.35,478.28,479.945,488.6091043165664,488.6091043165663,-1.1368683772161603e-13,-2.3267441543201193e-14,0,0,0,0
2025-11-20 19:30:00+00:00,479.91,480.6,478.33,478.98,487.6329574338277,487.6329574338276,-1.1368683772161603e-13,-2.3314018461732758e-14,0,0,0,0
2025-11-20 20:30:00+00:00,478.99,479.43,475.5,478.26,486.6311776081821,486.6311776081821,0.0,0.0,0,0,0,0
2025-11-21 14:30:00+00:00,478.5,478.92,469.35,473.27,485.59185125300775,485.5918512530078,5.684341886080802e-14,1.170600756872893e-14,0,0,0,0
2025-11-21 15:30:00+00:00,473.28,474.08,468.27,471.045,484.46574197715654,484.46574197715665,1.1368683772161603e-13,2.3466434852059482e-14,0,0,0,0
2025-11-21 16:30:00+00:00,471.064,475.78,469.93,474.25,483.26334280578345,483.2633428057835,5.684341886080802e-14,1.1762410641531436e-14,0,0,0,0
2025-11-21 17:30:00+00:00,474.38,475.46,471.0,472.82,482.0005042814997,482.0005042814997,0.0,0.0,0,0,0,0
2025-11-21 18:30:00+00:00,472.82,476.9,472.61,476.57,480.7635844051006,480.7635844051005,-5.684341886080802e-14,-1.1823569984225483e-14,0,0,0,0
2025-11-21 19:30:00+00:00,476.63,476.82,473.385,473.39,479.6151579128118,479.6151579128118,0.0,0.0,0,0,0,0
2025-11-21 20:30:00+00:00,473.39,474.19,470.7075,472.24,478.5721499004466,478.57214990044656,-5.684341886080802e-14,-1.1877711411462762e-14,0,0,0,0
2025-11-24 14:30:00+00:00,475.19,476.18,468.02,472.41,477.61490766548735,477.61490766548724,-1.1368683772161603e-13,-2.3803033761509012e-14,0,0,0,0
2025-11-24 15:30:00+00:00,472.46,475.75,472.0,475.33,476.7413471810107,476.74134718101055,-1.7053025658242404e-13,-3.576997413603326e-14,0,0,0,0
2025-11-24 16:30:00+00:00,475.375,476.9,474.63,475.79,475.9720768827363,475.9720768827361,-2.2737367544323206e-13,-4.777038118125769e-14,0,0,0,0
2025-11-24 17:30:00+00:00,475.8451,476.38,474.89,475.32,475.329645217758,475.3296452177577,-3.410605131648481e-13,-7.17524178422748e-14,0,0,0,0
2025-11-24 18:30:00+00:00,475.28,475.4,473.87,474.12,474.8163469976897,474.8163469976893,-3.979039320256561e-13,-8.380164974134561e-14,0,0,0,0
2025-11-24 19:30:00+00:00,474.144,475.05,473.83,474.295,474.4153096932198,474.4153096932194,-3.979039320256561e-13,-8.38724897564879e-14,0,0,0,0
2025-11-24 20:30:00+00:00,474.28,476.51,473.53,473.79,474.1178108363472,474.1178108363468,-3.979039320256561e-13,-8.392511796250613e-14,0,0,0,0
2025-11-25 14:30:00+00:00,474.61,474.61,464.89,468.38,473.87726694986515,473.8772669498648,-3.410605131648481e-13,-7.197233059102017e-14,0,0,0,0
2025-11-25 15:30:00+00:00,468.38,472.36,468.337,472.15,473.6344618720587,473.63446187205847,-2.2737367544323206e-13,-4.8006151103221825e-14,0,0,0,0
2025-11-25 16:30:00+00:00,472.2,477.06,472.19,475.99,473.39258815669734,473.3925881566972,-1.7053025658242404e-13,-3.6023009410949404e-14,0,0,0,0
2025-11-25 17:30:00+00:00,475.985,477.2099,475.42,476.745,473.19069933309765,473.19069933309754,-1.1368683772161603e-13,-2.4025585854042193e-14,0,0,0,0
2025-11-25 18:30:00+00:00,476.75,477.76,476.185,476.38,473.06092082533905,473.06092082533894,-1.1368683772161603e-13,-2.4032176981194956e-14,0,0,0,0
2025-11-25 19:30:00+00:00,476.384,477.3799,475.0,477.0885,473.00590305962766,473.00590305962754,-1.1368683772161603e-13,-2.403497228813327e-14,0,0,0,0
2025-11-25 20:30:00+00:00,477.12,479.15,476.71,476.94,473.0273012264024,473.0273012264023,-1.1368683772161603e-13,-2.403388502669167e-14,0,0,0,0
2025-11-26 14:30:00+00:00,486.31,487.97,481.2,483.24,473.1792765267541,473.17927652675394,-1.7053025658242404e-13,-3.603924876722323e-14,1,0,1,0
2025-11-26 15:30:00+00:00,483.31,487.005,483.3,486.7855,473.51218092972533,473.5121809297251,-2.2737367544323206e-13,-4.8018548328955644e-14,0,0,0,0
2025-11-26 16:30:00+00:00,486.775,488.31,486.33,486.8,474.075203703985,474.0752037039848,-1.7053025658242404e-13,-3.597114028535102e-14,0,0,0,0
2025-11-26 17:30:00+00:00,486.81,487.82,485.63,486.8316,474.8245748244381,474.82457482443795,-1.7053025658242404e-13,-3.5914370406265516e-14,0,0,0,0
2025-11-26 18:30:00+00:00,486.83,487.185,485.85,486.92,475.72638987107223,475.726389871072,-2.2737367544323206e-13,-4.779505200559783e-14,0,0,0,0
2025-11-26 19:30:00+00:00,486.86,487.68,485.59,487.25,476.7699010398688,476.76990103986867,-1.1368683772161603e-13,-2.3845221242712056e-14,0,0,0,0
2025-11-26 20:30:00+00:00,487.25,487.63,485.0,485.49,477.8705555509171,477.87055555091695,-1.7053025658242404e-13,-3.5685449668650705e-14,0,0,0,0
2025-11-28 14:30:00+00:00,487.595,491.8,486.65,490.57,478.9989909728876,478.9989909728874,-2.2737367544323206e-13,-4.7468508228256766e-14,0,0,0,0
2025-11-28 15:30:00+00:00,490.59,492.63,490.55,491.3,480.1611453650253,480.1611453650251,-1.7053025658242404e-13,-3.551521363786829e-14,0,0,0,0
2025-11-28 16:30:00+00:00,491.33,492.42,490.89,491.145,481.3732907141248,481.3732907141246,-1.7053025658242404e-13,-3.5425782832578796e-14,0,0,0,0
2025-11-28 17:30:00+00:00,491.13,492.23,490.666,492.01,482.64226427944106,482.6422642794409,-1.7053025658242404e-13,-3.5332640591891915e-14,0,0,0,0
2025-12-01 14:30:00+00:00,488.435,488.7592,484.6475,486.82,483.8482713457896,483.84827134578956,-5.684341886080802e-14,-1.1748190957198644e-14,0,0,0,0
2025-12-01 15:30:00+00:00,486.79,489.02,485.7001,488.305,484.9297043824392,484.9297043824393,1.1368683772161603e-13,2.344398305449176e-14,0,0,0,0
2025-12-01 16:30:00+00:00,488.315,489.8599,487.66,488.91,485.8444751690093,485.84447516900957,2.8421709430404007e-13,5.849960405645662e-14,0,0,0,0
2025-12-01 17:30:00+00:00,488.89,489.39,488.49,488.67,486.6102649203152,486.6102649203156,3.979039320256561e-13,8.17705586401501e-14,0,0,0,0
2025-12-01 18:30:00+00:00,488.68,489.06,487.77,487.86,487.25582293202143,487.25582293202194,5.115907697472721e-13,1.0499428548002098e-13,0,0,0,0
2025-12-01 19:30:00+00:00,487.86,487.9499,486.76,487.81,487.79058841115886,487.7905884111595,6.252776074688882e-13,1.2818566457084684e-13,0,0,0,0
2025-12-01 20:30:00+00:00,487.81,488.13,485.67,486.83,488.2115749185173,488.2115749185179,6.252776074688882e-13,1.2807512963477921e-13,0,0,0,0
2025-12-02 14:30:00+00:00,486.715,491.51,486.32,490.525,488.52151041871,488.5215104187106,5.684341886080801e-13,1.1635806745149814e-13,0,0,0,0
2025-12-02 15:30:00+00:00,490.55,492.28,489.4513,489.6,488.76205602758426,488.7620560275848,5.115907697472721e-13,1.0467072135370498e-13,0,0,0,0
2025-12-02 16:30:00+00:00,489.58,493.4999,489.04,493.21,488.9823490039855,488.982349003986,4.547473508864641e-13,9.29987251713165e-14,0,0,0,0
2025-12-02 17:30:00+00:00,493.215,493.45,489.66,490.09,489.2036826428846,489.2036826428849,3.410605131648481e-13,6.971748685993028e-14,0,0,0,0
2025-12-02 18:30:00+00:00,490.07,490.6799,489.145,489.8485,489.4203156822701,489.4203156822705,3.979039320256561e-13,8.130106562310623e-14,0,0,0,0
2025-12-02 19:30:00+00:00,489.81,490.48,489.58,490.245,489.6189404802787,489.6189404802791,3.979039320256561e-13,8.126808404007876e-14,0,0,0,0
2025-12-02 20:30:00+00:00,490.23,490.82,488.53,490.06,489.790244736512,489.79024473651225,2.2737367544323206e-13,4.642266314747657e-14,0,0,0,0
2025-12-03 14:30:00+00:00,476.32,479.9599,475.2,478.32,489.888690599354,489.88869059935416,1.7053025658242404e-13,3.48100006909302e-14,0,0,0,0
2025-12-03 15:30:00+00:00,478.32,484.24,478.1811,480.16,489.8553647101746,489.8553647101748,1.7053025658242404e-13,3.481236888837976e-14,0,0,0,0
2025-12-03 16:30:00+00:00,480.13,482.43,479.47,482.405,489.6420113760372,489.6420113760374,1.7053025658242404e-13,3.482753779709061e-14,0,0,0,0
2025-12-03 17:30:00+00:00,482.4,483.8299,481.45,481.7,489.2740627731635,489.27406277316373,2.2737367544323206e-13,4.647163885093306e-14,0,0,0,0
2025-12-03 18:30:00+00:00,481.77,481.96,480.24,481.73,488.807165007665,488.80716500766533,3.410605131648481e-13,6.977404129489385e-14,0,0,0,0
2025-12-03 19:30:00+00:00,481.73,483.19,481.635,482.33,488.2843225903498,488.28432259035026,4.547473508864641e-13,9.313167141513536e-14,0,0,0,0
2025-12-03 20:30:00+00:00,482.335,482.485,477.51,477.74,487.72596743594875,487.72596743594926,5.115907697472721e-13,1.0489307601085592e-13,0,1,0,1
2025-12-04 14:30:00+00:00,479.58,481.322,476.6616,478.045,487.117743009499,487.1177430094995,5.115907697472721e-13,1.0502404748933481e-13,0,0,0,0
2025-12-04 15:30:00+00:00,478.045,478.99,476.49,478.135,486.4403079880304,486.4403079880309,5.115907697472721e-13,1.05170307917793e-13,0,0,0,0
2025-12-04 16:30:00+00:00,478.125,479.0,477.53,478.28,485.7112033195067,485.71120331950726,5.684341886080801e-13,1.1703131093604964e-13,0,0,0,0
2025-12-04 17:30:00+00:00,478.28,480.13,477.36,478.95,484.96038126301505,484.96038126301556,5.115907697472721e-13,1.0549125031923262e-13,0,0,0,0
2025-12-04 18:30:00+00:00,478.99,479.14,476.68,477.27,484.2119411831955,484.211941183196,5.115907697472721e-13,1.0565430676847316e-13,0,0,0,0
2025-12-04 19:30:00+00:00,477.28,479.97,477.13,479.508,483.4872368508725,483.487236850873,5.115907697472721e-13,1.0581267316991616e-13,0,0,0,0
2025-12-04 20:30:00+00:00,479.5,480.98,479.28,480.82,482.8017262852164,482.8017262852169,5.115907697472721e-13,1.0596291228773457e-13,0,0,0,0
2025-12-05 14:30:00+00:00,482.515,483.26,480.35,483.125,482.1891405145432,482.1891405145437,4.547473508864641e-13,9.430891587504521e-14,0,0,0,0
2025-12-05 15:30:00+00:00,483.13,483.4,478.95,479.2764,481.676654274638,481.6766542746384,3.979039320256561e-13,8.260809995553218e-14,0,0,0,0
2025-12-05 16:30:00+00:00,479.28,480.5612,478.8801,480.33,481.25671038253137,481.2567103825318,4.547473508864641e-13,9.44916384698312e-14,0,0,0,0
2025-12-05 17:30:00+00:00,480.325,481.42,479.86,481.36,480.90459850271935,480.9045985027198,4.547473508864641e-13,9.456082397679395e-14,0,0,0,0
2025-12-05 18:30:00+00:00,481.39,482.07,481.1001,481.83,480.6161141600117,480.61611416001216,4.547473508864641e-13,9.461758303323657e-14,0,0,0,0
2025-12-05 19:30:00+00:00,481.83,482.175,481.42,481.945,480.3950364439458,480.3950364439462,3.979039320256561e-13,8.282848527559359e-14,0,0,0,0
2025-12-05 20:30:00+00:00,481.95,483.34,481.51,483.03,480.24276123147223,480.24276123147257,3.410605131648481e-13,7.10183558603313e-14,0,0,0,0
2025-12-08 14:30:00+00:00,484.885,490.62,484.34,489.0772,480.18602091386464,480.18602091386487,2.2737367544323206e-13,4.735116507775601e-14,0,0,0,0
2025-12-08 15:30:00+00:00,489.075,492.3,488.37,491.48,480.2855619159968,480.2855619159969,5.684341886080802e-14,1.183533784235431e-14,0,0,0,0
2025-12-08 16:30:00+00:00,491.53,491.64,490.52,490.65,480.5713653345568,480.5713653345568,0.0,0.0,0,0,0,0
2025-12-08 17:30:00+00:00,490.656,492.06,490.09,490.88,481.0584517056097,481.0584517056095,-1.7053025658242404e-13,-3.544896799501246e-14,1,0,1,0
2025-12-08 18:30:00+00:00,490.83,491.0475,489.3801,490.39,481.6786148598962,481.67861485989584,-3.410605131648481e-13,-7.080665461223578e-14,0,0,0,0
2025-12-08 19:30:00+00:00,490.36,490.36,489.3117,489.895,482.4251275012365,482.42512750123615,-3.410605131648481e-13,-7.069708722085044e-14,0,0,0,0
2025-12-08 20:30:00+00:00,489.89,491.2,488.96,491.12,483.25226155330193,483.2522615533016,-3.410605131648481e-13,-7.057608216226209e-14,0,0,0,0
2025-12-09 14:30:00+00:00,489.1,491.95,488.5001,490.44,484.1289535342993,484.128953534299,-2.8421709430404007e-13,-5.870689869489577e-14,0,0,0,0
2025-12-09 15:30:00+00:00,490.45,491.13,489.84,490.72,485.0146001513468,485.01460015134666,-1.7053025658242404e-13,-3.515981921558872e-14,0,0,0,0
2025-12-09 16:30:00+00:00,490.725,492.1,489.95,489.95,485.8737435476129,485.8737435476129,0.0,0.0,0,0,0,0
2025-12-09 17:30:00+00:00,489.98,490.49,489.5,490.415,486.6933790297737,486.69337902977384,1.1368683772161603e-13,2.3359026980858346e-14,0,0,0,0
2025-12-09 18:30:00+00:00,490.39,491.2,490.22,490.89,487.4487623435931,487.4487623435932,1.1368683772161603e-13,2.3322828265072174e-14,0,0,0,0
2025-12-09 19:30:00+00:00,490.89,491.5,489.98,490.95,488.1281479990346,488.12814799903475,1.7053025658242404e-13,3.4935550691242114e-14,0,0,0,0
2025-12-09 20:30:00+00:00,490.9699,492.12,490.82,492.06,488.73582797175,488.7358279717502,2.2737367544323206e-13,4.652281711918504e-14,0,0,0,0
2025-12-10 14:30:00+00:00,483.97,484.25,478.61,480.39,489.25540879941855,489.2554087994189,3.410605131648481e-13,6.971011603157843e-14,0,0,0,0
2025-12-10 15:30:00+00:00,480.4,480.6,478.09,480.365,489.6336528613808,489.63365286138117,3.410605131648481e-13,6.965626467292783e-14,0,0,0,0
2025-12-10 16:30:00+00:00,480.4,481.77,480.11,481.6,489.8314242150818,489.8314242150822,3.979039320256561e-13,8.123283079750699e-14,0,0,0,0
2025-12-10 17:30:00+00:00,481.6,482.4121,476.85,477.29,489.83473289027813,489.8347328902785,3.410605131648481e-13,6.962767036800652e-14,0,0,0,0
2025-12-10 18:30:00+00:00,477.29,479.19,476.04,476.47,489.64802123811074,489.64802123811097,2.2737367544323206e-13,4.643614710589479e-14,0,1,0,1
2025-12-10 19:30:00+00:00,476.465,479.65,475.08,478.06,489.28196529720174,489.2819652972018,5.684341886080802e-14,1.1617722068762528e-14,0,0,0,0
2025-12-10 20:30:00+00:00,478.1,479.44,476.65,478.5215,488.6959131001766,488.69591310017654,-5.684341886080802e-14,-1.1631654232630307e-14,0,0,0,0
2025-12-11 14:30:00+00:00,476.63,482.15,475.86,480.35,487.9250379383388,487.9250379383388,0.0,0.0,0,0,0,0
2025-12-11 15:30:00+00:00,480.41,481.22,478.93,478.9519,487.0598565475169,487.059856547517,5.684341886080802e-14,1.1670725496397472e-14,0,0,0,0
2025-12-11 16:30:00+00:00,478.95,481.55,478.92,480.6668,486.17742783997056,486.1774278399707,1.1368683772161603e-13,2.3383816526964927e-14,0,0,0,0
2025-12-11 17:30:00+00:00,480.69,484.33,479.8,482.01,485.34102591303093,485.3410259130311,1.7053025658242404e-13,3.513617177975423e-14,0,0,0,0
2025-12-11 18:30:00+00:00,482.035,486.03,481.5301,485.45,484.5907726268334,484.59077262683365,2.2737367544323206e-13,4.69207604203237e-14,0,0,0,0
2025-12-11 19:30:00+00:00,485.465,485.7499,484.3,484.38,483.9565447280141,483.9565447280144,3.410605131648481e-13,7.047337552931034e-14,0,0,0,0
2025-12-11 20:30:00+00:00,484.395,484.395,482.3236,483.69,483.44974317533575,483.4497431753361,3.410605131648481e-13,7.054725294189546e-14,0,0,0,0
2025-12-12 14:30:00+00:00,479.82,482.45,478.33,478.445,483.05038347046224,483.0503834704627,4.547473508864641e-13,9.414077008268667e-14,0,0,0,0
2025-12-12 15:30:00+00:00,478.44,480.6,476.34,477.7685,482.6914293742788,482.6914293742793,5.115907697472721e-13,1.0598712523453254e-13,0,0,0,0
2025-12-12 16:30:00+00:00,477.69,480.0,476.82,477.77,482.3189900031924,482.3189900031929,4.547473508864641e-13,9.42835261127608e-14,0,0,0,0
2025-12-12 17:30:00+00:00,477.76,479.42,477.17,478.83,481.9214232570707,481.92142325707124,5.115907697472721e-13,1.0615646971858623e-13,0,0,0,0
2025-12-12 18:30:00+00:00,478.85,479.42,478.21,478.9501,481.51474438578583,481.51474438578634,5.115907697472721e-13,1.0624612760297734e-13,0,0,0,0
2025-12-12 19:30:00+00:00,478.98,479.29,477.77,478.255,481.11630841104375,481.1163084110442,4.547473508864641e-13,9.451921353244771e-14,0,0,0,0
2025-12-12 20:30:00+00:00,478.25,478.95,477.345,478.35,480.7438337567748,480.7438337567752,3.979039320256561e-13,8.27683901665954e-14,0,0,0,0
2025-12-15 14:30:00+00:00,480.19,480.7205,472.52,473.0,480.3873304077982,480.38733040779846,2.8421709430404007e-13,5.916415282284188e-14,0,0,0,0
2025-12-15 15:30:00+00:00,472.995,475.55,472.795,475.29,480.01591696284913,480.01591696284936,2.2737367544323206e-13,4.7367944980213995e-14,0,0,0,0
2025-12-15 16:30:00+00:00,475.3,475.52,473.5,474.4,479.6194996722531,479.6194996722533,2.2737367544323206e-13,4.7407095749569683e-14,0,0,0,0
2025-12-15 17:30:00+00:00,474.415,475.16,473.2,473.62,479.1993293261064,479.1993293261067,2.8421709430404007e-13,5.931082889947529e-14,0,0,0,0
2025-12-15 18:30:00+00:00,473.62,474.9323,473.25,474.1,478.7621411242706,478.76214112427095,3.410605131648481e-13,7.12379872735844e-14,0,0,0,0
2025-12-15 19:30:00+00:00,474.1,474.69,473.58,474.6175,478.3161512575458,478.31615125754627,4.547473508864641e-13,9.507254766348225e-14,0,0,0,0
2025-12-15 20:30:00+00:00,474.66,476.5,473.94,474.81,477.8744218480688,477.87442184806935,5.684341886080801e-13,1.189505365049237e-13,0,0,0,0
2025-12-16 14:30:00+00:00,471.905,475.19,470.88,474.05,477.44326367185727,477.4432636718579,6.252776074688882e-13,1.309637510978972e-13,0,0,0,0
2025-12-16 15:30:00+00:00,474.01,475.12,472.06,473.555,477.0202771647208,477.0202771647214,5.684341886080801e-13,1.191635273843491e-13,0,0,0,0
2025-12-16 16:30:00+00:00,473.54,475.38,472.96,474.32,476.599715886409,476.5997158864096,6.252776074688882e-13,1.3119554767378721e-13,0,0,0,0
2025-12-16 17:30:00+00:00,474.32,474.9,472.25,473.06,476.171922399004,476.1719223990046,5.684341886080801e-13,1.1937583084366864e-13,0,0,0,0
2025-12-16 18:30:00+00:00,473.03,476.01,473.03,475.23,475.7672964499599,475.7672964499603,4.547473508864641e-13,9.558188515260704e-14,0,0,0,0
2025-12-16 19:30:00+00:00,475.21,477.32,475.0785,476.5365,475.4171690680306,475.41716906803094,3.410605131648481e-13,7.17392082901498e-14,0,0,0,0
2025-12-16 20:30:00+00:00,476.55,477.89,476.0575,476.24,475.1359247634151,475.13592476341535,2.2737367544323206e-13,4.7854448294232534e-14,0,0,0,0
2025-12-17 14:30:00+00:00,476.905,478.53,475.3213,477.74,474.92576199191785,474.925761991918,1.7053025658242404e-13,3.5906718529479577e-14,0,0,0,0
2025-12-17 15:30:00+00:00,477.67,478.03,475.43,477.1,474.7853368946849,474.7853368946851,1.7053025658242404e-13,3.5917338496123445e-14,0,0,0,0
2025-12-17 16:30:00+00:00,477.07,477.7599,475.22,477.255,474.7073745662797,474.70737456627995,2.2737367544323206e-13,4.7897649715463946e-14,0,0,0,0
2025-12-17 17:30:00+00:00,477.25,478.96,476.71,478.55,474.6796219956452,474.67962199564556,3.410605131648481e-13,7.185067514189118e-14,0,0,0,0
2025-12-17 18:30:00+00:00,478.5316,479.23,477.58,478.835,474.6985444540488,474.6985444540492,4.547473508864641e-13,9.579708136865459e-14,0,0,0,0
2025-12-17 19:30:00+00:00,478.825,480.0,478.04,478.19,474.76778463025073,474.76778463025136,6.252776074688882e-13,1.3170177668138424e-13,1,0,1,0
2025-12-17 20:30:00+00:00,478.23,478.84,475.0,476.06,474.882703743898,474.88270374389873,7.389644451905042e-13,1.556098883713028e-13,0,0,0,0
2025-12-18 14:30:00+00:00,478.19,485.395,477.89,484.74,475.07607110669534,475.0760711066962,8.526512829121202e-13,1.7947679009087091e-13,0,0,0,0
2025-12-18 15:30:00+00:00,484.71,488.08,484.2906,487.65,475.419447476895,475.4194474768959,9.094947017729282e-13,1.913036386289454e-13,0,0,0,0
2025-12-18 16:30:00+00:00,487.635,489.6,484.19,484.95,475.9794239315223,475.9794239315233,9.663381206337363e-13,2.0302098621237046e-13,0,0,0,0
2025-12-18 17:30:00+00:00,484.96,487.15,484.7723,486.4801,476.74705039996354,476.74705039996456,1.0231815394945443e-12,2.146172773667196e-13,0,0,0,0
2025-12-18 18:30:00+00:00,486.57,487.4355,484.97,485.56,477.6548456187498,477.6548456187508,1.0231815394945443e-12,2.1420939175632648e-13,0,0,0,0
2025-12-18 19:30:00+00:00,485.5601,485.66,483.39,484.5985,478.58851462974786,478.5885146297489,1.0231815394945443e-12,2.1379149482642973e-13,0,0,0,0
2025-12-18 20:30:00+00:00,484.61,486.02,483.85,483.88,479.5180330313484,479.5180330313493,9.094947017729282e-13,1.8966850861132687e-13,0,0,0,0
2025-12-19 14:30:00+00:00,487.38,487.85,482.95,485.5303,480.3995992570941,480.3995992570948,6.821210263296962e-13,1.4199034041338727e-13,0,0,0,0
2025-12-19 15:30:00+00:00,485.51,486.8,484.11,485.1685,481.21877569778127,481.21877569778184,5.684341886080801e-13,1.1812385910833052e-13,0,0,0,0
2025-12-19 16:30:00+00:00,485.15,486.1299,484.2,485.875,481.9785887543342,481.97858875433474,5.115907697472721e-13,1.0614387893650422e-13,0,0,0,0
2025-12-19 17:30:00+00:00,485.875,485.875,484.65,485.25,482.6683101618378,482.66831016183824,4.547473508864641e-13,9.421529056547927e-14,0,0,0,0
2025-12-19 18:30:00+00:00,485.245,485.33,484.04,484.2455,483.27589862637905,483.27589862637944,3.979039320256561e-13,8.233473532543694e-14,0,0,0,0
2025-12-19 19:30:00+00:00,484.255,484.56,482.59,482.93,483.79213149302785,483.79213149302814,2.8421709430404007e-13,5.874777116091564e-14,0,0,0,0
2025-12-19 20:30:00+00:00,482.91,487.15,482.49,485.89,484.2089607656672,484.2089607656674,2.2737367544323206e-13,4.6957758708903676e-14,0,0,0,0
2025-12-22 14:30:00+00:00,486.12,488.73,482.69,484.605,484.5422893332014,484.5422893332016,2.2737367544323206e-13,4.69254553108523e-14,0,0,0,0
2025-12-22 15:30:00+00:00,484.62,486.09,484.0475,485.6495,484.816457072039,484.8164570720392,2.2737367544323206e-13,4.689891857558098e-14,0,0,0,0
2025-12-22 16:30:00+00:00,485.645,486.5148,484.93,485.85,485.0464601630699,485.0464601630703,3.979039320256561e-13,8.203418944483854e-14,0,0,0,0
2025-12-22 17:30:00+00:00,485.84,486.33,485.5825,485.75,485.2421048755784,485.2421048755789,5.115907697472721e-13,1.0543000382838786e-13,0,0,0,0
2025-12-22 18:30:00+00:00,485.74,486.29,485.425,485.875,485.410832465997,485.41083246599754,5.684341886080801e-13,1.1710372958104493e-13,0,0,0,0
2025-12-22 19:30:00+00:00,485.87,486.0,484.66,484.97,485.5516786546275,485.5516786546282,6.821210263296962e-13,1.404837129221189e-13,0,0,0,0
2025-12-22 20:30:00+00:00,484.97,485.38,484.37,484.85,485.66492597239414,485.6649259723948,6.821210263296962e-13,1.4045095493852255e-13,0,0,0,0
2025-12-23 14:30:00+00:00,484.98,487.83,484.74,485.895,485.7530496230188,485.75304962301954,7.389644451905042e-13,1.5212759770916447e-13,0,0,0,0
2025-12-23 15:30:00+00:00,485.88,487.11,485.73,486.81,485.82539780487826,485.82539780487906,7.958078640513122e-13,1.6380532340364223e-13,0,0,0,0
2025-12-23 16:30:00+00:00,486.81,487.29,486.26,486.67,485.8925858688361,485.892585868837,9.094947017729282e-13,1.8718019748060966e-13,0,0,0,0
2025-12-23 17:30:00+00:00,486.66,486.82,486.0301,486.48,485.9594870159293,485.9594870159302,9.094947017729282e-13,1.87154428727742e-13,0,0,0,0
2025-12-23 18:30:00+00:00,486.48,487.279,486.25,487.09,486.028352743831,486.02835274383193,9.094947017729282e-13,1.8712791067402847e-13,0,0,0,0
2025-12-23 19:30:00+00:00,487.085,487.47,486.99,487.27,486.1006430318346,486.10064303183543,8.526512829121202e-13,1.754063268861548e-13,0,0,0,0
2025-12-23 20:30:00+00:00,487.265,487.5,486.45,486.5,486.1755646095517,486.17556460955257,8.526512829121202e-13,1.753792960773102e-13,0,0,0,0
2025-12-24 14:30:00+00:00,485.68,487.98,484.83,487.7988,486.251668378542,486.2516683785429,9.094947017729282e-13,1.8704197042772837e-13,0,0,0,0
2025-12-24 15:30:00+00:00,487.81,488.5348,487.27,488.44,486.33077201679737,486.3307720167982,8.526512829121202e-13,1.7532332559920156e-13,0,0,0,0
2025-12-24 16:30:00+00:00,488.45,489.1625,488.25,488.61,486.4244617560328,486.4244617560337,8.526512829121202e-13,1.7528955674514764e-13,0,0,0,0
2025-12-24 17:30:00+00:00,488.59,488.78,487.695,488.02,486.542625045123,486.5426250451239,9.094947017729282e-13,1.8693011772372047e-13,0,0,0,0
2025-12-26 14:30:00+00:00,486.705,488.12,485.96,486.62,486.6755813119337,486.6755813119346,9.094947017729282e-13,1.8687904976066378e-13,0,0,0,0
2025-12-26 15:30:00+00:00,486.62,487.37,486.34,487.3426,486.8006424043069,486.8006424043078,8.526512829121202e-13,1.7515409977704182e-13,0,0,0,0
2025-12-26 16:30:00+00:00,487.34,488.11,486.9,487.935,486.9096089100505,486.90960891005136,8.526512829121202e-13,1.7511490167975616e-13,0,0,0,0
2025-12-26 17:30:00+00:00,487.89,487.925,486.21,486.8,487.0042365067173,487.0042365067181,7.958078640513122e-13,1.6340881750016062e-13,0,0,0,0
2025-12-26 18:30:00+00:00,486.8,487.89,486.79,487.45,487.08587938530354,487.08587938530434,7.958078640513122e-13,1.6338142773828963e-13,0,0,0,0
2025-12-26 19:30:00+00:00,487.45,487.6,486.9,487.245,487.1557407299186,487.15574072991944,8.526512829121202e-13,1.7502642617627165e-13,0,0,0,0
2025-12-26 20:30:00+00:00,487.23,487.89,487.11,487.785,487.2159766085624,487.2159766085632,7.958078640513122e-13,1.6333780135676417e-13,0,0,0,0
2025-12-29 14:30:00+00:00,484.855,488.35,484.18,487.36,487.266926468497,487.2669264684977,6.821210263296962e-13,1.3998919058049325e-13,0,0,0,0
2025-12-29 15:30:00+00:00,487.385,488.0,485.4,485.745,487.303623843218,487.3036238432185,4.547473508864641e-13,9.33190989428742e-14,0,0,0,0
2025-12-29 16:30:00+00:00,485.7,485.8998,484.73,484.94,487.3190043372507,487.319004337251,2.8421709430404007e-13,5.832259603554198e-14,0,0,0,0
2025-12-29 17:30:00+00:00,484.94,485.695,484.74,485.625,487.304698361808,487.30469836180805,5.684341886080802e-14,1.166486164650184e-14,0,0,0,0
2025-12-29 18:30:00+00:00,485.61,486.36,485.12,486.33,487.26255404517224,487.26255404517207,-1.7053025658242404e-13,-3.4997611691419825e-14,0,0,0,0
2025-12-29 19:30:00+00:00,486.35,487.61,486.27,487.07,487.20454031074627,487.2045403107459,-3.410605131648481e-13,-7.00035580430582e-14,0,0,0,0
2025-12-29 20:30:00+00:00,487.07,487.315,486.4,487.101,487.14504345482055,487.14504345482015,-3.979039320256561e-13,-8.168079248096856e-14,0,0,0,0
2025-12-30 14:30:00+00:00,485.9,489.14,485.5,487.38,487.09242989147526,487.09242989147486,-3.979039320256561e-13,-8.168961527780457e-14,0,0,0,0
2025-12-30 15:30:00+00:00,487.35,489.68,487.09,488.58,487.05475323602275,487.0547532360224,-3.410605131648481e-13,-7.002508668662411e-14,0,0,0,0
2025-12-30 16:30:00+00:00,488.575,488.8599,487.82,488.08,487.0388382401731,487.0388382401728,-2.8421709430404007e-13,-5.835614575030755e-14,0,0,0,0
2025-12-30 17:30:00+00:00,488.08,488.57,487.94,488.21,487.04403271343654,487.04403271343614,-3.979039320256561e-13,-8.169773270988251e-14,0,0,0,0
2025-12-30 18:30:00+00:00,488.18,488.86,488.17,488.5499,487.0680219988861,487.0680219988857,-3.979039320256561e-13,-8.169370889772067e-14,0,0,0,0
2025-12-30 19:30:00+00:00,488.54,488.665,487.39,487.805,487.10713907668475,487.1071390766844,-3.410605131648481e-13,-7.001755585256476e-14,0,0,0,0
2025-12-30 20:30:00+00:00,487.805,488.67,487.36,487.55,487.1572959656376,487.1572959656374,-2.2737367544323206e-13,-4.6673564642511317e-14,0,0,0,0
2025-12-31 14:30:00+00:00,487.84,488.14,485.23,485.655,487.20753050185897,487.2075305018589,-5.684341886080802e-14,-1.166718806711694e-14,0,0,0,0
2025-12-31 15:30:00+00:00,485.63,485.7,484.29,485.27,487.23964261836113,487.2396426183612,5.684341886080802e-14,1.1666419127010897e-14,0,0,0,0
2025-12-31 16:30:00+00:00,485.28,485.9,484.795,485.096,487.2385445186698,487.23854451866987,5.684341886080802e-14,1.1666445419863518e-14,0,0,0,0
2025-12-31 17:30:00+00:00,485.0764,485.89,484.98,485.8785,487.2016447079153,487.20164470791525,-5.684341886080802e-14,-1.1667329016281646e-14,0,0,0,0
2025-12-31 18:30:00+00:00,485.885,486.7,485.71,485.73,487.14109308275874,487.14109308275863,-1.1368683772161603e-13,-2.333755852994774e-14,0,0,0,0
2025-12-31 19:30:00+00:00,485.76,485.82,483.3001,483.52,487.0572986805996,487.05729868059944,-1.7053025658242404e-13,-3.501236036178438e-14,0,0,0,0
2025-12-31 20:30:00+00:00,483.47,484.44,483.3,483.65,486.94595147184856,486.94595147184833,-2.2737367544323206e-13,-4.669382192335098e-14,0,1,0,1
2026-01-02 14:30:00+00:00,484.29,484.66,474.88,475.365,486.74963537507045,486.7496353750701,-3.410605131648481e-13,-7.006898174706182e-14,0,0,0,0
2026-01-02 15:30:00+00:00,475.32,476.8,472.4,473.153,486.36088771714714,486.36088771714674,-3.979039320256561e-13,-8.181248576408246e-14,0,0,0,0
2026-01-02 16:30:00+00:00,473.11,473.94,472.71,473.885,485.68701065301553,485.68701065301514,-3.979039320256561e-13,-8.192599828656455e-14,0,0,0,0
2026-01-02 17:30:00+00:00,473.905,474.09,471.78,471.86,484.6836660824273,484.6836660824269,-3.979039320256561e-13,-8.209559345001466e-14,0,0,0,0
2026-01-02 18:30:00+00:00,471.85,472.82,470.16,472.572,483.3031461297208,483.3031461297204,-3.979039320256561e-13,-8.233009348522984e-14,0,0,0,0
2026-01-02 19:30:00+00:00,472.58,473.34,471.75,472.525,481.7733594946763,481.77335949467596,-3.410605131648481e-13,-7.079272990988555e-14,0,0,0,0
2026-01-02 20:30:00+00:00,472.5,473.0,471.23,472.93,480.1943777962265,480.19437779622604,-4.547473508864641e-13,-9.470068203910522e-14,0,0,0,0
2026-01-05 14:30:00+00:00,474.24,474.3,469.5,473.0699,478.6160987222098,478.6160987222093,-5.115907697472721e-13,-1.068895866881822e-13,0,0,0,0
2026-01-05 15:30:00+00:00,473.07,474.3,471.8,474.18,477.1880800345589,477.1880800345584,-4.547473508864641e-13,-9.529729888758547e-14,0,0,0,0
2026-01-05 16:30:00+00:00,474.17,476.07,474.1269,475.4,475.97717322184866,475.97717322184826,-3.979039320256561e-13,-8.35972719725777e-14,0,0,0,0
2026-01-05 17:30:00+00:00,475.405,475.96,473.74,474.825,475.018020983357,475.0180209833567,-3.410605131648481e-13,-7.17994893033327e-14,0,0,0,0
2026-01-05 18:30:00+00:00,474.83,475.93,474.57,474.72,474.3011301103708,474.3011301103705,-3.410605131648481e-13,-7.190801191755175e-14,0,0,0,0
2026-01-05 19:30:00+00:00,474.69,474.85,473.39,473.705,473.7980254241171,473.7980254241168,-2.8421709430404007e-13,-5.998697315161351e-14,0,0,0,0
2026-01-05 20:30:00+00:00,473.7125,474.5,472.04,472.92,473.4446877409274,473.44468774092707,-3.410605131648481e-13,-7.203809061460608e-14,0,0,0,0
2026-01-06 14:30:00+00:00,473.8,474.25,469.75,471.695,473.1804655115969,473.1804655115965,-3.979039320256561e-13,-8.40913691556238e-14,0,0,0,0
2026-01-06 15:30:00+00:00,471.67,472.65,471.35,472.215,472.95817133475634,472.9581713347559,-4.547473508864641e-13,-9.614959174996413e-14,0,0,0,0
2026-01-06 16:30:00+00:00,472.215,473.14,471.12,472.72,472.7596640990123,472.75966409901184,-4.547473508864641e-13,-9.618996403873072e-14,0,0,0,0
2026-01-06 17:30:00+00:00,472.75,475.81,472.73,474.055,472.5976632535187,472.5976632535182,-5.115907697472721e-13,-1.0825080391327201e-13,0,0,0,0
2026-01-06 18:30:00+00:00,474.04,477.6,473.93,476.72,472.4948700342848,472.4948700342843,-5.115907697472721e-13,-1.0827435432476769e-13,0,0,0,0
2026-01-06 19:30:00+00:00,476.72,477.84,476.0401,477.2,472.4740954825935,472.47409548259304,-4.547473508864641e-13,-9.624810232653645e-14,0,0,0,0
2026-01-06 20:30:00+00:00,477.18,478.7367,476.86,478.51,472.5178322964833,472.51783229648265,-6.252776074688882e-13,-1.3232889104522834e-13,0,0,0,0
2026-01-07 14:30:00+00:00,479.755,485.12,477.95,483.4,472.7081535649831,472.70815356498247,-6.252776074688882e-13,-1.3227561292380615e-13,1,0,1,0
2026-01-07 15:30:00+00:00,483.38,489.7,483.35,487.71,473.15303199091977,473.15303199091926,-5.115907697472721e-13,-1.081237433044897e-13,0,0,0,0
2026-01-07 16:30:00+00:00,487.71,488.81,486.8,488.23,473.9772302027379,473.9772302027376,-3.410605131648481e-13,-7.195715140555669e-14,0,0,0,0
2026-01-07 17:30:00+00:00,488.19,489.165,487.66,488.3201,475.2215930256512,475.22159302565103,-1.7053025658242404e-13,-3.5884366174669857e-14,0,0,0,0
2026-01-07 18:30:00+00:00,488.36,488.85,485.2,485.49,476.61365317383394,476.613653173834,5.684341886080802e-14,1.1926519201092982e-14,0,0,0,0
2026-01-07 19:30:00+00:00,485.51,485.52,484.135,484.55,478.0027768924497,478.00277689244996,2.8421709430404007e-13,5.945929773709007e-14,0,0,0,0
2026-01-07 20:30:00+00:00,484.53,484.56,483.02,483.5,479.29171648928894,479.29171648928934,3.979039320256561e-13,8.301915479370658e-14,0,0,0,0
2026-01-08 14:30:00+00:00,481.24,482.66,475.86,478.6,480.42224115064505,480.4222411506456,5.684341886080801e-13,1.183197071073646e-13,0,0,0,0
2026-01-08 15:30:00+00:00,478.54,478.73,477.01,477.59,481.36403809090984,481.3640380909106,7.389644451905042e-13,1.5351467636037742e-13,0,0,0,0
2026-01-08 16:30:00+00:00,477.59,478.95,476.475,477.605,482.09807971529045,482.0980797152912,7.389644451905042e-13,1.53280935204494e-13,0,0,0,0
2026-01-08 17:30:00+00:00,477.59,478.82,477.06,477.585,482.63334966958945,482.6333496695902,7.389644451905042e-13,1.5311093725628343e-13,0,0,0,0
2026-01-08 18:30:00+00:00,477.56,477.98,476.11,476.795,482.99202897281015,482.99202897281083,6.821210263296962e-13,1.4122821608057964e-13,0,0,0,0
2026-01-08 19:30:00+00:00,476.77,478.34,476.08,478.26,483.18647185263984,483.18647185264035,5.115907697472721e-13,1.0587853749003447e-13,0,0,0,0
2026-01-08 20:30:00+00:00,478.26,478.86,477.5,478.14,483.23440622015346,483.2344062201538,3.410605131648481e-13,7.057868992247764e-14,0,0,0,0
2026-01-09 14:30:00+00:00,474.06,476.7,472.2001,475.78,483.1777845416935,483.17778454169365,1.7053025658242404e-13,3.5293480378899534e-14,0,0,0,0
2026-01-09 15:30:00+00:00,475.78,476.75,473.6301,476.47,483.02011031127626,483.0201103112763,5.684341886080802e-14,1.1768333791356221e-14,0,1,0,1
2026-01-09 16:30:00+00:00,476.48,478.1,476.12,477.55,482.7732759044291,482.77327590442906,-5.684341886080802e-14,-1.1774350755914847e-14,0,0,0,0
2026-01-09 17:30:00+00:00,477.54,477.83,475.875,476.84,482.47097262932266,482.4709726293225,-1.7053025658242404e-13,-3.5345184737868285e-14,0,0,0,0
2026-01-09 18:30:00+00:00,476.81,479.26,476.78,478.445,482.1372161085157,482.13721610851536,-3.410605131648481e-13,-7.073930444898177e-14,0,0,0,0
2026-01-09 19:30:00+00:00,478.48,479.69,478.26,479.58,481.7942229121245,481.794222912124,-5.115907697472721e-13,-1.0618449649625257e-13,0,0,0,0
2026-01-09 20:30:00+00:00,479.56,479.82,478.89,479.25,481.459088974186,481.4590889741854,-5.684341886080801e-13,-1.1806489930831018e-13,0,0,0,0
2026-01-12 14:30:00+00:00,476.67,480.99,475.6803,478.59,481.1346732239477,481.1346732239472,-5.115907697472721e-13,-1.0633005647238989e-13,0,0,0,0
2026-01-12 15:30:00+00:00,478.5814,479.72,478.05,478.7856,480.8218962701022,480.8218962701017,-4.547473508864641e-13,-9.457708860892003e-14,0,0,0,0
2026-01-12 16:30:00+00:00,478.78,479.85,478.12,478.46,480.5212175759696,480.52121757596916,-4.547473508864641e-13,-9.463626875426565e-14,0,0,0,0
2026-01-12 17:30:00+00:00,478.46,478.8875,477.97,478.54,480.23875452213514,480.23875452213474,-3.979039320256561e-13,-8.285543977424169e-14,0,0,0,0
2026-01-12 18:30:00+00:00,478.51,479.29,477.87,479.14,479.9770830526511,479.97708305265076,-3.410605131648481e-13,-7.105766612766289e-14,0,0,0,0
2026-01-12 19:30:00+00:00,479.15,480.66,479.05,479.24,479.74177266839473,479.74177266839445,-2.8421709430404007e-13,-5.924376622931593e-14,0,0,0,0
2026-01-12 20:30:00+00:00,479.23,479.23,476.7,477.19,479.5336849040787,479.5336849040784,-2.8421709430404007e-13,-5.926947433544571e-14,0,0,0,0
2026-01-13 14:30:00+00:00,474.675,475.7799,467.61,468.24,479.31630864412216,479.31630864412193,-2.2737367544323206e-13,-4.7437083058246226e-14,0,0,0,0
2026-01-13 15:30:00+00:00,468.24,468.97,465.95,468.74,478.9931161893093,478.9931161893092,-1.1368683772161603e-13,-2.373454521143563e-14,0,0,0,0
2026-01-13 16:30:00+00:00,468.74,471.22,468.39,469.73,478.5329710466965,478.53297104669645,-5.684341886080802e-14,-1.1878683873438071e-14,0,0,0,0
2026-01-13 17:30:00+00:00,469.74,470.0899,467.3,468.71,477.93975355685296,477.9397535568529,-5.684341886080802e-14,-1.1893427662749598e-14,0,0,0,0
2026-01-13 18:30:00+00:00,468.69,468.98,465.99,466.82,477.23084120090834,477.2308412009083,-5.684341886080802e-14,-1.1911094999176222e-14,0,0,0,0
2026-01-13 19:30:00+00:00,466.8,468.4,466.4,468.24,476.43560849631143,476.4356084963114,-5.684341886080802e-14,-1.1930976158606771e-14,0,0,0,0
2026-01-13 20:30:00+00:00,468.24,471.03,467.425,470.72,475.6253671280178,475.62536712801773,-5.684341886080802e-14,-1.1951300916527486e-14,0,0,0,0
2026-01-14 14:30:00+00:00,466.46,468.2,463.19,464.66,474.8000691161872,474.8000691161872,0.0,0.0,0,0,0,0
2026-01-14 15:30:00+00:00,464.68,465.18,461.19,463.905,473.92229066016665,473.9222906601668,1.7053025658242404e-13,3.5982746526836274e-14,0,0,0,0
2026-01-14 16:30:00+00:00,463.93,464.2917,460.73,461.64,472.9629596052445,472.9629596052448,2.8421709430404007e-13,6.009288645801355e-14,0,0,0,0
2026-01-14 17:30:00+00:00,461.59,462.515,460.25,460.58,471.8752656787637,471.8752656787639,2.2737367544323206e-13,4.818512263323846e-14,0,0,0,0
2026-01-14 18:30:00+00:00,460.5908,460.7399,458.1,458.83,470.6251590417175,470.6251590417177,2.2737367544323206e-13,4.831311524148182e-14,0,0,0,0
2026-01-14 19:30:00+00:00,458.87,459.02,457.1701,458.305,469.25038348773666,469.2503834877368,1.7053025658242404e-13,3.634099461250215e-14,0,0,0,0
2026-01-14 20:30:00+00:00,458.29,459.86,457.75,459.38,467.8180003073057,467.81800030730574,5.684341886080802e-14,1.2150754956728482e-14,0,0,0,0
2026-01-15 14:30:00+00:00,464.05,464.25,457.89,458.84,466.423145694957,466.42314569495693,-5.684341886080802e-14,-1.2187092211325182e-14,0,0,0,0
2026-01-15 15:30:00+00:00,458.835,460.935,457.53,460.05,465.1281960585267,465.12819605852667,-5.684341886080802e-14,-1.2221021933844546e-14,0,0,0,0
2026-01-15 16:30:00+00:00,460.02,461.38,459.66,459.98,463.9706117626241,463.970611762624,-1.1368683772161603e-13,-2.4503025588133652e-14,0,0,0,0
2026-01-15 17:30:00+00:00,459.9543,460.2,459.07,459.47,462.9595547976063,462.95955479760613,-1.7053025658242404e-13,-3.683480658628492e-14,0,0,0,0
2026-01-15 18:30:00+00:00,459.45,459.55,456.7,456.81,462.0782589292973,462.07825892929714,-1.7053025658242404e-13,-3.690505954068636e-14,0,0,0,0
2026-01-15 19:30:00+00:00,456.81,457.93,455.9,456.64,461.28283490127154,461.2828349012714,-1.1368683772161603e-13,-2.4645798438597535e-14,0,0,0,0
2026-01-15 20:30:00+00:00,456.66,456.95,456.03,456.91,460.5491743691646,460.54917436916446,-1.1368683772161603e-13,-2.4685059500397138e-14,0,0,0,0
2026-01-16 14:30:00+00:00,457.9,460.36,456.48,459.76,459.88442678022574,459.8844267802257,-5.684341886080802e-14,-1.2360370464984875e-14,0,0,0,0
2026-01-16 15:30:00+00:00,459.756,460.03,457.98,459.82,459.3116993763799,459.3116993763799,0.0,0.0,0,0,0,0
2026-01-16 16:30:00+00:00,459.85,462.3,459.68,460.61,458.84900909020814,458.8490090902082,5.684341886080802e-14,1.238826231171675e-14,0,0,0,0
2026-01-16 17:30:00+00:00,460.61,462.92,460.12,462.53,458.50194549891785,458.50194549891796,1.1368683772161603e-13,2.4795279243124685e-14,0,0,0,0
2026-01-16 18:30:00+00:00,462.49,463.19,461.37,461.96,458.2761714511422,458.27617145114243,2.2737367544323206e-13,4.961498973931985e-14,0,0,0,0
2026-01-16 19:30:00+00:00,461.96,462.73,461.075,461.2101,458.1817934976366,458.1817934976369,2.8421709430404007e-13,6.203151201936751e-14,0,0,0,0
2026-01-16 20:30:00+00:00,461.19,461.5599,459.42,459.87,458.17661874308857,458.17661874308897,3.979039320256561e-13,8.68450976650057e-14,0,0,0,0
2026-01-20 14:30:00+00:00,451.215,454.6,449.28,453.25,458.21314630284536,458.2131463028458,4.547473508864641e-13,9.924362811404573e-14,0,0,0,0
2026-01-20 15:30:00+00:00,453.23,455.55,453.05,455.5,458.2011804389568,458.20118043895735,5.684341886080801e-13,1.2405777481051448e-13,0,0,0,0
2026-01-20 16:30:00+00:00,455.5,456.8,453.96,454.47,458.1171826932191,458.1171826932196,5.115907697472721e-13,1.116724692009341e-13,0,0,0,0
2026-01-20 17:30:00+00:00,454.44,454.44,453.05,453.565,457.97364976637937,457.9736497663799,5.115907697472721e-13,1.1170746832448632e-13,0,0,0,0
2026-01-20 18:30:00+00:00,453.55,453.69,452.49,453.1,457.7826801887679,457.7826801887684,4.547473508864641e-13,9.933694972884248e-14,0,0,0,0
2026-01-20 19:30:00+00:00,453.07,455.12,452.68,454.765,457.5502054013839,457.5502054013844,5.115907697472721e-13,1.1181084910637978e-13,0,0,0,0
2026-01-20 20:30:00+00:00,454.77,455.335,453.61,454.66,457.28688380197775,457.2868838019783,5.684341886080801e-13,1.243058151771161e-13,0,0,0,0
2026-01-21 14:30:00+00:00,452.6,452.69,448.021,450.2,456.99112067591744,456.99112067591795,5.115907697472721e-13,1.119476389367475e-13,0,0,0,0
2026-01-21 15:30:00+00:00,450.2,451.89,448.51,448.545,456.6352611873881,456.63526118738855,4.547473508864641e-13,9.958656055250423e-14,0,0,0,0
2026-01-21 16:30:00+00:00,448.51,448.7999,443.5,444.335,456.16051713357245,456.16051713357285,3.979039320256561e-13,8.722892865125859e-14,0,0,0,0
2026-01-21 17:30:00+00:00,444.3,444.34,439.2291,440.77,455.50780000580664,455.5078000058071,4.547473508864641e-13,9.983305464377716e-14,0,0,0,0
2026-01-21 18:30:00+00:00,440.73,442.1,438.68,441.59,454.6388351939503,454.63883519395074,4.547473508864641e-13,1.0002386854885979e-13,0,0,0,0
2026-01-21 19:30:00+00:00,441.6025,447.59,441.59,443.64,453.6490268131136,453.649026813114,3.979039320256561e-13,8.771184517267302e-14,0,0,0,0
2026-01-21 20:30:00+00:00,443.6038,444.36,442.26,444.2,452.5747537815173,452.5747537815176,2.8421709430404007e-13,6.28000329071045e-14,0,0,0,0
2026-01-22 14:30:00+00:00,447.79,449.94,444.7,446.79,451.52101679296726,451.5210167929675,2.2737367544323206e-13,5.035727396660432e-14,0,0,0,0
2026-01-22 15:30:00+00:00,446.79,449.19,446.1927,449.16,450.5518493935356,450.5518493935357,1.1368683772161603e-13,2.523279792872762e-14,0,0,0,0
2026-01-22 16:30:00+00:00,449.165,450.2185,448.5,449.915,449.71543187667663,449.7154318766766,-5.684341886080802e-14,-1.2639863974335647e-14,0,0,0,0
2026-01-22 17:30:00+00:00,449.91,452.84,449.89,451.89,449.0340052826486,449.0340052826484,-1.7053025658242404e-13,-3.797713638081423e-14,0,0,0,0
2026-01-22 18:30:00+00:00,451.86,452.32,450.84,451.73,448.5210328107433,448.5210328107431,-1.7053025658242404e-13,-3.802057074419975e-14,0,0,0,0
2026-01-22 19:30:00+00:00,451.71,451.79,449.94,450.395,448.16353971480873,448.1635397148087,-5.684341886080802e-14,-1.2683633054349006e-14,0,0,0,0
2026-01-22 20:30:00+00:00,450.39,451.49,449.66,451.15,447.9141328122818,447.9141328122818,0.0,0.0,0,0,0,0
2026-01-23 14:30:00+00:00,451.87,463.71,450.53,463.15,447.7819068642671,447.78190686426717,5.684341886080802e-14,1.2694442984280415e-14,0,0,0,0
2026-01-23 15:30:00+00:00,463.13,469.28,463.13,466.6932,447.8636984282262,447.8636984282263,1.1368683772161603e-13,2.538424929740879e-14,1,0,1,0
2026-01-23 16:30:00+00:00,466.65,470.169,465.5801,469.83,448.2776436909913,448.27764369099145,1.7053025658242404e-13,3.804121373939735e-14,0,0,0,0
2026-01-23 17:30:00+00:00,469.83,470.89,467.7,470.705,449.0720702079891,449.0720702079893,2.2737367544323206e-13,5.063188974053168e-14,0,0,0,0
2026-01-23 18:30:00+00:00,470.74,471.1,467.92,469.52,450.197448842111,450.19744884211127,2.8421709430404007e-13,6.313165368551834e-14,0,0,0,0
2026-01-23 19:30:00+00:00,469.535,469.86,467.04,467.7,451.52869066889974,451.52869066890014,3.979039320256561e-13,8.812373172482057e-14,0,0,0,0
2026-01-23 20:30:00+00:00,467.69,468.6799,465.65,465.81,453.01532967587775,453.0153296758783,5.684341886080801e-13,1.2547791462482782e-13,0,0,0,0
2026-01-26 14:30:00+00:00,465.32,470.69,462.0,470.0932,454.5705050337915,454.57050503379224,7.389644451905042e-13,1.625632189082685e-13,0,0,0,0
2026-01-26 15:30:00+00:00,470.085,472.7,469.48,472.23,456.23173230271294,456.2317323027137,7.389644451905042e-13,1.6197129503920524e-13,0,0,0,0
2026-01-26 16:30:00+00:00,472.2,474.09,471.81,473.53,458.1583135712059,458.1583135712066,6.821210263296962e-13,1.4888325849917868e-13,0,0,0,0
2026-01-26 17:30:00+00:00,473.51,473.98,472.49,473.89,460.3271756513647,460.3271756513652,5.115907697472721e-13,1.1113633884929109e-13,0,0,0,0
2026-01-26 18:30:00+00:00,473.86,474.25,472.13,472.66,462.5606486945462,462.56064869454667,4.547473508864641e-13,9.8310859812625e-14,0,0,0,0
2026-01-26 19:30:00+00:00,472.68,473.55,471.67,471.9,464.711824551969,464.71182455196936,3.410605131648481e-13,7.339183019361864e-14,0,0,0,0
2026-01-26 20:30:00+00:00,471.89,472.94,469.95,470.36,466.6209502639952,466.62095026399544,2.2737367544323206e-13,4.872770399927249e-14,0,0,0,0
2026-01-27 14:30:00+00:00,473.7,478.72,473.16,476.11,468.2667900770328,468.26679007703297,1.7053025658242404e-13,3.64173287954866e-14,0,0,0,0
2026-01-27 15:30:00+00:00,476.09,479.8,475.85,479.19,469.7348560837202,469.7348560837203,5.684341886080802e-14,1.2101171144658868e-14,0,0,0,0
2026-01-27 16:30:00+00:00,479.17,480.89,478.36,479.8,471.1389379886702,471.1389379886701,-1.1368683772161603e-13,-2.413021479543895e-14,0,0,0,0
2026-01-27 17:30:00+00:00,479.8,481.45,479.74,481.215,472.5326685291789,472.5326685291787,-2.2737367544323206e-13,-4.811808592006199e-14,0,0,0,0
2026-01-27 18:30:00+00:00,481.21,482.87,480.75,482.08,473.9541462474275,473.9541462474273,-2.2737367544323206e-13,-4.7973770720961633e-14,0,0,0,0
2026-01-27 19:30:00+00:00,482.0898,482.23,480.52,480.6,475.3428198505073,475.3428198505071,-1.7053025658242404e-13,-3.5875214573779587e-14,0,0,0,0
2026-01-27 20:30:00+00:00,480.58,481.38,480.2,480.585,476.61423983612633,476.6142398361261,-2.2737367544323206e-13,-4.770601808317974e-14,0,0,0,0
2026-01-28 14:30:00+00:00,483.27,483.74,479.29,481.02,477.72956572330753,477.7295657233072,-3.410605131648481e-13,-7.139196265746388e-14,0,0,0,0
2026-01-28 15:30:00+00:00,481.0,481.13,478.85,479.4432,478.68561786549344,478.68561786549304,-3.979039320256561e-13,-8.312427137459219e-14,0,0,0,0
2026-01-28 16:30:00+00:00,479.43,480.165,478.0,478.68,479.48033208333226,479.4803320833318,-4.547473508864641e-13,-9.484171100628803e-14,0,0,0,0
2026-01-28 17:30:00+00:00,478.65,479.45,478.05,478.835,480.1076024331702,480.10760243316975,-4.547473508864641e-13,-9.471779838140845e-14,0,0,0,0
2026-01-28 18:30:00+00:00,478.86,481.67,478.82,480.61,480.5616931149004,480.5616931149,-3.979039320256561e-13,-8.279976072302519e-14,0,0,0,0
2026-01-28 19:30:00+00:00,480.655,481.47,479.5,479.79,480.8739903883092,480.87399038830887,-3.410605131648481e-13,-7.092513215144767e-14,0,0,0,0
2026-01-28 20:30:00+00:00,479.78,483.33,479.0,481.72,481.0915770760544,481.091577076054,-3.979039320256561e-13,-8.270856339743245e-14,0,0,0,0
2026-01-29 14:30:00+00:00,439.74,442.5,423.93,426.33,480.9368193730404,480.93681937303995,-4.547473508864641e-13,-9.455448877448862e-14,0,1,0,1
2026-01-29 15:30:00+00:00,426.37,426.72,421.02,422.65,479.5479463438082,479.54794634380767,-5.115907697472721e-13,-1.0668188106064604e-13,0,0,0,0
2026-01-29 16:30:00+00:00,422.66,425.4,422.55,424.7812,476.4453872993935,476.4453872993929,-5.684341886080801e-13,-1.1930731281293356e-13,0,0,0,0
2026-01-29 17:30:00+00:00,424.77,425.67,423.0,423.9497,471.8894459083776,471.88944590837696,-6.252776074688882e-13,-1.3250510535687898e-13,0,0,0,0
2026-01-29 18:30:00+00:00,423.9496,424.83,423.01,423.8599,466.4460279029316,466.446027902931,-5.684341886080801e-13,-1.2186494355277745e-13,0,0,0,0
2026-01-29 19:30:00+00:00,423.8,427.53,423.12,427.3167,460.7798717822819,460.7798717822812,-6.821210263296962e-13,-1.4803620299022042e-13,0,0,0,0
2026-01-29 20:30:00+00:00,427.345,433.49,427.2,433.47,455.24799455509987,455.24799455509924,-6.252776074688882e-13,-1.3734878900014773e-13,0,0,0,0
2026-01-30 14:30:00+00:00,439.07,439.6,432.41,432.875,450.1805831729985,450.1805831729979,-6.252776074688882e-13,-1.3889484150154964e-13,0,0,0,0
2026-01-30 15:30:00+00:00,432.85,434.53,429.55,431.2501,445.7468914356911,445.74689143569054,-5.684341886080801e-13,-1.2752398267483812e-13,0,0,0,0
2026-01-30 16:30:00+00:00,431.22,432.65,429.36,432.07,441.9708720935226,441.97087209352196,-6.252776074688882e-13,-1.4147484527816965e-13,0,0,0,0
2026-01-30 17:30:00+00:00,432.05,432.63,430.39,431.1,438.7968443662545,438.7968443662539,-6.252776074688882e-13,-1.4249820059029004e-13,0,0,0,0
2026-01-30 18:30:00+00:00,431.1,431.89,429.51,431.07,436.1668586628269,436.16685866282637,-5.115907697472721e-13,-1.1729244429888027e-13,0,0,0,0
2026-01-30 19:30:00+00:00,431.05,431.19,426.45,427.26,434.0116920482574,434.01169204825686,-5.115907697472721e-13,-1.1787488197216328e-13,0,0,0,0
2026-01-30 20:30:00+00:00,427.27,430.5,427.19,430.36,432.25045900687417,432.25045900687377,-3.979039320256561e-13,-9.205402186035114e-14,0,0,0,0
2026-02-02 14:30:00+00:00,430.42,430.736,424.51,427.76,430.8197953331707,430.81979533317036,-3.410605131648481e-13,-7.916546938171492e-14,0,0,0,0
2026-02-02 15:30:00+00:00,427.77,428.19,425.74,425.82,429.6584892757314,429.65848927573114,-2.8421709430404007e-13,-6.614953536310672e-14,0,0,0,0
2026-02-02 16:30:00+00:00,425.79,426.25,424.2,424.9,428.6944199524524,428.69441995245217,-2.2737367544323206e-13,-5.3038636581379026e-14,0,0,0,0
2026-02-02 17:30:00+00:00,424.9,425.7,424.38,424.89,427.8661633044157,427.8661633044154,-2.8421709430404007e-13,-6.642663493393072e-14,0,0,0,0
2026-02-02 18:30:00+00:00,424.87,425.08,423.2,423.95,427.1358173777079,427.1358173777076,-2.8421709430404007e-13,-6.654021572082596e-14,0,0,0,0
2026-02-02 19:30:00+00:00,423.93,424.92,422.25,424.22,426.47938507062656,426.4793850706263,-2.8421709430404007e-13,-6.664263367782072e-14,0,0,0,0
2026-02-02 20:30:00+00:00,424.215,425.58,423.14,423.31,425.8971143304183,425.89711433041793,-3.410605131648481e-13,-8.008049401815094e-14,0,0,0,0
2026-02-03 14:30:00+00:00,421.99,422.05,412.11,412.31,425.35769506353313,425.35769506353284,-2.8421709430404007e-13,-6.681837371287906e-14,0,0,0,0
2026-02-03 15:30:00+00:00,412.28,414.68,411.32,413.24,424.7737769125553,424.7737769125551,-2.2737367544323206e-13,-5.352818083448678e-14,0,0,0,0
2026-02-03 16:30:00+00:00,413.25,413.56,411.06,411.1375,424.0641076550223,424.06410765502204,-2.8421709430404007e-13,-6.702219998662365e-14,0,0,0,0
2026-02-03 17:30:00+00:00,411.12,412.81,409.37,412.32,423.2158781851674,423.2158781851671,-2.8421709430404007e-13,-6.715652907986785e-14,0,0,0,0
2026-02-03 18:30:00+00:00,412.33,412.37,409.42,410.925,422.22112762826464,422.2211276282643,-3.410605131648481e-13,-8.077769937299949e-14,0,0,0,0
2026-02-03 19:30:00+00:00,410.96,411.0799,408.56,409.71,420.9530468771058,420.9530468771054,-3.979039320256561e-13,-9.452454020170599e-14,0,0,0,0
2026-02-03 20:30:00+00:00,409.65,411.35,409.01,411.33,419.3029359404592,419.3029359404589,-2.8421709430404007e-13,-6.77832349698593e-14,0,0,0,0
2026-02-04 14:30:00+00:00,410.97,418.09,409.24,417.975,417.7628241203167,417.7628241203164,-2.8421709430404007e-13,-6.803312259833462e-14,0,0,0,0
2026-02-04 15:30:00+00:00,418.01,418.1,414.03,416.510091,416.4427415046849,416.44274150468465,-2.2737367544323206e-13,-5.459902473547475e-14,0,0,0,0
2026-02-04 16:30:00+00:00,416.49,416.5399,413.11,413.3,415.3961771138413,415.39617711384113,-1.7053025658242404e-13,-4.105243764332704e-14,0,0,0,0
2026-02-04 17:30:00+00:00,413.29,415.75,412.45,415.43,414.5977333894235,414.59773338942347,-5.684341886080802e-14,-1.371049918582553e-14,0,0,0,0
2026-02-04 18:30:00+00:00,415.42,418.32,414.87,417.41,413.98395286122576,413.98395286122576,0.0,0.0,0,0,0,0
2026-02-04 19:30:00+00:00,417.43,419.8,415.14,415.16,413.5546661946123,413.5546661946123,0.0,0.0,0,0,0,0
2026-02-04 20:30:00+00:00,415.14,415.88,412.63,414.2,413.29522624564,413.29522624564004,5.684341886080802e-14,1.3753708064129298e-14,0,0,0,0
2026-02-05 14:30:00+00:00,408.0,408.3,397.7,401.7105,413.1084500334879,413.1084500334879,0.0,0.0,0,0,0,0
2026-02-05 15:30:00+00:00,401.68,404.7,399.15,404.33,412.7807986662444,412.7807986662444,0.0,0.0,0,0,0,0
2026-02-05 16:30:00+00:00,404.38,406.1699,403.46,405.69,412.26316747924665,412.26316747924665,0.0,0.0,0,0,0,0
2026-02-05 17:30:00+00:00,405.76,406.31,400.73,401.31,411.5826810693962,411.58268106939613,-5.684341886080802e-14,-1.3810935560532914e-14,0,0,0,0
2026-02-05 18:30:00+00:00,401.32,402.23,397.81,397.83,410.7674639976945,410.7674639976945,0.0,0.0,0,0,0,0
2026-02-05 19:30:00+00:00,397.83,398.4,392.91,393.42,409.7621010375052,409.7621010375052,0.0,0.0,0,0,0,0
2026-02-05 20:30:00+00:00,393.42,394.5,392.32,393.66,408.5844438052313,408.58444380523116,-1.1368683772161603e-13,-2.782456342753215e-14,0,0,0,0
2026-02-06 14:30:00+00:00,399.39,400.4299,393.75,395.615,407.3063050791477,407.3063050791475,-2.2737367544323206e-13,-5.582375539191539e-14,0,0,0,0
2026-02-06 15:30:00+00:00,395.58,398.25,392.92,397.435,405.9970215082296,405.9970215082294,-1.7053025658242404e-13,-4.200283439246053e-14,0,0,0,0
2026-02-06 16:30:00+00:00,397.4,398.38,395.51,397.95,404.7249786688226,404.7249786688224,-1.7053025658242404e-13,-4.213484849472687e-14,0,0,0,0
2026-02-06 17:30:00+00:00,397.95,401.31,397.09,399.475,403.5419447309409,403.5419447309408,-5.684341886080802e-14,-1.4086124033205027e-14,0,0,0,0
2026-02-06 18:30:00+00:00,399.5263,400.09,397.065,399.14,402.4795492229862,402.4795492229862,0.0,0.0,0,0,0,0
2026-02-06 19:30:00+00:00,399.16,400.09,398.965,399.66,401.55013889524815,401.5501388952482,5.684341886080802e-14,1.4155995317844152e-14,0,0,0,0
2026-02-06 20:30:00+00:00,399.63,401.79,399.28,400.82,400.76557850951735,400.76557850951747,1.1368683772161603e-13,2.8367415720788058e-14,0,0,0,0
2026-02-09 14:30:00+00:00,404.62,410.88,400.87,409.92,400.1331516338663,400.13315163386653,2.2737367544323206e-13,5.6824503172205465e-14,0,0,0,0
2026-02-09 15:30:00+00:00,409.925,412.17,409.61,412.015,399.68366812540216,399.6836681254025,3.410605131648481e-13,8.53326118538922e-14,0,0,0,0
2026-02-09 16:30:00+00:00,412.0,412.9,411.45,412.27,399.4589390339748,399.4589390339753,5.115907697472721e-13,1.2807092788672337e-13,0,0,0,0
2026-02-09 17:30:00+00:00,412.29,412.92,411.75,411.985,399.4722733167456,399.4722733167462,6.252776074688882e-13,1.565259091143728e-13,0,0,0,0
2026-02-09 18:30:00+00:00,411.99,414.56,411.88,414.495,399.6899480542723,399.68994805427303,7.389644451905042e-13,1.8488442073358402e-13,1,0,1,0
2026-02-09 19:30:00+00:00,414.495,414.89,412.65,412.98,400.07478521816586,400.0747852181666,7.389644451905042e-13,1.8470657799329632e-13,0,0,0,0
2026-02-09 20:30:00+00:00,412.96,414.49,412.45,413.625,400.69267078940896,400.69267078940976,7.958078640513122e-13,1.9860804104140025e-13,0,0,0,0
2026-02-10 14:30:00+00:00,419.61,423.68,414.71,420.825,401.5493475048433,401.5493475048441,7.958078640513122e-13,1.9818432503908216e-13,0,0,0,0
2026-02-10 15:30:00+00:00,420.77,422.67,419.44,420.275,402.6253224790696,402.62532247907035,7.389644451905042e-13,1.835365050167502e-13,0,0,0,0
2026-02-10 16:30:00+00:00,420.28,420.78,419.71,420.2199,403.9672705106059,403.9672705106065,6.252776074688882e-13,1.547842246423951e-13,0,0,0,0
2026-02-10 17:30:00+00:00,420.2,420.44,416.06,416.1,405.5048956303202,405.5048956303208,5.684341886080801e-13,1.401793652144449e-13,0,0,0,0
2026-02-10 18:30:00+00:00,416.07,417.6201,415.958,416.685,407.1965999553585,407.1965999553591,5.684341886080801e-13,1.395969879587399e-13,0,0,0,0
2026-02-10 19:30:00+00:00,416.73,417.07,413.38,414.5136,408.8404302748046,408.8404302748052,6.252776074688882e-13,1.5293927928033046e-13,0,0,0,0
2026-02-10 20:30:00+00:00,414.48,414.969,412.7,413.34,410.30930295643856,410.3093029564392,6.252776074688882e-13,1.5239176956591505e-13,0,0,0,0
2026-02-11 14:30:00+00:00,416.28,416.46,402.82,403.8,411.5512683752054,411.551268375206,6.252776074688882e-13,1.5193188686733229e-13,0,0,0,0
2026-02-11 15:30:00+00:00,403.8216,405.67,402.38,402.3969,412.53549873009206,412.5354987300927,6.252776074688882e-13,1.5156940660711141e-13,0,0,0,0
2026-02-11 16:30:00+00:00,402.3545,404.1,401.01,403.58,413.2368532376803,413.236853237681,6.821210263296962e-13,1.6506781062369635e-13,0,0,0,0
2026-02-11 17:30:00+00:00,403.57,404.5,402.32,404.065,413.64784052174394,413.64784052174457,6.252776074688882e-13,1.5116182080878522e-13,0,0,0,0
2026-02-11 18:30:00+00:00,404.065,405.62,403.74,405.27,413.81049913747586,413.8104991374765,6.252776074688882e-13,1.5110240285642412e-13,0,0,0,0
2026-02-11 19:30:00+00:00,405.275,405.32,403.64,403.9795,413.78551653708854,413.78551653708917,6.252776074688882e-13,1.5111152577348442e-13,0,0,0,0
2026-02-11 20:30:00+00:00,403.96,405.89,403.028,404.2,413.6126962523035,413.61269625230415,6.252776074688882e-13,1.5117466488201543e-13,0,0,0,0
2026-02-12 14:30:00+00:00,405.0,405.34,400.23,402.435,413.27474962770685,413.27474962770754,6.821210263296962e-13,1.6505267426673803e-13,0,1,0,1
2026-02-12 15:30:00+00:00,402.44,402.85,398.01,399.54,412.74666510320486,412.7466651032056,7.389644451905042e-13,1.7903583666889965e-13,0,0,0,0
2026-02-12 16:30:00+00:00,399.56,402.94,398.47,402.43,412.0667209176283,412.066720917629,7.389644451905042e-13,1.793312606135506e-13,0,0,0,0
2026-02-12 17:30:00+00:00,402.41,404.6,402.33,404.27,411.2852749084501,411.2852749084507,5.684341886080801e-13,1.3820922442083797e-13,0,0,0,0
2026-02-12 18:30:00+00:00,404.295,406.2,403.62,405.265,410.4794156004944,410.479415600495,5.684341886080801e-13,1.3848055883058402e-13,0,0,0,0
2026-02-12 19:30:00+00:00,405.265,406.15,403.33,403.485,409.6962519465273,409.6962519465278,5.115907697472721e-13,1.2487074688055578e-13,0,0,0,0
2026-02-12 20:30:00+00:00,403.515,404.15,400.69,401.88,408.9207211121486,408.92072111214907,4.547473508864641e-13,1.1120672722323291e-13,0,0,0,0
2026-02-13 14:30:00+00:00,404.45,405.54,400.01,403.895,408.1441199732388,408.1441199732391,3.410605131648481e-13,8.356374537190705e-14,0,0,0,0
2026-02-13 15:30:00+00:00,403.85,404.94,398.05,399.66,407.3639113191557,407.36391131915593,2.2737367544323206e-13,5.581586123005692e-14,0,0,0,0
2026-02-13 16:30:00+00:00,399.65,404.035,399.25,403.85,406.6009581758799,406.6009581758801,2.2737367544323206e-13,5.5920595087451564e-14,0,0,0,0
2026-02-13 17:30:00+00:00,403.89,404.9,402.86,404.58,405.8872615355523,405.88726153555245,1.7053025658242404e-13,4.2014192792667145e-14,0,0,0,0
2026-02-13 18:30:00+00:00,404.58,404.875,402.91,403.03,405.2545804888908,405.2545804888909,1.1368683772161603e-13,2.8053190067455024e-14,0,0,0,0
2026-02-13 19:30:00+00:00,402.995,403.67,400.54,400.7305,404.70754295642416,404.7075429564242,5.684341886080802e-14,1.4045554586297514e-14,0,0,0,0
2026-02-13 20:30:00+00:00,400.72,401.93,400.08,401.16,404.22052933971185,404.2205293397119,5.684341886080802e-14,1.4062476973562151e-14,0,0,0,0
2026-02-17 14:30:00+00:00,399.22,400.06,394.525,396.9,403.75919677001815,403.7591967700181,-5.684341886080802e-14,-1.4078544666113478e-14,0,0,0,0
2026-02-17 15:30:00+00:00,396.92,400.52,395.51,398.89,403.2946328776187,403.29463287761854,-1.7053025658242404e-13,-4.2284286147237697e-14,0,0,0,0
2026-02-17 16:30:00+00:00,398.86,399.48,396.16,397.59,402.8140099691352,402.81400996913504,-1.7053025658242404e-13,-4.233473820721642e-14,0,0,0,0
2026-02-17 17:30:00+00:00,397.58,397.69,394.701,396.92,402.3122174373507,402.3122174373505,-1.7053025658242404e-13,-4.23875411163668e-14,0,0,0,0
2026-02-17 18:30:00+00:00,396.92,398.14,396.34,396.51,401.7971962724056,401.7971962724054,-1.7053025658242404e-13,-4.244187320481202e-14,0,0,0,0
2026-02-17 19:30:00+00:00,396.515,397.79,396.37,396.395,401.2776121579919,401.27761215799154,-3.410605131648481e-13,-8.499365597066129e-14,0,0,0,0
2026-02-17 20:30:00+00:00,396.39,398.0,396.0,396.71,400.769464611429,400.76946461142865,-3.410605131648481e-13,-8.510142195976121e-14,0,0,0,0
2026-02-18 14:30:00+00:00,398.12,400.93,396.32,399.87,400.2923011085125,400.2923011085122,-2.8421709430404007e-13,-7.100238838393088e-14,0,0,0,0
2026-02-18 15:30:00+00:00,399.89,402.56,399.4,401.38,399.86634510584,399.86634510583986,-1.7053025658242404e-13,-4.2646814034145995e-14,0,0,0,0
2026-02-18 16:30:00+00:00,401.36,402.15,400.775,401.12,399.5175049253429,399.51750492534273,-1.7053025658242404e-13,-4.2684051256850615e-14,0,0,0,0
2026-02-18 17:30:00+00:00,401.11,401.92,400.8496,401.22,399.2599439279726,399.25994392797264,5.684341886080802e-14,1.4237195522690023e-14,0,0,0,0
2026-02-18 18:30:00+00:00,401.21,401.43,399.73,400.57,399.0849890717817,399.0849890717819,1.7053025658242404e-13,4.2730310899203354e-14,0,0,0,0
2026-02-18 19:30:00+00:00,400.61,400.8,398.8622,399.37,398.9705635526073,398.9705635526076,2.8421709430404007e-13,7.123761005655343e-14,0,0,0,0
2026-02-18 20:30:00+00:00,399.34,400.58,399.3,399.5,398.897810460988,398.8978104609883,2.8421709430404007e-13,7.125060274850426e-14,0,0,0,0
2026-02-19 14:30:00+00:00,400.66,404.43,397.88,400.6,398.85258255246464,398.8525825524651,4.547473508864641e-13,1.1401389154265966e-13,0,0,0,0
2026-02-19 15:30:00+00:00,400.62,401.605,399.8,400.09,398.839095321507,398.8390953215075,5.115907697472721e-13,1.282699654443041e-13,0,0,0,0
2026-02-19 16:30:00+00:00,400.08,400.24,398.35,399.07,398.8603851150262,398.86038511502676,5.684341886080801e-13,1.4251457648373655e-13,0,0,0,0
2026-02-19 17:30:00+00:00,399.075,399.33,397.1,398.2023,398.89459660089886,398.89459660089943,5.684341886080801e-13,1.4250235361719094e-13,0,0,0,0
2026-02-19 18:30:00+00:00,398.185,398.49,397.31,397.68,398.9187727260379,398.91877272603847,5.684341886080801e-13,1.4249371738603512e-13,0,0,0,0
2026-02-19 19:30:00+00:00,397.6767,397.82,396.67,397.26,398.9195713495501,398.9195713495506,5.115907697472721e-13,1.2824408890658184e-13,0,0,0,0
2026-02-19 20:30:00+00:00,397.24,398.68,396.9,398.41,398.8992560911262,398.89925609112674,5.684341886080801e-13,1.425006890657687e-13,0,0,0,0
2026-02-20 14:30:00+00:00,396.11,399.27,395.16,396.81,398.8599815065639,398.8599815065644,5.115907697472721e-13,1.2826324862547112e-13,0,0,0,0
2026-02-20 15:30:00+00:00,396.8,400.1159,396.15,397.56,398.8076312592307,398.8076312592311,3.979039320256561e-13,9.977339971386175e-14,0,0,0,0
2026-02-20 16:30:00+00:00,397.5206,399.76,395.97,396.865,398.7444033104785,398.7444033104788,2.8421709430404007e-13,7.127801467416138e-14,0,0,0,0
2026-02-20 17:30:00+00:00,396.88,397.84,396.21,396.985,398.67412899738423,398.67412899738434,1.1368683772161603e-13,2.851623154166644e-14,0,0,0,0
2026-02-20 18:30:00+00:00,396.95,399.01,396.51,396.89,398.5956273282465,398.5956273282465,0.0,0.0,0,0,0,0
2026-02-20 19:30:00+00:00,396.91,397.88,396.75,396.82,398.5102186598232,398.5102186598231,-5.684341886080802e-14,-1.4263980244213202e-14,0,0,0,0
2026-02-20 20:30:00+00:00,396.81,397.87,396.52,397.21,398.4176414634439,398.41764146344366,-2.2737367544323206e-13,-5.70691786157e-14,0,0,0,0
2026-02-23 14:30:00+00:00,395.0,395.37,387.09,388.43,398.2552361657368,398.2552361657365,-2.8421709430404007e-13,-7.136556371245325e-14,0,0,0,0
2026-02-23 15:30:00+00:00,388.3901,389.24,385.09,386.561,397.8664337907302,397.8664337907299,-2.8421709430404007e-13,-7.143530344998458e-14,0,0,0,0
2026-02-23 16:30:00+00:00,386.54,386.95,385.2,386.44,397.14461429130455,397.1446142913043,-2.2737367544323206e-13,-5.725211100973261e-14,0,0,0,0
2026-02-23 17:30:00+00:00,386.43,387.98,385.92,386.785,396.1699949699501,396.16999496995,-1.1368683772161603e-13,-2.8696478573608106e-14,0,0,0,0
2026-02-23 18:30:00+00:00,386.79,387.53,386.0,386.17,395.03624929245257,395.0362492924525,-5.684341886080802e-14,-1.4389418429984584e-14,0,0,0,0
2026-02-23 19:30:00+00:00,386.181,386.47,383.21,383.2731,393.80964893422794,393.8096489342279,-5.684341886080802e-14,-1.4434237204355985e-14,0,0,0,0
2026-02-23 20:30:00+00:00,383.26,384.64,383.1,384.589,392.47425946832664,392.4742594683265,-1.1368683772161603e-13,-2.896669908381361e-14,0,0,0,0
2026-02-24 14:30:00+00:00,384.14,389.36,381.71,388.225,391.1897588296471,391.18975882964685,-2.2737367544323206e-13,-5.81236267849863e-14,0,0,0,0
2026-02-24 15:30:00+00:00,388.2138,388.26,385.88,386.685,390.0250143297919,390.02501432979165,-2.2737367544323206e-13,-5.829720327911395e-14,0,0,0,0
2026-02-24 16:30:00+00:00,386.685,387.13,385.6,386.445,389.0202710224799,389.0202710224796,-2.8421709430404007e-13,-7.305971320132475e-14,0,0,0,0
2026-02-24 17:30:00+00:00,386.42,387.7099,385.99,386.4,388.1785033905171,388.1785033905169,-2.2737367544323206e-13,-5.857451493507577e-14,0,0,0,0
2026-02-24 18:30:00+00:00,386.41,388.61,386.17,387.505,387.48667439326897,387.48667439326874,-2.2737367544323206e-13,-5.867909542934768e-14,0,0,0,0
2026-02-24 19:30:00+00:00,387.48,388.52,387.16,388.1599,386.941860365037,386.94186036503686,-1.1368683772161603e-13,-2.938085778942734e-14,0,0,0,0
2026-02-24 20:30:00+00:00,388.14,389.23,387.92,389.0,386.53512736984214,386.5351273698421,-5.684341886080802e-14,-1.4705886952007713e-14,0,0,0,0
2026-02-25 14:30:00+00:00,390.55,399.4,390.16,398.94,386.24469593849386,386.24469593849386,0.0,0.0,0,0,0,0
2026-02-25 15:30:00+00:00,398.935,400.25,396.59,397.49,386.107957878071,386.10795787807103,5.684341886080802e-14,1.4722156770143182e-14,0,0,0,0
2026-02-25 16:30:00+00:00,397.5,398.12,396.0,397.33,386.14466444191896,386.14466444191896,0.0,0.0,0,0,0,0
2026-02-25 17:30:00+00:00,397.36,399.1,397.05,398.76,386.3510567862604,386.35105678626036,-5.684341886080802e-14,-1.4712893329098694e-14,1,0,1,0
2026-02-25 18:30:00+00:00,398.76,399.95,398.39,398.695,386.7090320360242,386.70903203602415,-5.684341886080802e-14,-1.469927365324964e-14,0,0,0,0
2026-02-25 19:30:00+00:00,398.7214,400.98,397.94,400.96,387.20311075682565,387.2031107568255,-1.7053025658242404e-13,-4.4041551280181166e-14,0,0,0,0
2026-02-25 20:30:00+00:00,400.96,401.47,399.72,400.49,387.9093113979572,387.90931139795697,-2.2737367544323206e-13,-5.861516307092943e-14,0,0,0,0
2026-02-26 14:30:00+00:00,404.71,407.49,400.3663,401.67,388.97248461735336,388.97248461735313,-2.2737367544323206e-13,-5.845495104027936e-14,0,0,0,0
2026-02-26 15:30:00+00:00,401.69,404.1799,399.69,400.98,390.2485941493838,390.2485941493836,-1.7053025658242404e-13,-4.3697852891469104e-14,0,0,0,0
2026-02-26 16:30:00+00:00,400.96,401.72,398.74,400.9,391.59381662639777,391.5938166263977,-5.684341886080802e-14,-1.451591328752767e-14,0,0,0,0
2026-02-26 17:30:00+00:00,400.89,401.4499,399.085,400.17,392.9241990342679,392.92419903426793,5.684341886080802e-14,1.4466764582206494e-14,0,0,0,0
2026-02-26 18:30:00+00:00,400.11,402.7399,400.07,401.28,394.235918278448,394.23591827844797,-5.684341886080802e-14,-1.4418630121028095e-14,0,0,0,0
2026-02-26 19:30:00+00:00,401.29,402.9,400.94,401.31,395.485847709803,395.485847709803,0.0,0.0,0,0,0,0
2026-02-26 20:30:00+00:00,401.29,402.0,401.06,401.81,396.65008345217854,396.65008345217854,0.0,0.0,0,0,0,0
2026-02-27 14:30:00+00:00,390.88,395.27,389.88,394.15,397.6664770897883,397.6664770897883,0.0,0.0,0,0,0,0
2026-02-27 15:30:00+00:00,394.08,396.82,393.62,393.87,398.47219219729544,398.47219219729544,0.0,0.0,0,0,0,0
2026-02-27 16:30:00+00:00,393.87,395.8078,393.77,394.84,399.0428322306385,399.0428322306385,0.0,0.0,0,0,0,0
2026-02-27 17:30:00+00:00,394.84,395.43,393.3701,394.13,399.4159376732094,399.4159376732094,0.0,0.0,0,0,0,0
2026-02-27 18:30:00+00:00,394.1,394.25,392.69,393.045,399.6238816914568,399.6238816914568,0.0,0.0,0,0,0,0
2026-02-27 19:30:00+00:00,393.06,394.97,392.42,393.82,399.6920014159783,399.6920014159783,0.0,0.0,0,0,0,0
2026-02-27 20:30:00+00:00,393.8,394.12,390.15,392.73,399.6370040501544,399.63700405015436,-5.684341886080802e-14,-1.422376263577288e-14,0,0,0,0
2026-03-02 14:30:00+00:00,392.855,399.7,390.63,398.57,399.4956825677037,399.4956825677037,0.0,0.0,0,1,0,1
2026-03-02 15:30:00+00:00,398.58,400.13,396.87,397.086,399.30999070552497,399.30999070552497,0.0,0.0,0,0,0,0
2026-03-02 16:30:00+00:00,397.1,401.19,396.3101,400.2,399.1222964909461,399.12229649094604,-5.684341886080802e-14,-1.4242105580312393e-14,0,0,0,0
2026-03-02 17:30:00+00:00,400.2,400.79,399.41,400.29,398.9611172189259,398.96111721892595,5.684341886080802e-14,1.4247859354578597e-14,0,0,0,0
2026-03-02 18:30:00+00:00,400.31,400.69,398.49,399.85,398.8375421634729,398.83754216347285,-5.684341886080802e-14,-1.4252273883863573e-14,0,0,0,0
2026-03-02 19:30:00+00:00,399.88,399.98,397.2,397.24,398.7490876499291,398.7490876499291,0.0,0.0,0,0,0,0
2026-03-02 20:30:00+00:00,397.26,398.88,396.62,398.37,398.6798831082858,398.6798831082858,0.0,0.0,0,0,0,0
2026-03-03 14:30:00+00:00,393.27,399.18,392.67,393.77,398.60477081721695,398.60477081721695,0.0,0.0,0,0,0,0
2026-03-03 15:30:00+00:00,393.76,400.43,393.735,400.1282,398.51341633463386,398.51341633463386,0.0,0.0,0,0,0,0
2026-03-03 16:30:00+00:00,400.085,402.33,399.14,401.915,398.42221467388543,398.42221467388543,0.0,0.0,0,0,0,0
2026-03-03 17:30:00+00:00,401.915,405.28,400.655,404.59,398.3691777854389,398.3691777854389,0.0,0.0,0,0,0,0
2026-03-03 18:30:00+00:00,404.5899,406.7,404.15,405.765,398.3968339377224,398.3968339377224,0.0,0.0,0,0,0,0
2026-03-03 19:30:00+00:00,405.78,406.42,403.14,403.725,398.5181824258191,398.5181824258191,0.0,0.0,0,0,0,0
2026-03-03 20:30:00+00:00,403.77,404.56,402.72,403.78,398.7673292409705,398.7673292409705,0.0,0.0,0,0,0,0
2026-03-04 14:30:00+00:00,401.265,406.5834,400.31,405.3214,399.0944190422684,399.0944190422684,0.0,0.0,0,0,0,0
2026-03-04 15:30:00+00:00,405.375,405.73,403.13,405.63,399.4759848457839,399.4759848457839,0.0,0.0,0,0,0,0
2026-03-04 16:30:00+00:00,405.63,408.96,404.73,407.25,399.9169853457104,399.9169853457104,0.0,0.0,0,0,0,0
2026-03-04 17:30:00+00:00,407.31,410.49,406.11,410.07,400.4555708500588,400.4555708500588,0.0,0.0,0,0,0,0
2026-03-04 18:30:00+00:00,410.045,411.0326,408.67,409.02,401.107109213826,401.107109213826,0.0,0.0,0,0,0,0
2026-03-04 19:30:00+00:00,408.987,409.93,407.0,407.9832,401.8553747672651,401.8553747672651,0.0,0.0,0,0,0,0
2026-03-04 20:30:00+00:00,407.97,408.18,405.0,405.0,402.6064612096952,402.60646120969517,-5.684341886080802e-14,-1.4118854101350712e-14,0,0,0,0
2026-03-05 14:30:00+00:00,404.44,411.61,404.4,407.36,403.3179266810529,403.3179266810529,0.0,0.0,0,0,0,0
2026-03-05 15:30:00+00:00,407.41,408.68,405.49,406.62,403.97024999991794,403.97024999991794,0.0,0.0,0,0,0,0
2026-03-05 16:30:00+00:00,406.64,411.6,406.42,409.29,404.56856484294826,404.56856484294826,0.0,0.0,0,0,0,0
2026-03-05 17:30:00+00:00,409.28,411.21,408.12,408.54,405.1300596629264,405.1300596629264,0.0,0.0,0,0,0,0
2026-03-05 18:30:00+00:00,408.5,409.74,407.6,409.25,405.66975401437617,405.66975401437617,0.0,0.0,0,0,0,0
2026-03-05 19:30:00+00:00,409.17,410.58,407.833,409.9,406.1840982665914,406.1840982665914,0.0,0.0,0,0,0,0
2026-03-05 20:30:00+00:00,409.905,411.31,409.0779,410.6,406.68606928403045,406.68606928403045,0.0,0.0,0,0,0,0
2026-03-06 14:30:00+00:00,409.35,413.05,408.95,411.35,407.1759314958189,407.1759314958189,0.0,0.0,0,0,0,0
2026-03-06 15:30:00+00:00,411.32,412.98,409.42,412.07,407.6581724320921,407.6581724320921,0.0,0.0,1,0,1,0
2026-03-06 16:30:00+00:00,412.1,412.87,410.2,410.69,408.1297146570286,408.12971465702867,5.684341886080802e-14,1.3927782471946773e-14,0,0,0,0
2026-03-06 17:30:00+00:00,410.69,411.1619,408.77,409.79,408.5715696034537,408.5715696034537,0.0,0.0,0,0,0,0
2026-03-06 18:30:00+00:00,409.83,411.36,409.65,409.9305,408.9704625828224,408.9704625828224,0.0,0.0,0,0,0,0
2026-03-06 19:30:00+00:00,409.9,411.58,409.24,409.35,409.3169618602638,409.3169618602638,0.0,0.0,0,0,0,0
2026-03-06 20:30:00+00:00,409.3201,410.15,408.5101,408.62,409.6088896561729,409.6088896561729,0.0,0.0,0,0,0,0
2026-03-09 13:30:00+00:00,404.915,408.5,403.5,405.07,409.8423701842424,409.8423701842424,0.0,0.0,0,0,0,0
2026-03-09 14:30:00+00:00,405.055,409.17,404.63,408.557521,410.0019335136017,410.0019335136017,0.0,0.0,0,0,0,0
2026-03-09 15:30:00+00:00,408.565,409.0449,406.81,406.8824,410.08699664617296,410.08699664617296,0.0,0.0,0,0,0,0
2026-03-09 16:30:00+00:00,406.94,407.8,405.05,405.175,410.0995078285746,410.0995078285746,0.0,0.0,0,0,0,0
2026-03-09 17:30:00+00:00,405.15,405.49,404.45,405.01,410.0452816791151,410.0452816791151,0.0,0.0,0,0,0,0
2026-03-09 18:30:00+00:00,404.97,407.927,404.4,407.89,409.9371213478081,409.9371213478081,0.0,0.0,0,0,0,0
2026-03-09 19:30:00+00:00,407.885,410.21,406.83,409.45,409.791744452104,409.79174445210396,-5.684341886080802e-14,-1.3871294292862898e-14,0,0,0,0
2026-03-10 13:30:00+00:00,410.22,410.22,402.93,404.41,409.6310876900496,409.63108769004964,5.684341886080802e-14,1.3876734595841762e-14,0,0,0,0
2026-03-10 14:30:00+00:00,404.43,406.66,404.03,406.06,409.44989366803674,409.44989366803674,0.0,0.0,0,0,0,0
2026-03-10 15:30:00+00:00,406.05,407.38,405.2,407.26,409.24563398443985,409.24563398443985,0.0,0.0,0,0,0,0
2026-03-10 16:30:00+00:00,407.3,407.94,405.83,406.38,409.02705103979065,409.02705103979065,0.0,0.0,0,0,0,0
2026-03-10 17:30:00+00:00,406.365,406.37,404.11,405.66,408.7981835747712,408.7981835747712,0.0,0.0,0,0,0,0
2026-03-10 18:30:00+00:00,405.64,405.96,403.88,404.72,408.5517916354223,408.5517916354223,0.0,0.0,0,0,0,0
2026-03-10 19:30:00+00:00,404.7,405.95,404.26,405.76,408.2846244635288,408.28462446352876,-5.684341886080802e-14,-1.3922498045450084e-14,0,0,0,0
2026-03-11 13:30:00+00:00,405.57,409.01,403.305,404.45,408.004140517808,408.004140517808,0.0,0.0,0,0,0,0
2026-03-11 14:30:00+00:00,404.45,405.0,401.59,402.73,407.7086314226814,407.7086314226814,0.0,0.0,0,0,0,0
2026-03-11 15:30:00+00:00,402.84,403.615,401.88,403.28,407.3898031643967,407.3898031643967,0.0,0.0,0,0,0,0
2026-03-11 16:30:00+00:00,403.25,404.5,403.0,404.25,407.0485658081799,407.0485658081799,0.0,0.0,0,0,0,0
2026-03-11 17:30:00+00:00,404.24,404.4,402.085,403.635,406.69378217486656,406.69378217486656,0.0,0.0,0,0,0,0
2026-03-11 18:30:00+00:00,403.6497,404.5,403.27,403.8,406.3429665446168,406.34296654461684,5.684341886080802e-14,1.3989024922513716e-14,0,0,0,0
2026-03-11 19:30:00+00:00,403.825,405.155,403.75,404.89,406.01193856881486,406.01193856881486,0.0,0.0,0,0,0,0
2026-03-12 13:30:00+00:00,404.63,405.77,401.815,403.52,405.7060079520029,405.7060079520029,0.0,0.0,0,0,0,0
2026-03-12 14:30:00+00:00,403.485,405.81,402.4,403.65,405.42602935773226,405.42602935773226,0.0,0.0,0,0,0,0
2026-03-12 15:30:00+00:00,403.64,405.25,402.67,404.915,405.1711690294592,405.17116902945924,5.684341886080802e-14,1.4029482649757602e-14,0,0,0,0
2026-03-12 16:30:00+00:00,404.86,406.12,404.05,404.32,404.9438734547506,404.94387345475053,-5.684341886080802e-14,-1.4037357418412662e-14,0,0,0,0
2026-03-12 17:30:00+00:00,404.35,404.85,402.6301,403.06,404.747059356378,404.747059356378,0.0,0.0,0,0,0,0
2026-03-12 18:30:00+00:00,403.03,404.07,402.595,403.84,404.5740445957388,404.57404459573877,-5.684341886080802e-14,-1.4050189234855011e-14,0,0,0,0
2026-03-12 19:30:00+00:00,403.84,403.96,401.71,401.88,404.4119832310753,404.4119832310753,0.0,0.0,0,0,0,0
2026-03-13 13:30:00+00:00,400.84,404.8,399.63,401.02,404.2476344949234,404.2476344949234,0.0,0.0,0,0,0,0
2026-03-13 14:30:00+00:00,401.13,402.54,397.53,397.8419,404.046330680538,404.046330680538,0.0,0.0,0,0,0,0
2026-03-13 15:30:00+00:00,397.84,398.19,395.4,396.465,403.7499087211428,403.7499087211428,0.0,0.0,0,1,0,0
2026-03-13 16:30:00+00:00,396.45,396.79,394.9,396.58,403.31763026931065,403.31763026931065,0.0,0.0,0,0,0,1
2026-03-13 17:30:00+00:00,396.55,397.38,395.15,396.07,402.76025858594954,402.76025858594954,0.0,0.0,0,0,0,0
2026-03-13 18:30:00+00:00,396.07,396.58,394.51,394.56,402.0855074844923,402.0855074844923,0.0,0.0,0,0,0,0
2026-03-13 19:30:00+00:00,394.5725,395.76,394.25,395.62,401.3239303341696,401.3239303341696,0.0,0.0,0,0,0,0
2026-03-16 13:30:00+00:00,398.22,398.22,394.79,397.32,400.5723120242767,400.57231202427675,5.684341886080802e-14,1.4190551157555546e-14,0,0,0,0
2026-03-16 14:30:00+00:00,397.33,398.0799,396.15,397.7099,399.8702220123805,399.8702220123805,0.0,0.0,0,0,0,0
2026-03-16 15:30:00+00:00,397.695,399.61,397.66,397.94,399.2473316994873,399.2473316994873,0.0,0.0,0,0,0,0
2026-03-16 16:30:00+00:00,397.92,399.515,397.62,398.815,398.7204438341761,398.7204438341761,0.0,0.0,0,0,0,0
2026-03-16 17:30:00+00:00,398.815,399.51,397.66,398.9,398.2964185073667,398.29641850736675,5.684341886080802e-14,1.4271636956674434e-14,0,0,0,0
2026-03-16 18:30:00+00:00,398.92,400.63,398.69,399.845,397.96990641950146,397.96990641950146,0.0,0.0,0,0,0,0
2026-03-16 19:30:00+00:00,399.81,400.05,398.75,399.96,397.73507306708984,397.73507306708984,0.0,0.0,0,0,0,0
2026-03-17 13:30:00+00:00,400.27,404.4,398.78,400.35,397.581937159049,397.581937159049,0.0,0.0,0,0,0,0
2026-03-17 14:30:00+00:00,400.36,400.55,398.46,399.07,397.5147656560328,397.5147656560328,0.0,0.0,0,0,0,0
2026-03-17 15:30:00+00:00,399.065,399.5913,397.745,398.565,397.51999766445846,397.51999766445846,0.0,0.0,0,0,0,0
2026-03-17 16:30:00+00:00,398.565,400.36,398.565,399.81,397.56002436503087,397.56002436503087,0.0,0.0,0,0,0,0
2026-03-17 17:30:00+00:00,399.82,399.96,398.65,398.7994,397.62443629262486,397.62443629262486,0.0,0.0,0,0,0,0
2026-03-17 18:30:00+00:00,398.77,399.36,398.46,398.8137,397.70612446632015,397.70612446632015,0.0,0.0,0,0,0,0
2026-03-17 19:30:00+00:00,398.82,399.74,398.7003,399.5,397.7975092136114,397.7975092136114,0.0,0.0,0,0,0,0
2026-03-18 13:30:00+00:00,397.125,398.0,394.42,394.615,397.8865274203899,397.8865274203899,0.0,0.0,0,0,0,0
2026-03-18 14:30:00+00:00,394.5967,396.04,394.33,395.75,397.9480519532258,397.94805195322573,-5.684341886080802e-14,-1.4284130449139453e-14,0,0,0,0
2026-03-18 15:30:00+00:00,395.75,396.16,393.66,393.83,397.9618648204099,397.9618648204099,0.0,0.0,0,0,0,0
2026-03-18 16:30:00+00:00,393.8,393.97,392.42,392.74,397.9108049186273,397.9108049186273,0.0,0.0,0,0,0,0
2026-03-18 17:30:00+00:00,392.76,395.01,392.535,393.725,397.8010109453183,397.8010109453183,0.0,0.0,0,0,0,0
2026-03-18 18:30:00+00:00,393.71,393.81,391.72,392.32,397.6316834295304,397.6316834295304,0.0,0.0,0,0,0,0
2026-03-18 19:30:00+00:00,392.3156,392.46,391.0,391.67,397.3899453632976,397.3899453632976,0.0,0.0,0,0,0,0
2026-03-19 13:30:00+00:00,390.19,392.49,388.01,388.775,397.05804310012513,397.05804310012513,0.0,0.0,0,0,0,0
2026-03-19 14:30:00+00:00,388.785,391.22,388.675,389.31,396.6100268663433,396.6100268663433,0.0,0.0,0,0,0,0
2026-03-19 15:30:00+00:00,389.305,390.12,388.7,388.95,396.0510796220761,396.0510796220761,0.0,0.0,0,0,0,0
2026-03-19 16:30:00+00:00,389.0,389.22,387.51,387.93,395.3977453262491,395.39774532624915,5.684341886080802e-14,1.4376262771530368e-14,0,0,0,0
2026-03-19 17:30:00+00:00,387.95,388.47,387.5,387.63,394.6289894330419,394.6289894330419,0.0,0.0,0,0,0,0
2026-03-19 18:30:00+00:00,387.61,390.37,387.06,388.43,393.8226024255457,393.8226024255457,0.0,0.0,0,0,0,0
2026-03-19 19:30:00+00:00,388.48,389.45,387.78,388.878,392.9775422697572,392.9775422697572,0.0,0.0,0,0,0,0
2026-03-20 13:30:00+00:00,386.24,387.0,382.26,385.68,392.1198865968304,392.11988659683044,5.684341886080802e-14,1.449643866679306e-14,0,0,0,0
2026-03-20 14:30:00+00:00,385.67,385.865,382.63,383.41,391.2165832088938,391.2165832088938,0.0,0.0,0,0,0,0
2026-03-20 15:30:00+00:00,383.4,385.35,383.2001,384.6,390.20734044096656,390.20734044096645,-1.1368683772161603e-13,-2.913498182610827e-14,0,0,0,0
2026-03-20 16:30:00+00:00,384.58,384.68,382.85,383.37,389.1434845738066,389.14348457380646,-1.1368683772161603e-13,-2.921463219309116e-14,0,0,0,0
2026-03-20 17:30:00+00:00,383.3,383.57,382.0388,382.4398,388.08122636768024,388.0812263676802,-5.684341886080802e-14,-1.4647299327732178e-14,0,0,0,0
2026-03-20 18:30:00+00:00,382.46,382.51,381.32,382.095,387.01579862544673,387.0157986254467,-5.684341886080802e-14,-1.468762233032791e-14,0,0,0,0
2026-03-20 19:30:00+00:00,382.11,382.37,380.12,381.87,385.9983881041375,385.9983881041374,-1.1368683772161603e-13,-2.945267162383713e-14,0,0,0,0
2026-03-23 13:30:00+00:00,383.94,387.21,383.52,385.49,385.1051661664649,385.10516616646476,-1.7053025658242404e-13,-4.4281477259827496e-14,0,0,0,0
2026-03-23 14:30:00+00:00,385.49,387.16,384.95,386.725,384.3704575118139,384.3704575118137,-2.2737367544323206e-13,-5.915482602776348e-14,0,0,0,0
2026-03-23 15:30:00+00:00,386.75,386.9299,382.35,382.54,383.81776639527,383.81776639526976,-2.2737367544323206e-13,-5.924000798052534e-14,0,0,0,0
2026-03-23 16:30:00+00:00,382.5,383.6499,381.68,382.32,383.4248865580835,383.4248865580832,-2.8421709430404007e-13,-7.412588599957378e-14,0,0,0,0
2026-03-23 17:30:00+00:00,382.34,384.03,382.22,382.4651,383.1230712651049,383.1230712651046,-2.8421709430404007e-13,-7.418428061915747e-14,0,0,0,0
2026-03-23 18:30:00+00:00,382.465,383.64,382.36,382.95,382.8805368134819,382.88053681348157,-3.410605131648481e-13,-8.907752689737628e-14,0,0,0,0
2026-03-23 19:30:00+00:00,382.95,384.075,382.83,382.98,382.6872128605687,382.68721286056837,-3.410605131648481e-13,-8.912252662309697e-14,0,0,0,0
2026-03-24 13:30:00+00:00,382.54,382.54,372.4,372.81,382.5142192329793,382.51421923297886,-4.547473508864641e-13,-1.188837768693481e-13,0,0,0,0
2026-03-24 14:30:00+00:00,372.805,376.17,372.28,373.5366,382.25615102376,382.2561510237594,-6.252776074688882e-13,-1.6357555157562988e-13,0,0,0,0
2026-03-24 15:30:00+00:00,373.54,374.26,372.15,373.95,381.82852290971726,381.8285229097166,-6.821210263296962e-13,-1.7864590657911187e-13,0,0,0,0
2026-03-24 16:30:00+00:00,373.915,374.23,371.85,372.83,381.2267293863473,381.22672938634656,-7.389644451905042e-13,-1.9383857117783946e-13,0,0,0,0
2026-03-24 17:30:00+00:00,372.83,374.2455,372.41,373.91,380.4834203221079,380.4834203221072,-7.389644451905042e-13,-1.942172525060133e-13,0,0,0,0
2026-03-24 18:30:00+00:00,373.91,375.44,373.19,373.97,379.6788505241405,379.67885052413976,-7.389644451905042e-13,-1.9462881437045436e-13,0,0,0,0
2026-03-24 19:30:00+00:00,373.98,374.26,372.0,372.75,378.8776943665858,378.87769436658505,-7.389644451905042e-13,-1.950403668988531e-13,0,0,0,0
2026-03-25 13:30:00+00:00,376.93,377.06,372.62,373.74,378.1178410921178,378.11784109211715,-6.821210263296962e-13,-1.8039905875891123e-13,0,0,0,0
2026-03-25 14:30:00+00:00,373.75,374.1988,369.74,371.415,377.39854663378594,377.3985466337854,-5.684341886080801e-13,-1.5061907198059996e-13,0,0,0,0
2026-03-25 15:30:00+00:00,371.415,371.58,369.97,370.875,376.7057557819729,376.7057557819725,-3.979039320256561e-13,-1.056272504251175e-13,0,0,0,0
2026-03-25 16:30:00+00:00,370.875,371.66,370.42,371.39,376.02477008343726,376.02477008343703,-2.2737367544323206e-13,-6.0467738705825e-14,0,0,0,0
2026-03-25 17:30:00+00:00,371.4,371.55,369.99,370.03,375.3555793836604,375.35557938366026,-1.7053025658242404e-13,-4.543165626109443e-14,0,0,0,0
2026-03-25 18:30:00+00:00,370.04,370.73,369.63,370.39,374.7053935508572,374.705393550857,-1.7053025658242404e-13,-4.5510488911411596e-14,0,0,0,0
2026-03-25 19:30:00+00:00,370.38,371.36,370.05,371.03,374.0615061205329,374.06150612053267,-2.2737367544323206e-13,-6.078510397965569e-14,0,0,0,0
2026-03-26 13:30:00+00:00,370.89,374.7199,369.28,371.94,373.45790639999734,373.45790639999717,-1.7053025658242404e-13,-4.566251073013172e-14,0,0,0,0
2026-03-26 14:30:00+00:00,371.95,372.4,369.55,369.98,372.9242843849492,372.92428438494903,-1.7053025658242404e-13,-4.5727849786900725e-14,0,0,0,0
2026-03-26 15:30:00+00:00,369.98,370.08,367.05,367.42,372.4443793413947,372.4443793413945,-2.2737367544323206e-13,-6.104902854093386e-14,0,0,0,0
2026-03-26 16:30:00+00:00,367.42,368.56,367.03,368.44,371.9671081083767,371.96710810837646,-2.2737367544323206e-13,-6.112736058828735e-14,0,0,0,0
2026-03-26 17:30:00+00:00,368.42,368.65,366.38,366.39,371.4616496984724,371.4616496984721,-2.8421709430404007e-13,-7.651317290351465e-14,0,0,0,0
2026-03-26 18:30:00+00:00,366.42,366.77,365.21,365.55,370.9027535910218,370.9027535910215,-2.8421709430404007e-13,-7.66284670448777e-14,0,0,0,0
2026-03-26 19:30:00+00:00,365.56,366.37,365.19,365.75,370.3270713788562,370.327071378856,-2.2737367544323206e-13,-6.139807025088416e-14,0,0,0,0
2026-03-27 13:30:00+00:00,361.9,362.45,356.58,358.36,369.6793553255461,369.67935532554594,-1.7053025658242404e-13,-4.6129234463810435e-14,0,0,0,0
2026-03-27 14:30:00+00:00,358.35,360.84,358.29,360.445,368.9206983056665,368.92069830566635,-1.7053025658242404e-13,-4.6224095683873085e-14,0,0,0,0
2026-03-27 15:30:00+00:00,360.445,360.96,359.105,359.97,368.0357052234992,368.035705223499,-1.7053025658242404e-13,-4.6335247956136524e-14,0,0,0,0
2026-03-27 16:30:00+00:00,360.0,360.14,358.7,358.9368,367.0565345196404,367.05653451964,-3.979039320256561e-13,-1.0840399083110862e-13,0,0,0,0
2026-03-27 17:30:00+00:00,358.93,359.4399,358.2,358.8126,366.01138914570623,366.01138914570583,-3.979039320256561e-13,-1.0871353838316045e-13,0,0,0,0
2026-03-27 18:30:00+00:00,358.805,359.33,356.9,357.5,364.94406744754735,364.9440674475469,-4.547473508864641e-13,-1.2460741013465685e-13,0,0,0,0
2026-03-27 19:30:00+00:00,357.51,357.82,356.51,356.65,363.82134362225906,363.8213436222586,-4.547473508864641e-13,-1.2499193872435636e-13,0,0,0,0
2026-03-30 13:30:00+00:00,361.895,362.66,358.37,362.49,362.7883644454768,362.7883644454763,-5.115907697472721e-13,-1.410163114049262e-13,0,0,0,0
2026-03-30 14:30:00+00:00,362.47,365.36,362.39,362.97,361.8952839146912,361.8952839146907,-5.115907697472721e-13,-1.4136430964595502e-13,0,0,0,0
2026-03-30 15:30:00+00:00,362.97,365.19,361.97,362.0,361.1881546175368,361.1881546175364,-3.979039320256561e-13,-1.1016527727688018e-13,0,0,0,0
2026-03-30 16:30:00+00:00,362.0,362.31,359.13,359.78,360.6663477544158,360.6663477544155,-3.410605131648481e-13,-9.456399669344318e-14,0,0,0,0
2026-03-30 17:30:00+00:00,359.785,360.03,357.81,357.89,360.2803520745089,360.28035207450864,-2.8421709430404007e-13,-7.888775856565769e-14,0,0,0,0
2026-03-30 18:30:00+00:00,357.89,360.24,356.28,356.975,359.96015182045653,359.96015182045636,-1.7053025658242404e-13,-4.737475960046887e-14,0,0,0,0
2026-03-30 19:30:00+00:00,356.99,359.61,356.83,358.76,359.66445510143325,359.66445510143313,-1.1368683772161603e-13,-3.1609139048659636e-14,0,0,0,0
2026-03-31 13:30:00+00:00,364.41,368.15,364.37,365.46,359.415427770015,359.415427770015,0.0,0.0,0,0,0,0
2026-03-31 14:30:00+00:00,365.4601,365.56,363.07,364.2498,359.2592105354715,359.2592105354716,1.1368683772161603e-13,3.1644794173033774e-14,0,0,0,0
2026-03-31 15:30:00+00:00,364.2,365.1499,363.65,365.05,359.2141118574707,359.2141118574709,2.2737367544323206e-13,6.329753423870206e-14,0,0,0,0
2026-03-31 16:30:00+00:00,365.045,370.57,364.29,368.88,359.2693487373633,359.2693487373637,3.979039320256561e-13,1.1075365416617709e-13,1,0,1,0
2026-03-31 17:30:00+00:00,368.86,370.15,368.04,369.83,359.43901486776036,359.43901486776093,5.684341886080801e-13,1.581448215400908e-13,0,0,0,0
2026-03-31 18:30:00+00:00,369.81,371.7,369.43,371.09,359.7363128391935,359.7363128391942,7.389644451905042e-13,2.0541836306662494e-13,0,0,0,0
2026-03-31 19:30:00+00:00,371.14,372.9,369.74,370.16,360.23655880950867,360.2365588095096,9.094947017729282e-13,2.5247151615554503e-13,0,0,0,0
2026-04-01 13:30:00+00:00,373.11,373.99,368.2,371.51,360.8923150903315,360.89231509033254,1.0231815394945443e-12,2.8351436057552e-13,0,0,0,0
2026-04-01 14:30:00+00:00,371.53,372.58,370.17,371.235,361.6625233593469,361.66252335934786,9.663381206337363e-13,2.671933247763096e-13,0,0,0,0
2026-04-01 15:30:00+00:00,371.27,372.84,370.75,372.61,362.52768239409033,362.52768239409113,7.958078640513122e-13,2.1951644045384073e-13,0,0,0,0
2026-04-01 16:30:00+00:00,372.64,372.89,371.88,371.9,363.4618703187128,363.46187031871335,5.684341886080801e-13,1.563944487793537e-13,0,0,0,0
2026-04-01 17:30:00+00:00,371.9,372.02,368.94,369.06,364.40847361911153,364.40847361911193,3.979039320256561e-13,1.0919173422996602e-13,0,0,0,0
2026-04-01 18:30:00+00:00,369.075,369.91,368.725,369.285,365.3178002819331,365.3178002819334,2.8421709430404007e-13,7.779995775861353e-14,0,0,0,0
2026-04-01 19:30:00+00:00,369.285,369.77,368.8,369.45,366.1452961323609,366.1452961323609,0.0,0.0,0,0,0,0
2026-04-02 13:30:00+00:00,367.205,367.61,364.15,366.705,366.8735276915022,366.873527691502,-2.2737367544323206e-13,-6.197603759364911e-14,0,0,0,0
2026-04-02 14:30:00+00:00,366.63,371.22,366.5366,370.81,367.4870512987574,367.48705129875697,-4.547473508864641e-13,-1.237451358569819e-13,0,0,0,0
2026-04-02 15:30:00+00:00,370.85,371.3,369.395,369.7471,367.9966187079048,367.99661870790413,-6.821210263296962e-13,-1.8536067769446702e-13,0,0,0,0
2026-04-02 16:30:00+00:00,369.735,371.89,369.465,371.58,368.4385694923237,368.43856949232304,-6.821210263296962e-13,-1.8513833317440124e-13,0,0,0,0
2026-04-02 17:30:00+00:00,371.6,371.84,370.51,371.0494,368.8439758337969,368.84397583379615,-7.389644451905042e-13,-2.0034607953675391e-13,0,0,0,0
2026-04-02 18:30:00+00:00,371.02,373.2,370.725,372.5799,369.22848844675144,369.2284884467507,-7.389644451905042e-13,-2.001374401794228e-13,0,0,0,0
2026-04-02 19:30:00+00:00,372.58,373.64,372.0101,373.5,369.59733544256096,369.59733544256017,-7.958078640513122e-13,-2.153175328221457e-13,0,0,0,0
2026-04-06 13:30:00+00:00,373.47,373.73,369.5014,372.65,369.958759469257,369.9587594692562,-7.958078640513122e-13,-2.1510718253920477e-13,0,0,0,0
2026-04-06 14:30:00+00:00,372.69,372.99,371.14,371.37,370.30365046719186,370.303650467191,-8.526512829121202e-13,-2.3025732580177827e-13,0,0,0,0
2026-04-06 15:30:00+00:00,371.4,372.09,370.83,372.005,370.6168161407495,370.61681614074854,-9.663381206337363e-13,-2.60737796707732e-13,0,0,0,0
2026-04-06 16:30:00+00:00,372.005,373.0,370.6901,372.265,370.89458914311393,370.89458914311297,-9.663381206337363e-13,-2.6054252311048503e-13,0,0,0,0
2026-04-06 17:30:00+00:00,372.25,373.66,371.48,372.93,371.1412815587412,371.14128155874016,-1.0231815394945443e-12,-2.756851879147816e-13,0,0,0,0
2026-04-06 18:30:00+00:00,372.92,373.32,372.12,372.41,371.3647540496051,371.36475404960413,-9.663381206337363e-13,-2.6021266425963983e-13,0,0,0,0
2026-04-06 19:30:00+00:00,372.41,373.15,371.77,372.861,371.5696352306411,371.5696352306402,-9.094947017729282e-13,-2.4477099728786657e-13,0,0,0,0
