dt,open,high,low,close,tv_ss,py_ss,ss_diff,ss_pct,tv_buy,tv_sell,py_buy,py_sell
2025-07-21 13:30:00+00:00,159.16,164.2,158.1891,163.44,153.4327015525899,0.3805388730547441,-153.05216267953514,-99.7519832022743,0,0,0,0
2025-07-21 15:30:00+00:00,163.45,163.98,161.35,163.8044,154.3818012607472,2.035169202996922,-152.3466320577503,-98.68172985003618,0,0,0,0
2025-07-21 17:30:00+00:00,163.77,164.58,163.145,163.4,155.42570059386168,5.553825815650467,-149.8718747782112,-96.42670047847298,0,0,0,0
2025-07-21 19:30:00+00:00,163.355,163.49,161.83,161.89,156.50831920354284,10.848196308702681,-145.66012289484016,-93.0686136277559,0,0,0,0
2025-07-22 13:30:00+00:00,161.0,162.1318,153.24,154.59,157.4995340058096,17.533642590276465,-139.96589141553315,-88.86749557644424,0,0,0,0
2025-07-22 15:30:00+00:00,154.645,156.19,154.59,156.0416,158.33747312539214,25.199673963880688,-133.13779916151145,-84.08483256270969,0,0,0,0
2025-07-22 17:30:00+00:00,156.04,156.96,155.2379,156.79,158.97611466541875,33.517027111181704,-125.45908755423704,-78.91694159105495,0,0,0,0
2025-07-22 19:30:00+00:00,156.75,156.9999,156.32,156.49,159.42037480635878,42.24532390846733,-117.17505089789145,-73.50067457827713,0,0,0,0
2025-07-23 13:30:00+00:00,156.96,158.39,155.714164,157.43,159.72163253828091,51.19848750798779,-108.52314503029312,-67.94517643330693,0,0,0,0
2025-07-23 15:30:00+00:00,157.455,158.13,156.58,156.63,159.91096126341344,60.2197321622123,-99.69122910120115,-62.34171085807226,0,0,0,0
2025-07-23 17:30:00+00:00,156.58,159.7499,156.51,158.99,160.01802039954052,69.17532699555387,-90.84269340398664,-56.77028948187607,0,0,0,0
2025-07-23 19:30:00+00:00,158.98,159.4,158.8401,159.28,160.06682353571256,77.95675424258903,-82.11006929312353,-51.29736911084759,0,0,0,0
2025-07-24 13:30:00+00:00,159.94,161.49,157.9,160.7362,160.08748105624142,86.47813390614841,-73.609347150093,-45.98070171660256,0,0,0,0
2025-07-24 15:30:00+00:00,160.655,161.75,160.075,161.07,160.0994421847853,94.67154619427099,-65.4278959905143,-40.86703557342694,0,0,0,0
2025-07-24 17:30:00+00:00,161.095,161.34,159.42,160.56,160.1158952666059,102.4816835495011,-57.63421171710479,-35.99530928590143,0,0,0,0
2025-07-24 19:30:00+00:00,160.565,160.8,159.84,159.9699,160.1381721488883,109.86009251449498,-50.27807963439331,-31.396686348865856,0,0,0,0
2025-07-25 13:30:00+00:00,160.0,163.72,159.14,163.17,160.16641387810117,116.77175217434734,-43.394661703753826,-27.09348399145683,0,0,0,0
2025-07-25 15:30:00+00:00,163.245,164.42,162.9,163.96,160.21515631541635,123.20517529174688,-37.00998102366947,-23.10017471181549,0,0,0,0
2025-07-25 17:30:00+00:00,164.05,164.58,163.5,163.8,160.30832871941257,129.16441521608624,-31.14391350332633,-19.42750807279482,0,0,0,0
2025-07-25 19:30:00+00:00,163.8,164.48,163.07,163.145,160.4550538629365,134.6525315118339,-25.802522351102596,-16.080841163871074,0,0,0,0
2025-07-28 13:30:00+00:00,165.02,166.88,162.0368,164.0,160.63505038380345,139.6727446739834,-20.962305709820043,-13.049646176058744,0,0,0,0
2025-07-28 15:30:00+00:00,164.03,164.3299,163.08,163.34,160.83541117612407,144.2253673399671,-16.61004383615696,-10.327354974066004,0,0,0,0
2025-07-28 17:30:00+00:00,163.46,164.75,163.31,164.285,161.0490442787612,148.31887600332914,-12.73016827543205,-7.9045289169163215,0,0,0,0
2025-07-28 19:30:00+00:00,164.4599,164.63,163.3,164.37,161.27311302658725,151.9614521423984,-9.311660884188854,-5.7738458131292765,0,0,0,0
2025-07-29 13:30:00+00:00,164.0,166.2475,161.72,162.1,161.52860662141217,155.1235268857984,-6.405079735613754,-3.965291269196585,0,0,0,0
2025-07-29 15:30:00+00:00,162.05,164.29,160.78,164.125,161.7951667876899,157.800292560505,-3.9948742271849085,-2.4690936735007933,0,0,0,0
2025-07-29 17:30:00+00:00,164.095,165.04,163.6901,164.33,162.05663127262775,160.00520670616544,-2.051424566462316,-1.2658689436850048,0,0,0,0
2025-07-29 19:30:00+00:00,164.35,164.4285,163.33,163.33,162.30844223164283,161.80669780701797,-0.5017444246248601,-0.30913020772436606,0,0,0,0
2025-07-30 13:30:00+00:00,162.32,165.25,161.5,163.495,162.5460757444357,163.26079314131186,0.7147173968761535,0.43970141610793073,0,0,0,0
2025-07-30 15:30:00+00:00,163.49,164.4,163.16,163.8172,162.76281475873688,164.3928069314429,1.629992172706011,1.0014524356328847,0,0,0,0
2025-07-30 17:30:00+00:00,163.79,164.75,161.36,162.32,162.95265619872922,165.2736851885274,2.3210289897981795,1.4243578742083003,0,0,0,0
2025-07-30 19:30:00+00:00,162.33,163.74,162.26,163.23,163.11078994409837,165.93395250399178,2.8231625598934045,1.7308251409124829,0,0,0,0
2025-07-31 13:30:00+00:00,148.35,149.0,140.0,143.655,163.1252761578681,166.23409208923988,3.108815931371794,1.905784317792154,0,0,0,0
2025-07-31 15:30:00+00:00,143.65,144.86,141.3,141.67,162.71440361907207,165.91804730743155,3.2036436883594774,1.9688752913721599,0,1,0,1
2025-07-31 17:30:00+00:00,141.69,142.63,139.11,140.71,161.7199429110894,164.87292090196468,3.1529779908752857,1.9496531683842693,0,0,0,0
2025-07-31 19:30:00+00:00,140.73,141.95,140.5,141.375,160.20445272640765,163.20048613932897,2.996033412921321,1.8701311742176459,0,0,0,0
2025-08-01 13:30:00+00:00,137.995,140.06,135.25,136.64,158.13185484082155,160.8688910233875,2.7370361825659586,1.7308569391797182,0,0,0,0
2025-08-01 15:30:00+00:00,136.62,139.94,136.5,137.575,155.59913182457498,158.00142115789336,2.402289333318379,1.54389636057016,0,0,0,0
2025-08-01 17:30:00+00:00,137.61,138.04,136.42,137.05,152.83821062741563,154.8725087710729,2.034298143657253,1.3310141065550705,0,0,0,0
2025-08-01 19:30:00+00:00,137.0792,137.98,136.8,137.54,150.0533793429738,151.7176882346593,1.6643088916854936,1.109144558405058,0,0,0,0
2025-08-04 13:30:00+00:00,140.1,140.6098,138.25,139.81,147.46476350801885,148.7842595397954,1.3194960317765663,0.8947873379289111,0,0,0,0
2025-08-04 15:30:00+00:00,139.74,140.09,138.38,139.38,145.19243286079023,146.20319750916866,1.0107646483784265,0.6961551841668929,0,0,0,0
2025-08-04 17:30:00+00:00,139.355,140.0,139.005,139.88,143.2866667765062,144.02831532146052,0.7416485449543302,0.5175977372068603,0,0,0,0
2025-08-04 19:30:00+00:00,139.84,140.07,139.34,140.04,141.74612086896207,142.2600520868277,0.5139312178656326,0.362571627861858,0,0,0,0
2025-08-05 13:30:00+00:00,140.5,140.88,135.21,136.03,140.53453117258465,140.8613658064088,0.32683463382414857,0.2325653567825095,0,0,0,0
2025-08-05 15:30:00+00:00,136.0,138.3596,135.68,138.27,139.57051641829014,139.74832642926003,0.17781001096989257,0.12739797453854754,0,0,0,0
2025-08-05 17:30:00+00:00,138.325,138.89,137.21,137.82,138.79629690459672,138.86025701429452,0.06396010969780264,0.046082000113998996,0,0,0,0
2025-08-05 19:30:00+00:00,137.835,137.9225,137.13,137.13,138.18907110583444,138.16985477949703,-0.019216326337414102,-0.013905822062221514,0,0,0,0
2025-08-06 13:30:00+00:00,137.41,137.8,135.01,135.755,137.71821724360694,137.64172109860755,-0.07649614499939617,-0.05554540752156535,0,0,0,0
2025-08-06 15:30:00+00:00,135.755,136.49,135.1,135.84,137.3340463843622,137.22235154626574,-0.11169483809646863,-0.08133077050964033,0,0,0,0
2025-08-06 17:30:00+00:00,135.85,136.1,135.41,135.98,136.99672385405054,136.8670836390175,-0.12964021503304934,-0.09463015712051738,0,0,0,0
2025-08-06 19:30:00+00:00,135.95,136.2415,135.57,136.12,136.69737041625342,136.56272152217832,-0.13464889407509872,-0.0985014515385944,0,0,0,0
2025-08-07 13:30:00+00:00,137.77,139.68,136.62,136.935,136.44710168637977,136.31176352063852,-0.13533816574124558,-0.09918727775714646,0,0,0,0
2025-08-07 15:30:00+00:00,136.9155,137.73,134.65,134.9412,136.2535394671035,136.12094756969321,-0.1325918974102933,-0.09731262610048068,0,0,0,0
2025-08-07 17:30:00+00:00,134.9405,135.7,134.61,135.45,136.10158847590873,135.97412343847634,-0.1274650374323869,-0.09365433486836154,0,0,0,0
2025-08-07 19:30:00+00:00,135.4,135.81,135.19,135.58,135.97221084864475,135.85178028925117,-0.12043055939358283,-0.08856997958769541,0,0,0,0
2025-08-08 13:30:00+00:00,136.49,138.79,135.36,138.265,135.86086960921648,135.7480682467958,-0.11280136242066874,-0.08302711645017806,0,0,0,0
2025-08-08 15:30:00+00:00,138.19,139.44,137.28,138.79,135.78104268887657,135.67629918384134,-0.10474350503523056,-0.07714147937075116,0,0,0,0
2025-08-08 17:30:00+00:00,138.78,139.45,138.3,138.48,135.7497185884895,135.6533479666056,-0.09637062188389223,-0.07099139717263746,0,0,0,0
2025-08-08 19:30:00+00:00,138.43,138.6,138.02,138.47,135.7675095687979,135.6796021522906,-0.08790741650727796,-0.06474849305734105,0,0,0,0
2025-08-11 13:30:00+00:00,139.52,146.43,139.25,142.755,135.84759262566814,135.76822122141624,-0.07937140425190137,-0.05842680221107157,0,0,0,0
2025-08-11 15:30:00+00:00,142.755,143.77,141.5606,141.715,136.00660129572103,135.93566805047254,-0.07093324524848299,-0.05215426646406071,1,0,0,0
2025-08-11 17:30:00+00:00,141.7,142.0687,140.55,141.71,136.2364708789569,136.17367556475614,-0.06279531420076978,-0.046092880853146896,0,0,0,0
2025-08-11 19:30:00+00:00,141.725,141.790704,140.89,140.97,136.51973522490417,136.4646970120229,-0.05503821288127142,-0.04031520628911332,0,0,0,0
2025-08-12 13:30:00+00:00,142.91,143.1,140.42,142.115,136.85493874988907,136.80730600335409,-0.047632746534986836,-0.03480528139509722,0,0,0,0
2025-08-12 15:30:00+00:00,142.1886,142.66,141.15,141.38,137.22157952855798,137.1808991605959,-0.040680367962067976,-0.029645751128816986,0,0,0,0
2025-08-12 17:30:00+00:00,141.42,142.15,140.96,142.06,137.60852204692134,137.5742873902916,-0.03423465662973513,-0.024878296867443934,0,0,1,0
2025-08-12 19:30:00+00:00,142.0899,142.63,142.06,142.39,138.0118052703324,137.9834882450736,-0.028317025258786543,-0.020517828314266455,0,0,0,0
2025-08-13 13:30:00+00:00,143.45,145.2,141.8,142.27,138.4400911950127,138.41715991158077,-0.022931283431944394,-0.016564048198756526,0,0,0,0
2025-08-13 15:30:00+00:00,142.4695,142.72,141.68,142.4375,138.8832739351468,138.86516502252817,-0.018108912618629347,-0.013038944219507324,0,0,0,0
2025-08-13 17:30:00+00:00,142.435,142.77,141.61,142.32,139.32636796737546,139.3125150015073,-0.013852965868153433,-0.009942817049101021,0,0,0,0
2025-08-13 19:30:00+00:00,142.3402,142.36,141.39,141.58,139.74769230944975,139.73754899517098,-0.010143314278764137,-0.007258305386756104,0,0,0,0
2025-08-14 13:30:00+00:00,139.83,140.52,138.27,138.93,140.12600193473784,140.11909416576353,-0.0069077689743153314,-0.004929683912292417,0,0,0,0
2025-08-14 15:30:00+00:00,138.87,140.55,138.66,140.026,140.43821517451556,140.4340650619826,-0.0041501125329546085,-0.0029551162607681044,0,0,0,0
2025-08-14 17:30:00+00:00,140.05,140.25,139.43,139.569,140.67213383160373,140.6702836852296,-0.0018501463741245061,-0.0013152188167837745,0,0,0,0
2025-08-14 19:30:00+00:00,139.54,140.68,139.44,140.6,140.83784118588147,140.83787370373352,3.2517852048385976e-05,2.308886004967093e-05,0,0,0,0
2025-08-15 13:30:00+00:00,140.55,141.78,139.0319,139.35,140.95662744415208,140.9581977560956,0.0015703119435102053,0.00111403909981627,0,0,0,0
2025-08-15 15:30:00+00:00,139.36,139.78,137.77,138.23,141.0400350908592,141.04287012536827,0.00283503450907574,0.002010092033265155,0,0,0,0
2025-08-15 17:30:00+00:00,138.255,139.63,138.2,139.0,141.0848748001094,141.08872767334344,0.0038528732340523675,0.002730890352003474,0,0,0,0
2025-08-15 19:30:00+00:00,139.015,139.46,138.81,138.87,141.0886485639127,141.09328708405994,0.004638520147238978,0.0032876636033108953,0,0,0,0
2025-08-18 13:30:00+00:00,137.91,140.3,137.5295,139.485,141.03937027438565,141.04451780509424,0.005147530708597969,0.003649711919858748,0,0,0,0
2025-08-18 15:30:00+00:00,139.5288,141.2,139.47,141.0792,140.9678104998239,140.97328491320283,0.005474413378919962,0.0038834492495198407,0,0,0,0
2025-08-18 17:30:00+00:00,141.08,141.5102,140.6,140.9,140.89376670303733,140.89943157506053,0.005664872023203316,0.004020669015928293,0,0,0,0
2025-08-18 19:30:00+00:00,140.885,141.2399,140.65,141.06,140.82923588088025,140.83497455330007,0.005738672419823843,0.0040749155414560876,0,0,0,0
2025-08-19 13:30:00+00:00,140.93,142.8,136.11,136.855,140.77285543056996,140.7785325911591,0.005677160589129926,0.004032851768024225,0,0,0,0
2025-08-19 15:30:00+00:00,136.8731,136.92,134.1,135.35,140.6854624226356,140.690938667419,0.005476244783409356,0.0038925448934859215,0,0,0,0
2025-08-19 17:30:00+00:00,135.31,135.65,134.11,134.33,140.50996709398908,140.5151320258425,0.0051649318534146005,0.003675847315485958,0,0,0,0
2025-08-19 19:30:00+00:00,134.34,134.58,133.7,134.01,140.20465478131487,140.20941823469923,0.004763453384356353,0.003397500169866814,0,1,0,0
2025-08-20 13:30:00+00:00,132.7,133.13,127.03,129.79,139.68044740212997,139.68470314176062,0.0042557396306506234,0.003046768327136478,0,0,0,1
2025-08-20 15:30:00+00:00,129.79,130.79,129.0216,130.33,138.9541474920262,138.95785072154598,0.0037032295197718668,0.0026650730378410432,0,0,0,0
2025-08-20 17:30:00+00:00,130.2784,130.7799,128.75,130.18,138.0514741630262,138.0546160068403,0.0031418438140917715,0.002275849521448457,0,0,0,0
2025-08-20 19:30:00+00:00,130.17,131.32,130.06,131.095,137.08577148865223,137.08838001790312,0.0026085292508923885,0.001902844637022245,0,0,0,0
2025-08-21 13:30:00+00:00,130.8,133.63,130.21,132.62,136.1588301292841,136.16095249194774,0.0021223626636412973,0.001558740378149617,0,0,0,0
2025-08-21 15:30:00+00:00,132.61,133.31,131.24,131.9,135.30665002550336,135.30833498301936,0.00168495751600517,0.0012452880295887746,0,0,0,0
2025-08-21 17:30:00+00:00,131.88,133.33,131.88,133.12,134.55625257317132,134.55755041725928,0.0012978440879578557,0.0009645364396961723,0,0,0,0
2025-08-21 19:30:00+00:00,133.12,133.4193,132.75,133.29,133.9171440430291,133.91810422862957,0.0009601856004621823,0.0007169997593091319,0,0,0,0
2025-08-22 13:30:00+00:00,133.0,140.35,132.68,139.425,133.38658669623473,133.3872522705233,0.0006655742885754989,0.0004989814231405675,0,0,0,0
2025-08-22 15:30:00+00:00,139.35,140.0595,138.15,139.33,132.98193194897934,132.98234177819327,0.00040982921393606375,0.00030818413293416533,0,0,0,0
2025-08-22 17:30:00+00:00,139.33,139.41,138.2,138.3,132.71635763239118,132.71654743525124,0.00018980286006353708,0.00014301391588011241,0,0,0,0
2025-08-22 19:30:00+00:00,138.34,138.5,137.82,137.93,132.58604679639308,132.58605021398043,3.417587350895701e-06,2.5776372653631866e-06,0,0,0,0
2025-08-25 13:30:00+00:00,138.295,139.0,136.0,138.07,132.56985445023037,132.5697029274432,-0.00015152278717778245,-0.00011429656297515771,0,0,0,0
2025-08-25 15:30:00+00:00,138.07,138.3,137.5,137.96,132.64876154108003,132.64848486101715,-0.000276680062881951,-0.00020858096198377688,1,0,0,0
2025-08-25 17:30:00+00:00,137.97,138.2978,137.44,137.57,132.80474047792907,132.80436595421259,-0.000374523716487829,-0.00028201080408727687,0,0,0,0
2025-08-25 19:30:00+00:00,137.57,138.15,137.5001,137.788,133.02067618832575,133.0202279684794,-0.00044821984636200796,-0.00033695502023116684,0,0,0,0
2025-08-26 13:30:00+00:00,138.34,141.41,137.85,139.91,133.27946259769965,133.27896013720272,-0.0005024604969321445,-0.00037699769127131575,0,0,0,0
2025-08-26 15:30:00+00:00,139.91,140.47,139.58,140.315,133.60761710654765,133.60708156261754,-0.0005355439301126808,-0.0004008333818913948,0,0,1,0
2025-08-26 17:30:00+00:00,140.32,140.7,139.58,140.445,134.00752781649993,134.00697760424742,-0.0005502122525058439,-0.0004105830929582286,0,0,0,0
2025-08-26 19:30:00+00:00,140.49,140.62,140.06,140.3,134.47545848304247,134.47491004371085,-0.0005484393316237401,-0.00040783600056875735,0,0,0,0
2025-08-27 13:30:00+00:00,140.32,140.5,138.83,139.62,135.07697201758066,135.0764500480392,-0.0005219695414666603,-0.00038642378021231066,0,0,0,0
2025-08-27 15:30:00+00:00,139.64,141.25,139.6388,141.24,135.75358585679055,135.75310838942644,-0.0004774673641065874,-0.0003517162077842115,0,0,0,0
2025-08-27 17:30:00+00:00,141.29,141.96,140.3,140.765,136.47191590213407,136.47149487406006,-0.00042102807401533937,-0.00030850894942902724,0,0,0,0
2025-08-27 19:30:00+00:00,140.74,141.28,140.59,140.64,137.1852185012843,137.1848574262592,-0.00036107502509707956,-0.0002632025731647606,0,0,0,0
2025-08-28 13:30:00+00:00,140.9,142.81,139.7574,141.87,137.87381547376995,137.87351412608055,-0.00030134768940115464,-0.00021856774498163145,0,0,0,0
2025-08-28 15:30:00+00:00,141.93,143.7996,141.93,142.71,138.53999700912715,138.539752933206,-0.00024407592115949228,-0.0001761772242159153,0,0,0,0
2025-08-28 17:30:00+00:00,142.75,143.32,142.37,142.72,139.18764284289864,139.18745119027423,-0.00019165262440878905,-0.00013769370649168025,0,0,0,0
2025-08-28 19:30:00+00:00,142.72,142.8,142.355,142.61,139.8094337376766,139.80928848793712,-0.0001452497394893726,-0.0001038912293729074,0,0,0,0
2025-08-29 13:30:00+00:00,140.46,140.78,137.31,139.2,140.36199780137522,140.36189326396342,-0.00010453741180072029,-7.44770047720823e-05,0,0,0,0
2025-08-29 15:30:00+00:00,139.19,139.51,138.4,138.95,140.82692088777048,140.82685188040446,-6.900736602233337e-05,-4.9001544298002205e-05,0,0,0,0
2025-08-29 17:30:00+00:00,138.9694,139.18,137.96,138.22,141.19060426325157,141.19056592956875,-3.8333682823576964e-05,-2.7150307220233546e-05,0,0,0,0
2025-08-29 19:30:00+00:00,138.23,139.205,138.2,138.31,141.45482070310345,141.45480853153586,-1.2171567590257837e-05,-8.604561887505046e-06,0,0,0,0
2025-09-02 13:30:00+00:00,133.79,134.89,132.1774,132.25,141.5854792514122,141.58548840078018,9.149367969030209e-06,6.462080728479047e-06,0,0,0,0
2025-09-02 15:30:00+00:00,132.21,132.38,130.74,131.26,141.531406085276,141.53143188744707,2.5802171080613334e-05,1.82307035549883e-05,0,0,0,0
2025-09-02 17:30:00+00:00,131.22,131.62,130.41,131.25,141.2696561080059,141.26969446314718,3.835514127104034e-05,2.7150304125973384e-05,0,1,0,1
2025-09-02 19:30:00+00:00,131.24,132.7,131.23,132.37,140.84172793901038,140.84177549968211,4.756067173161682e-05,3.3768878320075944e-05,0,0,0,0
2025-09-03 13:30:00+00:00,133.65,134.1,132.0,132.13,140.26870434880504,140.26875793333414,5.3584529098316125e-05,3.820134316281122e-05,0,0,0,0
2025-09-03 15:30:00+00:00,132.11,132.74,131.61,132.17,139.5945940891238,139.59465082585734,5.673673354067432e-05,4.0643933177276836e-05,0,0,0,0
2025-09-03 17:30:00+00:00,132.16,132.2449,130.71,130.945,138.8546922154266,138.85474967914035,5.746371374470982e-05,4.1384063316749524e-05,0,0,0,0
2025-09-03 19:30:00+00:00,130.95,131.85,130.945,131.37,138.0731683073928,138.07322460884328,5.630145048485247e-05,4.077653259864968e-05,0,0,0,0
2025-09-04 13:30:00+00:00,131.135,134.33,130.26,134.205,137.29934872674085,137.29940273885325,5.401211240041448e-05,3.9338942901988376e-05,0,0,0,0
2025-09-04 15:30:00+00:00,134.19,135.1,133.5,133.99,136.5705576954128,136.57060863366584,5.093825305380051e-05,3.729812187441295e-05,0,0,0,0
2025-09-04 17:30:00+00:00,134.02,136.115,133.805,135.86,135.92300228741396,135.9230496393966,4.7351982630061684e-05,3.483735779315281e-05,0,0,0,0
2025-09-04 19:30:00+00:00,135.88,135.96,135.15,135.52,135.3777177141285,135.37776118076516,4.3466636668654246e-05,3.210767429278202e-05,0,0,0,0
2025-09-05 13:30:00+00:00,137.85,138.7,135.35,136.3901,134.9390610957297,134.93910056542103,3.946969133039602e-05,2.925001182748342e-05,0,0,0,0
2025-09-05 15:30:00+00:00,136.515,138.25,136.1746,137.34,134.61680112829106,134.6168365480865,3.5419795437974244e-05,2.6311571171728295e-05,0,0,0,0
2025-09-05 17:30:00+00:00,137.23,138.82,137.085,138.46,134.4036586252177,134.40369006918246,3.144396475818212e-05,2.3395170250434236e-05,0,0,0,0
2025-09-05 19:30:00+00:00,138.46,138.735,137.94,138.15,134.2956393574021,134.29566696232985,2.760492773745682e-05,2.0555341833543526e-05,0,0,0,0
2025-09-08 13:30:00+00:00,138.68,141.15,138.14,140.39,134.26797983636789,134.26800382441385,2.3988045967371363e-05,1.7865797933807857e-05,0,0,0,0
2025-09-08 15:30:00+00:00,140.46,140.83,138.56,138.6,134.31817139904328,134.3181920098338,2.0610790528508005e-05,1.5344752175992482e-05,0,0,0,0
2025-09-08 17:30:00+00:00,138.665,139.428,138.52,139.225,134.4368102525756,134.43682773671196,1.7484136350276458e-05,1.3005468009414844e-05,1,0,1,0
2025-09-08 19:30:00+00:00,139.28,139.4,138.76,139.105,134.6085821639722,134.60859677744708,1.4613474888847122e-05,1.0856272797707545e-05,0,0,0,0
2025-09-09 13:30:00+00:00,139.27,140.95,139.1,140.655,134.88186115312868,134.88187311822242,1.1965093733579124e-05,8.870795250960685e-06,0,0,0,0
2025-09-09 15:30:00+00:00,140.66,141.7385,140.4501,140.7701,135.30690091169964,135.30691042145048,9.50975083924277e-06,7.028282205243004e-06,0,0,0,0
2025-09-09 17:30:00+00:00,140.86,141.4374,140.565,140.69,135.86676019905565,135.86676749610496,7.29704930790831e-06,5.3707391691813e-06,0,0,0,0
2025-09-09 19:30:00+00:00,140.69,140.99,140.26,140.7807,136.48934626080654,136.4893516333084,5.3725018460681895e-06,3.936206006732794e-06,0,0,0,0
2025-09-10 13:30:00+00:00,143.47,151.96,142.8,151.2901,137.24096652754105,137.24097026501323,3.7374721841842984e-06,2.723291943178115e-06,0,0,0,0
2025-09-10 15:30:00+00:00,151.3397,153.71,150.805,153.69,138.36546638139214,138.3654687771505,2.3957583721312403e-06,1.7314713235797904e-06,0,0,0,0
2025-09-10 17:30:00+00:00,153.7,154.28,150.8291,151.99,140.10280894827764,140.10281029613745,1.347859807765417e-06,9.62050524099779e-07,0,0,0,0
2025-09-10 19:30:00+00:00,152.09,154.5,151.9925,153.981,142.2745616687461,142.2745622434736,5.747275224621262e-07,4.039566284521391e-07,0,0,0,0
2025-09-11 13:30:00+00:00,152.89,158.19,152.85,158.12,144.63847158529023,144.63847162593532,4.064509084855672e-08,2.8101161746990097e-08,0,0,0,0
2025-09-11 15:30:00+00:00,158.1531,158.89,156.3,157.445,147.0538421898608,147.053841892407,-2.97453794928515e-07,-2.0227543224914395e-07,0,0,0,0
2025-09-11 17:30:00+00:00,157.42,157.7389,155.89,156.46,149.338106945267,149.33810644791168,-4.973553018317034e-07,-3.3303977933374106e-07,0,0,0,0
2025-09-11 19:30:00+00:00,156.46,156.54,154.66,154.67,151.33604866315395,151.33604805199406,-6.111598906954896e-07,-4.038429020013721e-07,0,0,0,0
2025-09-12 13:30:00+00:00,155.24,155.55,149.02,150.38,152.98884768151885,152.9888470046552,-6.768636353626789e-07,-4.424267818342712e-07,0,0,0,0
2025-09-12 15:30:00+00:00,150.45,150.91,149.26,149.53,154.28228571440576,154.28228500443402,-7.099717436176434e-07,-4.6017709702064086e-07,0,0,0,0
2025-09-12 17:30:00+00:00,149.57,151.16,149.47,151.1096,155.20426730103867,155.20426658431646,-7.167222122461681e-07,-4.617928519039963e-07,0,0,0,0
2025-09-12 19:30:00+00:00,151.115,151.81,150.49,150.55,155.79316413130817,155.7931634286098,-7.026983723790181e-07,-4.5104570299808415e-07,0,0,0,0
2025-09-15 13:30:00+00:00,151.25,154.9781,151.025,152.63,156.11030036171746,156.11029968984496,-6.718724989696057e-07,-4.30383195351514e-07,0,0,0,0
2025-09-15 15:30:00+00:00,152.63,154.35,152.52,152.9783,156.2319645684684,156.2319639404667,-6.280017146309547e-07,-4.0196749517012817e-07,0,0,0,0
2025-09-15 17:30:00+00:00,153.05,153.82,152.86,153.5,156.2284527353474,156.2284521599465,-5.754008896019513e-07,-3.683073598486483e-07,0,0,0,0
2025-09-15 19:30:00+00:00,153.43,154.0,152.795,153.86,156.1416834102311,156.14168289257697,-5.176541435503168e-07,-3.3152847608942697e-07,0,1,0,1
2025-09-16 13:30:00+00:00,153.49,155.8,152.3462,153.09,155.99828359688115,155.99828313920568,-4.5767546907882206e-07,-2.933849389404258e-07,0,0,0,0
2025-09-16 15:30:00+00:00,153.01,154.0899,152.51,153.64,155.81986043869182,155.81986004053823,-3.9815358832129277e-07,-2.5552172053057926e-07,0,0,0,0
2025-09-16 17:30:00+00:00,153.62,154.6,153.43,153.941,155.61971410486626,155.6197137641906,-3.40675654797451e-07,-2.1891548686940943e-07,0,0,0,0
2025-09-16 19:30:00+00:00,153.96,154.48,153.76,153.79,155.41050749193036,155.41050720572275,-2.862076087239984e-07,-1.841623281095454e-07,0,0,0,0
2025-09-17 13:30:00+00:00,153.0,154.3847,151.89,152.0184,155.20889962789386,155.2088993914698,-2.3642405722057447e-07,-1.5232635357082627e-07,0,0,0,0
2025-09-17 15:30:00+00:00,151.95,152.84,151.29,152.57,155.0108359417945,155.01083575044782,-1.9134668605147453e-07,-1.2344084520860457e-07,0,0,0,0
2025-09-17 17:30:00+00:00,152.61,154.6588,150.1,153.89,154.81062017088874,154.81062002001684,-1.508718980858248e-07,-9.745578043630588e-08,0,0,0,0
2025-09-17 19:30:00+00:00,153.8,154.2,153.19,153.4,154.61296215857138,154.6129620437641,-1.1480727835078142e-07,-7.425462700406376e-08,0,0,0,0
2025-09-18 13:30:00+00:00,147.12,148.1508,142.0,146.35,154.381766733228,154.38176664965798,-8.35700291190733e-08,-5.413205904262157e-08,0,0,0,0
2025-09-18 15:30:00+00:00,146.34,149.24,145.05,148.0899,154.06205447222067,154.0620544153057,-5.691495630344434e-08,-3.694287765953869e-08,0,0,0,0
2025-09-18 17:30:00+00:00,148.0186,148.78,146.52,147.024,153.63774241639692,153.6377423819019,-3.449503083174932e-08,-2.2452185439082482e-08,0,0,0,0
2025-09-18 19:30:00+00:00,147.03,147.293,145.75,146.48,153.13223325853068,153.1322332425512,-1.5979480849637184e-08,-1.0435086401867648e-08,0,0,0,0
2025-09-19 13:30:00+00:00,145.63,145.805,142.55,143.08,152.56596443597044,152.56596443503452,-9.35926891543204e-10,-6.134571986637281e-10,0,0,0,0
2025-09-19 15:30:00+00:00,143.08,145.1,142.72,142.73,151.94471339994044,151.9447134110721,1.1131646715512034e-08,7.3261164975262614e-09,0,0,0,0
2025-09-19 17:30:00+00:00,142.72,143.39,142.38,143.19,151.25391767061677,151.25391769102902,2.0412244339240715e-08,1.3495349180767755e-08,0,0,0,0
2025-09-19 19:30:00+00:00,143.18,143.66,142.83,142.9,150.5036609919445,150.50366101913397,2.718945779633941e-08,1.8065645458149147e-08,0,0,0,0
2025-09-22 13:30:00+00:00,142.22,143.44,141.35,142.62,149.68048788199312,149.6804879134042,3.141107640658447e-08,2.0985418240585044e-08,0,0,0,0
2025-09-22 15:30:00+00:00,142.63,145.55,142.56,144.8107,148.85713836427743,148.857138398141,3.38635572916246e-08,2.2749031496732805e-08,0,0,0,0
2025-09-22 17:30:00+00:00,144.7392,145.4,144.28,144.71,148.0733930698023,148.07339310467017,3.486786681605736e-08,2.354769219046701e-08,0,0,0,0
2025-09-22 19:30:00+00:00,144.72,144.88,143.945,144.5,147.36123114230256,147.3612311770163,3.471373588581628e-08,2.355689866101499e-08,0,0,0,0
2025-09-23 13:30:00+00:00,145.41,146.16,142.3023,143.32,146.727864269579,146.7278643031878,3.360881350999989e-08,2.2905542636571987e-08,0,0,0,0
2025-09-23 15:30:00+00:00,143.15,143.6,142.75,142.99,146.16164161163357,146.16164164338437,3.175080109940609e-08,2.1723073680146e-08,0,0,0,0
2025-09-23 17:30:00+00:00,142.96,142.96,140.28,140.76,145.63451410461033,145.63451413388822,2.9277885005285498e-08,2.0103671980019092e-08,0,0,0,0
2025-09-23 19:30:00+00:00,140.7223,141.23,140.5,140.98,145.11187772155327,145.11187774793234,2.6379069595350302e-08,1.8178435845181163e-08,0,0,0,0
2025-09-24 13:30:00+00:00,142.06,146.0,141.31,145.644,144.61761495079202,144.61761497425192,2.3459904241462937e-08,1.622202402483644e-08,0,0,0,0
2025-09-24 15:30:00+00:00,145.6022,145.92,142.925,144.12,144.18210167834758,144.18210169893976,2.0592182181644603e-08,1.4282065486590846e-08,0,0,0,0
2025-09-24 17:30:00+00:00,144.26,145.38,144.0501,144.6825,143.83189506303611,143.83189508086792,1.7831808918344905e-08,1.2397673624845096e-08,0,0,0,0
2025-09-24 19:30:00+00:00,144.68,144.7999,143.54,144.31,143.57446727082845,143.57446728603318,1.52047334722738e-08,1.0590137481473427e-08,0,0,0,0
2025-09-25 13:30:00+00:00,141.5,142.8,138.0,139.75,143.37272240599,143.37272241875914,1.276913508263533e-08,8.906251390328516e-09,0,0,0,0
2025-09-25 15:30:00+00:00,139.82,140.95,139.0301,139.445,143.17732280925992,143.17732281978692,1.0527003269089619e-08,7.352423597914062e-09,0,0,0,0
2025-09-25 17:30:00+00:00,139.42,140.66,138.0,140.01,142.94586722397872,142.94586723247056,8.49183834361611e-09,5.940597310386341e-09,0,0,0,0
2025-09-25 19:30:00+00:00,140.015,140.82,140.0,140.58,142.68891698932785,142.68891699600243,6.6745826643455075e-09,4.677716255176792e-09,0,0,0,0
2025-09-26 13:30:00+00:00,141.12,141.12,137.62,138.69,142.41997393715633,142.41997394222705,5.070717179478379e-09,3.5603974915174914e-09,0,0,0,0
2025-09-26 15:30:00+00:00,138.67,139.7699,138.22,139.44,142.1450418825254,142.145041886196,3.6706069295178168e-09,2.582296843354804e-09,0,0,0,0
2025-09-26 17:30:00+00:00,139.41,139.9399,138.83,138.855,141.86620004823823,141.86620005069943,2.4612063498352654e-09,1.7348786032179552e-09,0,0,0,0
2025-09-26 19:30:00+00:00,138.84,139.69,138.715,139.63,141.58794592380832,141.58794592523856,1.4302372619567905e-09,1.010140554427164e-09,0,0,0,0
2025-09-29 13:30:00+00:00,141.08,142.3,140.72,141.35,141.32564938767706,141.32564938822824,5.511822109838249e-10,3.9000861724105796e-10,0,0,0,0
2025-09-29 15:30:00+00:00,141.34,141.39,139.84,140.31,141.09409921943617,141.09409921926186,-1.7431034393666778e-10,-1.2354190919463764e-10,0,0,0,0
2025-09-29 17:30:00+00:00,140.33,140.73,139.34,139.7,140.89843231085715,140.89843231010244,-7.54710072214948e-10,-5.356412132037559e-10,0,0,0,0
2025-09-29 19:30:00+00:00,139.68,140.0,139.52,139.76,140.7281855894867,140.72818558828055,-1.2061605048074853e-09,-8.57085238294718e-10,0,0,0,0
2025-09-30 13:30:00+00:00,139.81,141.15,139.41,139.885,140.5752374455446,140.57523744399452,-1.5500631889153738e-09,-1.102657350670192e-09,0,0,0,0
2025-09-30 15:30:00+00:00,139.83,140.3,138.49,139.2,140.43664367423332,140.43664367243343,-1.799890014808625e-09,-1.281638444011647e-09,0,0,0,0
2025-09-30 17:30:00+00:00,139.12,140.68,138.95,140.4,140.31039839929218,140.3103983973147,-1.9774688553297892e-09,-1.4093530329108986e-09,0,0,0,0
2025-09-30 19:30:00+00:00,140.45,141.68,140.24,141.47,140.1997079448608,140.19970794276324,-2.097550577673246e-09,-1.496116224791419e-09,0,0,0,0
2025-10-01 13:30:00+00:00,142.41,149.58,142.36,147.295,140.12946169783584,140.12946169567485,-2.160987833121908e-09,-1.5421366834204304e-09,0,0,0,0
2025-10-01 15:30:00+00:00,147.26,148.9,146.51,147.985,140.14875405076927,140.1487540485963,-2.1729817945015384e-09,-1.5504824207815432e-09,0,0,0,0
2025-10-01 17:30:00+00:00,147.98,150.85,147.83,150.74,140.30543803307873,140.3054380309398,-2.1389325866039144e-09,-1.5244830254545337e-09,1,0,1,0
2025-10-01 19:30:00+00:00,150.7364,151.25,150.11,150.38,140.62650683775792,140.6265068356935,-2.064410864477395e-09,-1.468009773476863e-09,0,0,0,0
2025-10-02 13:30:00+00:00,150.81,152.25,149.41,151.279,141.21417071728138,141.21417071534643,-1.934949978021905e-09,-1.3702236597032335e-09,0,0,0,0
2025-10-02 15:30:00+00:00,151.24,152.1,150.13,150.735,142.0177153092013,142.01771530743582,-1.7654713246884057e-09,-1.2431345771508981e-09,0,0,0,0
2025-10-02 17:30:00+00:00,150.735,152.5,150.71,152.325,142.9967768134099,142.9967768118437,-1.5662067198718432e-09,-1.0952741416790928e-09,0,0,0,0
2025-10-02 19:30:00+00:00,152.295,152.445,151.8111,152.11,144.06270145298052,144.0627014516241,-1.3564260825660313e-09,-9.415525801511811e-10,0,0,0,0
2025-10-03 13:30:00+00:00,152.79,154.5468,151.42,152.77,145.25524667803245,145.25524667689814,-1.134310423367424e-09,-7.809084004254218e-10,0,0,0,0
2025-10-03 15:30:00+00:00,152.66,153.76,151.835,152.1224,146.47535928429647,146.47535928337783,-9.186464922095183e-10,-6.271679391661379e-10,0,0,0,0
2025-10-03 17:30:00+00:00,152.01,152.93,150.66,152.93,147.63561573072383,147.63561573000257,-7.212577202153625e-10,-4.885391080231493e-10,0,0,0,0
2025-10-03 19:30:00+00:00,152.915,153.14,152.52,152.68,148.69994308743242,148.6999430868869,-5.455262908071745e-10,-3.6686381950154254e-10,0,0,0,0
2025-10-06 13:30:00+00:00,155.6,160.54,154.649306,158.3,149.69388596633937,149.69388596594584,-3.935269887733739e-10,-2.628878168490219e-10,0,0,0,0
2025-10-06 15:30:00+00:00,158.3,159.16,157.51,157.92,150.75555003396988,150.75555003370408,-2.657998265931383e-10,-1.7631180180978103e-10,0,0,0,0
2025-10-06 17:30:00+00:00,157.93,158.8,157.56,158.04,151.9487640032591,151.94876400309624,-1.6285639503621496e-10,-1.0717849276662881e-10,0,0,0,0
2025-10-06 19:30:00+00:00,158.0,158.0,156.04,156.26,153.12175291179108,153.1217529117086,-8.247980076703243e-11,-5.386550192809418e-11,0,0,0,0
2025-10-07 13:30:00+00:00,157.0,160.5,155.82,156.115,154.18902633723357,154.18902633721132,-2.2254198484006338e-11,-1.443306246407783e-11,0,0,0,0
2025-10-07 15:30:00+00:00,155.96,159.1,154.35,158.935,155.111790049847,155.11179004986644,1.944044925039634e-11,1.2533186061581084e-11,0,0,0,0
2025-10-07 17:30:00+00:00,158.93,161.0,158.0,160.92,155.9095635727786,155.90956357282394,4.533262654149439e-11,2.9076232081384227e-11,0,0,0,0
2025-10-07 19:30:00+00:00,160.955,160.99,159.17,159.31,156.63813044087465,156.63813044093428,5.962874638498761e-11,3.806783585654155e-11,0,0,0,0
2025-10-08 13:30:00+00:00,158.61,161.37,156.5,158.91,157.29577221787076,157.29577221793795,6.718892109347507e-11,4.271502033787121e-11,0,0,0,0
2025-10-08 15:30:00+00:00,158.8666,161.0,158.23,160.87,157.87413876321438,157.8741387632839,6.95195012667682e-11,4.403476200179701e-11,0,0,0,0
2025-10-08 17:30:00+00:00,160.865,164.38,160.1384,163.17,158.3932626052022,158.3932626052702,6.798472895752639e-11,4.2921477744277184e-11,0,0,0,0
2025-10-08 19:30:00+00:00,163.2,168.51,162.98,166.65,158.94531113340446,158.94531113346775,6.329514690150972e-11,3.982196546105437e-11,0,0,0,0
2025-10-09 13:30:00+00:00,164.51,170.27,161.21,167.85,159.6219691733836,159.62196917344028,5.667288860422559e-11,3.550444146110408e-11,0,0,0,0
2025-10-09 15:30:00+00:00,167.76,169.2776,166.96,167.185,160.45006021687217,160.4500602169212,4.902744876744691e-11,3.055620465407056e-11,0,0,0,0
2025-10-09 17:30:00+00:00,167.235,171.86,166.79,170.855,161.43556208419471,161.43556208423573,4.101252670807298e-11,2.5404889838760193e-11,0,0,0,0
2025-10-09 19:30:00+00:00,170.89,171.655,169.459,170.65,162.55394873501842,162.55394873505156,3.313971319585107e-11,2.0386901366433494e-11,0,0,0,0
2025-10-10 13:30:00+00:00,170.6,171.59,159.5,159.974,163.597626037932,163.59762603795807,2.6062707547680475e-11,1.5930981505585868e-11,0,0,0,0
2025-10-10 15:30:00+00:00,159.7,161.58,155.69,157.47,164.49313618551142,164.49313618553123,1.9809931472991593e-11,1.2043014032300061e-11,0,0,0,0
2025-10-10 17:30:00+00:00,157.45,157.7866,153.43,153.78,165.172522740754,165.1725227407683,1.4296119843493216e-11,8.655265177448216e-12,0,0,0,0
2025-10-10 19:30:00+00:00,153.74,155.65,153.22,154.76,165.60284102680097,165.60284102681044,9.464429240324534e-12,5.71513699984943e-12,0,0,0,0
2025-10-13 13:30:00+00:00,160.91,166.121,157.0,165.25,165.79446782604657,165.79446782605189,5.314859663485549e-12,3.2056918021305516e-12,0,0,0,0
2025-10-13 15:30:00+00:00,165.2,173.2,165.2,172.1855,165.83021662083706,165.83021662083888,1.8189894035458565e-12,1.0968986476722089e-12,0,0,0,0
2025-10-13 17:30:00+00:00,172.08,175.0,169.505,174.715,165.8772703893758,165.8772703893748,-1.0231815394945443e-12,-6.168304657369606e-13,0,0,0,0
2025-10-13 19:30:00+00:00,174.715,174.72,171.525,171.89,166.04277152227934,166.04277152227607,-3.268496584496461e-12,-1.9684666514121032e-12,0,0,0,0
2025-10-14 13:30:00+00:00,171.595,180.34,169.44,174.57,166.35399293308055,166.3539929330756,-4.945377440890297e-12,-2.972803570083034e-12,0,0,0,0
2025-10-14 15:30:00+00:00,174.6,179.0,173.668,174.918,166.79853034244803,166.7985303424419,-6.139089236967266e-12,-3.680541563743591e-12,0,0,0,0
2025-10-14 17:30:00+00:00,174.9101,175.06,170.87,171.03,167.31966641231975,167.31966641231278,-6.963318810448982e-12,-4.161685807626182e-12,0,0,0,0
2025-10-14 19:30:00+00:00,171.04,171.38,167.54,168.08,167.85537189871732,167.85537189870982,-7.503331289626658e-12,-4.470116865937488e-12,0,0,0,0
2025-10-15 13:30:00+00:00,172.02,172.2875,167.8,169.4325,168.34993938771223,168.34993938770444,-7.787548383930698e-12,-4.625810031327583e-12,0,0,0,0
2025-10-15 15:30:00+00:00,169.35,174.0,167.1,168.865,168.7789944564285,168.7789944564207,-7.815970093361102e-12,-4.630890306304586e-12,0,0,0,0
2025-10-15 17:30:00+00:00,168.95,171.2975,168.35,171.27,169.14763099552871,169.14763099552098,-7.73070496506989e-12,-4.570389144423929e-12,0,0,0,0
2025-10-15 19:30:00+00:00,171.27,171.27,169.71,170.63,169.4680130989019,169.46801309889443,-7.474909580196254e-12,-4.410808531657169e-12,0,0,0,0
2025-10-16 13:30:00+00:00,173.58,175.97,170.25,173.975,169.75575154536256,169.75575154535542,-7.133849067031406e-12,-4.202419654173002e-12,0,0,0,0
2025-10-16 15:30:00+00:00,173.8562,174.6253,168.6264,172.62,170.0295644886556,170.0295644886489,-6.707523425575346e-12,-3.944915959614113e-12,0,0,0,0
2025-10-16 17:30:00+00:00,172.61,172.91,169.4048,170.56,170.29068060033026,170.290680600324,-6.252776074688882e-12,-3.671825171316366e-12,0,0,0,0
2025-10-16 19:30:00+00:00,170.59,171.6212,170.0,171.18,170.52816434912583,170.52816434912003,-5.7980287238024175e-12,-3.400041715063556e-12,0,0,0,0
2025-10-17 13:30:00+00:00,169.53,169.73,164.28,165.49,170.72265932768346,170.72265932767814,-5.314859663485549e-12,-3.1131542142184293e-12,0,0,0,0
2025-10-17 15:30:00+00:00,165.395,167.51,164.355,164.78,170.8350575830856,170.8350575830808,-4.774847184307873e-12,-2.7950042876800198e-12,0,0,0,0
2025-10-17 17:30:00+00:00,164.77,166.55,163.61,166.005,170.8287245229891,170.82872452298486,-4.234834705130197e-12,-2.4789945115818617e-12,0,0,0,0
2025-10-17 19:30:00+00:00,166.005,166.58,165.51,165.58,170.7105402916415,170.7105402916378,-3.694822225952521e-12,-2.164378496863928e-12,0,0,0,0
2025-10-20 13:30:00+00:00,167.38,172.9499,167.25,172.36,170.53016128699232,170.53016128698914,-3.183231456205249e-12,-1.866667709794783e-12,0,0,0,0
2025-10-20 15:30:00+00:00,172.16,173.04,171.36,171.885,170.35349718319918,170.3534971831965,-2.6716406864579767e-12,-1.5682922456149393e-12,0,0,0,0
2025-10-20 17:30:00+00:00,171.8,172.1199,170.47,171.28,170.2173505288858,170.21735052888363,-2.1600499167107046e-12,-1.268995146498973e-12,0,0,0,0
2025-10-20 19:30:00+00:00,171.3,172.54,171.205,171.46,170.12724942953946,170.12724942953778,-1.6768808563938364e-12,-9.85662709540449e-13,0,0,0,0
2025-10-21 13:30:00+00:00,170.77,171.65,167.06,171.39,170.07943342983165,170.07943342983035,-1.3073986337985843e-12,-7.686988411435223e-13,0,0,0,0
2025-10-21 15:30:00+00:00,171.382,173.3,170.89,173.236,170.05877207188374,170.0587720718828,-9.379164112033322e-13,-5.515248638905116e-13,0,0,0,0
2025-10-21 17:30:00+00:00,173.24,173.845,167.185,169.9,170.0597101738319,170.05971017383126,-6.252776074688882e-13,-3.6768121433921115e-13,0,0,0,0
2025-10-21 19:30:00+00:00,169.9,171.305,169.3,169.38,170.07361565327824,170.07361565327787,-3.694822225952521e-13,-2.172484080943511e-13,0,0,0,0
2025-10-22 13:30:00+00:00,168.27,170.835,163.16,163.89,170.07824441059006,170.07824441058995,-1.1368683772161603e-13,-6.684384479367147e-14,0,0,0,0
2025-10-22 15:30:00+00:00,163.88,165.69,161.94,162.395,170.0280098587485,170.02800985874862,1.1368683772161603e-13,6.686359371968292e-14,0,0,0,0
2025-10-22 17:30:00+00:00,162.39,164.48,160.8524,164.39,169.88049088946013,169.8804908894604,2.5579538487363607e-13,1.505737259966361e-13,0,0,0,0
2025-10-22 19:30:00+00:00,164.39,166.01,164.39,165.67,169.65000291830845,169.6500029183088,3.410605131648481e-13,2.010377290291465e-13,0,0,0,0
2025-10-23 13:30:00+00:00,164.56,169.29,164.07,166.645,169.36275201946063,169.362752019461,3.694822225952521e-13,2.1816026144449798e-13,0,0,0,0
2025-10-23 15:30:00+00:00,166.67,167.275,165.425,165.44,169.06082211690685,169.06082211690725,3.979039320256561e-13,2.353614084228826e-13,0,0,0,0
2025-10-23 17:30:00+00:00,165.45,167.16,165.3224,166.46,168.76400653723346,168.76400653723385,3.979039320256561e-13,2.3577535292625847e-13,0,0,0,0
2025-10-23 19:30:00+00:00,166.41,166.945,165.53,166.59,168.47799301487038,168.47799301487072,3.410605131648481e-13,2.0243623933408622e-13,0,0,0,0
2025-10-24 13:30:00+00:00,170.12,173.08,169.66,172.3,168.2212890676598,168.22128906766002,2.2737367544323206e-13,1.351634366276796e-13,0,0,0,0
2025-10-24 15:30:00+00:00,172.305,174.4499,172.01,172.6685,168.04184094455437,168.0418409445545,1.4210854715202004e-13,8.45673591489092e-14,0,0,0,0
2025-10-24 17:30:00+00:00,172.63,172.73,171.14,171.23,167.9685369520379,167.96853695203802,1.1368683772161603e-13,6.768341249175636e-14,0,0,0,0
2025-10-24 19:30:00+00:00,171.2,171.26,170.55,170.55,167.9827492737691,167.98274927376914,5.684341886080802e-14,3.383884303986936e-14,0,0,0,0
2025-10-27 13:30:00+00:00,174.485,183.16,174.27,178.815,168.08665471411615,168.08665471411618,2.842170943040401e-14,1.6908962510286135e-14,0,0,0,0
2025-10-27 15:30:00+00:00,178.9,181.35,177.71,177.885,168.31403349017603,168.31403349017603,0.0,0.0,0,0,0,0
2025-10-27 17:30:00+00:00,177.88,178.64,176.9001,177.71,168.67819774795066,168.67819774795063,-2.842170943040401e-14,-1.6849663922111304e-14,0,0,0,0
2025-10-27 19:30:00+00:00,177.6928,179.0,177.21,178.64,169.1575746212448,169.15757462124475,-5.684341886080802e-14,-3.3603827075485244e-14,0,0,0,0
2025-10-28 13:30:00+00:00,178.16,179.12,172.93,173.27,169.7048174486643,169.70481744866422,-8.526512829121202e-14,-5.024319849788867e-14,0,0,0,0
2025-10-28 15:30:00+00:00,173.2136,175.13,172.95,174.4765,170.2629411844285,170.2629411844284,-1.1368683772161603e-13,-6.67713343436671e-14,0,0,0,0
2025-10-28 17:30:00+00:00,174.64,175.34,173.2,173.97,170.80020124290348,170.8002012429034,-8.526512829121202e-14,-4.992097648055591e-14,0,0,0,0
2025-10-28 19:30:00+00:00,173.99,174.15,172.96,173.08,171.297252684814,171.29725268481394,-5.684341886080802e-14,-3.318408087104561e-14,0,0,0,0
2025-10-29 13:30:00+00:00,175.065,177.25,173.18,174.31,171.75168854784746,171.7516885478474,-5.684341886080802e-14,-3.3096279484304625e-14,0,0,0,0
2025-10-29 15:30:00+00:00,174.23,174.35,171.82,171.9,172.16315964789328,172.1631596478932,-8.526512829121202e-14,-4.9525768733331556e-14,0,0,0,0
2025-10-29 17:30:00+00:00,171.84,173.3677,169.37,171.45,172.5178880219037,172.5178880219036,-1.1368683772161603e-13,-6.589857957638677e-14,0,0,0,0
2025-10-29 19:30:00+00:00,171.45,172.23,170.1,170.27,172.7995005789775,172.79950057897742,-8.526512829121202e-14,-4.934338814957503e-14,0,0,0,0
2025-10-30 13:30:00+00:00,168.47,168.999,165.3001,166.945,173.0028172629784,173.0028172629783,-8.526512829121202e-14,-4.9285398723653195e-14,0,0,0,0
2025-10-30 15:30:00+00:00,166.955,168.25,165.835,168.0,173.10779329831914,173.10779329831905,-8.526512829121202e-14,-4.9255511070072624e-14,0,0,0,0
2025-10-30 17:30:00+00:00,168.0,168.34,166.01,166.47,173.1096665416516,173.10966654165156,-2.842170943040401e-14,-1.6418326023154525e-14,0,0,0,0
2025-10-30 19:30:00+00:00,166.54,167.055,165.35,165.44,173.01990970589543,173.01990970589543,0.0,0.0,0,0,0,0
2025-10-31 13:30:00+00:00,168.5,170.4799,166.935,169.9,172.84469579438132,172.84469579438135,2.842170943040401e-14,1.6443495300668587e-14,0,0,0,0
2025-10-31 15:30:00+00:00,169.9,170.8465,167.66,168.14,172.6110430780025,172.6110430780025,0.0,0.0,0,1,0,1
2025-10-31 17:30:00+00:00,168.125,171.5,168.125,171.39,172.3592606732348,172.3592606732348,0.0,0.0,0,0,0,0
2025-10-31 19:30:00+00:00,171.3834,171.88,169.52,169.83,172.11171466112634,172.11171466112629,-5.684341886080802e-14,-3.302704814296225e-14,0,0,0,0
2025-11-03 14:30:00+00:00,171.3,173.54,168.9,170.41,171.87486228977855,171.87486228977846,-8.526512829121202e-14,-4.9608841662637225e-14,0,0,0,0
2025-11-03 16:30:00+00:00,170.53,172.15,170.35,170.83,171.66149694221426,171.6614969422142,-5.684341886080802e-14,-3.311366839585641e-14,0,0,0,0
2025-11-03 18:30:00+00:00,170.71,171.31,169.27,169.94,171.47388497270552,171.47388497270552,0.0,0.0,0,0,0,0
2025-11-03 20:30:00+00:00,169.81,169.99,168.36,168.58,171.29827688675044,171.29827688675047,2.842170943040401e-14,1.6591941230789092e-14,0,0,0,0
2025-11-04 14:30:00+00:00,161.75,166.14,160.4,164.81,171.08938984834575,171.08938984834583,8.526512829121202e-14,4.983659615993215e-14,0,0,0,0
2025-11-04 16:30:00+00:00,164.765,165.0,160.75,161.005,170.77094464181093,170.770944641811,8.526512829121202e-14,4.992952897816086e-14,0,0,0,0
2025-11-04 18:30:00+00:00,160.88,162.4,160.74,161.96,170.29795076130546,170.29795076130557,1.1368683772161603e-13,6.675760760090578e-14,0,0,0,0
2025-11-04 20:30:00+00:00,161.935,163.035,160.5,160.53,169.67899557885622,169.6789955788564,1.7053025658242404e-13,1.0050168908689244e-13,0,0,0,0
2025-11-05 14:30:00+00:00,158.73,160.28,156.33,160.1118,168.88797341171818,168.88797341171835,1.7053025658242404e-13,1.0097240978000385e-13,0,0,0,0
2025-11-05 16:30:00+00:00,160.19,161.23,159.6605,160.85,168.01673328417206,168.0167332841722,1.4210854715202004e-13,8.457999651241124e-14,0,0,0,0
2025-11-05 18:30:00+00:00,160.81,164.33,160.76,162.425,167.1450451782629,167.145045178263,8.526512829121202e-14,5.101265682166969e-14,0,0,0,0
2025-11-05 20:30:00+00:00,162.41,162.41,159.88,160.0,166.31007822345148,166.31007822345154,5.684341886080802e-14,3.417917871725978e-14,0,0,0,0
2025-11-06 14:30:00+00:00,167.0,167.4799,155.58,156.875,165.52880249632054,165.5288024963206,5.684341886080802e-14,3.4340500265548384e-14,0,0,0,0
2025-11-06 16:30:00+00:00,156.78,159.97,155.18,159.76,164.78247472389214,164.78247472389222,8.526512829121202e-14,5.174405132225464e-14,0,0,0,0
2025-11-06 18:30:00+00:00,159.9485,161.2,157.85,158.19,164.0622069780022,164.06220697800228,8.526512829121202e-14,5.197121863821114e-14,0,0,0,0
2025-11-06 20:30:00+00:00,158.19,159.39,157.74,158.25,163.36766953295245,163.36766953295253,8.526512829121202e-14,5.2192167847514914e-14,0,0,0,0
2025-11-07 14:30:00+00:00,154.98,155.23,146.8,147.43,162.60663176981376,162.60663176981387,1.1368683772161603e-13,6.991525283086321e-14,0,0,0,0
2025-11-07 16:30:00+00:00,147.4147,148.8238,146.29,148.6,161.6682413346078,161.6682413346079,8.526512829121202e-14,5.2740802762081866e-14,0,0,0,0
2025-11-07 18:30:00+00:00,148.72,152.3035,148.01,150.715,160.52150985273926,160.5215098527394,1.4210854715202004e-13,8.85292863756321e-14,0,0,0,0
2025-11-07 20:30:00+00:00,150.715,152.57,150.6529,152.48,159.28072852724324,159.28072852724335,1.1368683772161603e-13,7.137513669908355e-14,0,0,0,0
2025-11-10 14:30:00+00:00,158.85,159.315,154.8849,155.3,158.10869724496763,158.10869724496774,1.1368683772161603e-13,7.190422772598901e-14,0,0,0,0
2025-11-10 16:30:00+00:00,155.23,156.4299,154.975,155.91,157.08745315463062,157.0874531546307,8.526512829121202e-14,5.4278764203580556e-14,0,0,0,0
2025-11-10 18:30:00+00:00,156.05,156.33,155.18,156.108,156.24855125671712,156.24855125671718,5.684341886080802e-14,3.6380125385875743e-14,0,0,0,0
2025-11-10 20:30:00+00:00,156.04,156.23,154.55,154.75,155.5785237762081,155.5785237762081,0.0,0.0,0,0,0,0
2025-11-11 14:30:00+00:00,153.0,153.0,146.7017,148.24,155.02569062189622,155.02569062189616,-5.684341886080802e-14,-3.666709603600328e-14,0,0,0,0
2025-11-11 16:30:00+00:00,148.235,150.1999,148.0,149.845,154.51236934631294,154.51236934631282,-1.1368683772161603e-13,-7.357782305881707e-14,0,0,0,0
2025-11-11 18:30:00+00:00,149.83,150.25,148.85,148.86,153.9937981159385,153.99379811593832,-1.7053025658242404e-13,-1.1073839249944055e-13,0,0,0,0
2025-11-11 20:30:00+00:00,148.85,149.9,148.32,149.74,153.4679978593773,153.4679978593771,-1.9895196601282805e-13,-1.296374285114006e-13,0,0,0,0
2025-11-12 14:30:00+00:00,151.26,152.48,147.21,147.6744,152.95066266979734,152.9506626697971,-2.2737367544323206e-13,-1.4865818262854168e-13,0,0,0,0
2025-11-12 16:30:00+00:00,147.58,148.72,146.8471,148.58,152.44443630892073,152.44443630892047,-2.5579538487363607e-13,-1.6779581535877112e-13,0,0,0,0
2025-11-12 18:30:00+00:00,148.65,148.8899,147.91,148.805,151.9454848978379,151.94548489783762,-2.8421709430404007e-13,-1.8705201704093833e-13,0,0,0,0
2025-11-12 20:30:00+00:00,148.76,149.24,148.6,148.75,151.46418025611098,151.4641802561107,-2.8421709430404007e-13,-1.8764640842703338e-13,0,0,0,0
2025-11-13 14:30:00+00:00,146.89,147.635,139.33,141.2,150.97930898318592,150.9793089831856,-3.126388037344441e-13,-2.0707394002529292e-13,0,0,0,0
2025-11-13 16:30:00+00:00,141.175,141.6617,139.4,139.5945,150.42370149911744,150.4237014991171,-3.410605131648481e-13,-2.267332273876063e-13,0,0,0,0
2025-11-13 18:30:00+00:00,139.585,140.64,138.38,139.24,149.70891769132152,149.70891769132118,-3.410605131648481e-13,-2.2781576303160936e-13,0,0,0,0
2025-11-13 20:30:00+00:00,139.31,140.85,138.918,140.33,148.85167034227362,148.85167034227328,-3.410605131648481e-13,-2.2912777020278253e-13,0,0,0,0
2025-11-14 14:30:00+00:00,136.7,143.7,135.1,143.335,147.9629418474967,147.96294184749632,-3.694822225952521e-13,-2.497126766890538e-13,0,0,0,0
2025-11-14 16:30:00+00:00,143.39,143.745,140.0,140.8981,147.09350085060208,147.09350085060174,-3.410605131648481e-13,-2.318664734965087e-13,0,0,0,0
2025-11-14 18:30:00+00:00,140.805,141.485,139.51,140.725,146.25579237551997,146.25579237551963,-3.410605131648481e-13,-2.331945337858182e-13,0,0,0,0
2025-11-14 20:30:00+00:00,140.655,140.85,139.47,139.76,145.45313717933033,145.45313717933,-3.126388037344441e-13,-2.1494125860550482e-13,0,0,0,0
2025-11-17 14:30:00+00:00,139.51,143.8,139.51,142.27,144.6707902555401,144.67079025553977,-3.410605131648481e-13,-2.3574939527351294e-13,0,0,0,0
2025-11-17 16:30:00+00:00,142.26,142.7,140.0,140.75,143.9474949789016,143.94749497890123,-3.694822225952521e-13,-2.566784664432036e-13,0,0,0,0
2025-11-17 18:30:00+00:00,140.72,141.1754,138.19,138.79,143.2934863869446,143.29348638694424,-3.694822225952521e-13,-2.5784997763088514e-13,0,0,0,0
2025-11-17 20:30:00+00:00,138.8,140.5534,138.54,140.31,142.69124981583687,142.6912498158365,-3.694822225952521e-13,-2.5893824819119663e-13,0,0,0,0
2025-11-18 14:30:00+00:00,138.09,139.54,133.24,135.7092,142.11123348700792,142.11123348700755,-3.694822225952521e-13,-2.599950852083983e-13,0,0,0,0
2025-11-18 16:30:00+00:00,135.695,137.3099,134.76,136.54,141.51647845059594,141.51647845059557,-3.694822225952521e-13,-2.610877734102464e-13,0,0,0,0
2025-11-18 18:30:00+00:00,136.6,137.7762,135.84,137.31,140.89958174542966,140.89958174542926,-3.979039320256561e-13,-2.824024933903417e-13,0,0,0,0
2025-11-18 20:30:00+00:00,137.375,137.55,136.0,136.09,140.28303324417698,140.28303324417658,-3.979039320256561e-13,-2.836436615489085e-13,0,0,0,0
2025-11-19 14:30:00+00:00,137.6,138.56,135.61,135.975,139.69214661129163,139.69214661129126,-3.694822225952521e-13,-2.644974907740347e-13,0,0,0,0
2025-11-19 16:30:00+00:00,135.9,136.96,134.92,135.85,139.14079516603258,139.14079516603223,-3.410605131648481e-13,-2.4511899098885465e-13,0,0,0,0
2025-11-19 18:30:00+00:00,135.875,137.38,135.24,137.21,138.63163726275437,138.63163726275405,-3.126388037344441e-13,-2.2551764511147382e-13,0,0,0,0
2025-11-19 20:30:00+00:00,137.27,137.77,136.545,137.05,138.17400226834218,138.1740022683419,-2.8421709430404007e-13,-2.0569505814275645e-13,0,0,0,0
2025-11-20 14:30:00+00:00,142.335,143.32,138.4127,138.745,137.78228158993528,137.782281589935,-2.8421709430404007e-13,-2.0627985763069376e-13,0,0,0,0
2025-11-20 16:30:00+00:00,138.745,139.058,133.99,136.68,137.47053276914468,137.47053276914443,-2.5579538487363607e-13,-1.8607288392720146e-13,0,0,0,0
2025-11-20 18:30:00+00:00,136.8,136.9634,132.62,133.167,137.2178400161171,137.21784001611687,-2.2737367544323206e-13,-1.6570270703614459e-13,0,0,0,0
2025-11-20 20:30:00+00:00,133.18,133.26,131.85,132.61,136.97479149045614,136.97479149045597,-1.7053025658242404e-13,-1.2449754785303391e-13,0,0,0,0
2025-11-21 14:30:00+00:00,132.53,132.6899,125.17,129.52,136.67526038991156,136.67526038991141,-1.4210854715202004e-13,-1.0397532570752617e-13,0,0,0,0
2025-11-21 16:30:00+00:00,129.49,131.31,129.0894,130.21,136.28207582422408,136.28207582422394,-1.4210854715202004e-13,-1.042753027443689e-13,0,0,0,0
2025-11-21 18:30:00+00:00,130.09,133.27,130.04,131.75,135.82590095460012,135.82590095459994,-1.7053025658242404e-13,-1.2555061691762595e-13,0,0,0,0
2025-11-21 20:30:00+00:00,131.74,132.5,131.34,131.53,135.34956352149572,135.34956352149555,-1.7053025658242404e-13,-1.2599246879384361e-13,0,0,0,0
2025-11-24 14:30:00+00:00,132.825,135.7,132.55,134.7,134.89449562056598,134.89449562056583,-1.4210854715202004e-13,-1.0534792135013862e-13,0,0,0,0
2025-11-24 16:30:00+00:00,134.73,136.015,134.45,135.4,134.49626274862445,134.49626274862433,-1.1368683772161603e-13,-8.452787861778618e-14,0,0,0,0
2025-11-24 18:30:00+00:00,135.465,135.981,134.97,135.5,134.17412175317614,134.17412175317605,-8.526512829121202e-14,-6.354811730988181e-14,0,0,0,0
2025-11-24 20:30:00+00:00,135.47,135.85,134.53,134.69,133.93257471775397,133.93257471775388,-8.526512829121202e-14,-6.366272616717594e-14,0,0,0,0
2025-11-25 14:30:00+00:00,132.0,132.5,126.92,128.475,133.74610830158596,133.74610830158588,-8.526512829121202e-14,-6.37514835937854e-14,0,0,0,0
2025-11-25 16:30:00+00:00,128.57,130.57,128.25,130.0863,133.5579551024586,133.55795510245852,-8.526512829121202e-14,-6.384129513348802e-14,0,0,0,0
2025-11-25 18:30:00+00:00,130.12,130.31,128.56,130.28,133.3307226638588,133.33072266385875,-5.684341886080802e-14,-4.263339890845445e-14,0,0,0,0
2025-11-25 20:30:00+00:00,130.26,131.88,130.26,131.42,133.07815467613364,133.0781546761336,-2.842170943040401e-14,-2.1357156251206407e-14,0,0,0,0
2025-11-26 14:30:00+00:00,133.59,134.65,132.83,133.41,132.83175793154322,132.83175793154322,0.0,0.0,0,0,0,0
2025-11-26 16:30:00+00:00,133.41,133.8,132.81,133.625,132.62053230794783,132.62053230794788,5.684341886080802e-14,4.286170314021688e-14,0,0,0,0
2025-11-26 18:30:00+00:00,133.6496,133.86,132.36,133.6,132.4585414516654,132.45854145166547,5.684341886080802e-14,4.291412108108587e-14,0,0,0,0
2025-11-26 20:30:00+00:00,133.58,133.73,132.5,132.52,132.34257741436087,132.34257741436096,8.526512829121202e-14,6.442758631203721e-14,0,0,0,0
2025-11-28 14:30:00+00:00,133.79,135.16,132.7,134.7,132.26807965671054,132.26807965671065,1.1368683772161603e-13,8.595183207972748e-14,0,0,0,0
2025-11-28 16:30:00+00:00,134.7,135.66,134.155,135.54,132.23070172737215,132.2307017273723,1.4210854715202004e-13,1.0747016033009764e-13,0,0,0,0
2025-12-01 14:30:00+00:00,133.43,135.715,133.0,134.67,132.23207819107682,132.232078191077,1.7053025658242404e-13,1.289628499493186e-13,0,0,0,0
2025-12-01 16:30:00+00:00,134.68,136.45,134.56,136.085,132.27824574075817,132.27824574075834,1.7053025658242404e-13,1.289178395339722e-13,0,0,0,0
2025-12-01 18:30:00+00:00,136.15,136.58,135.18,135.34,132.3845912085299,132.38459120853008,1.7053025658242404e-13,1.288142789320607e-13,0,0,0,0
2025-12-01 20:30:00+00:00,135.375,135.64,134.665,135.01,132.53385399970296,132.53385399970313,1.7053025658242404e-13,1.286692052151492e-13,0,0,0,0
2025-12-02 14:30:00+00:00,136.19,139.35,135.88,136.56,132.72159103858138,132.7215910385815,1.1368683772161603e-13,8.565813356514686e-14,0,0,0,0
2025-12-02 16:30:00+00:00,136.66,137.45,135.74,136.85,132.9460101059905,132.94601010599055,5.684341886080802e-14,4.2756769319733554e-14,0,0,0,0
2025-12-02 18:30:00+00:00,136.85,137.64,136.55,136.975,133.19844666771894,133.19844666771894,0.0,0.0,0,0,0,0
2025-12-02 20:30:00+00:00,137.02,137.13,136.26,136.55,133.46641650157972,133.46641650157966,-5.684341886080802e-14,-4.259005400068954e-14,0,0,0,0
2025-12-03 14:30:00+00:00,137.36,138.0,135.8075,137.5,133.74411276188383,133.74411276188374,-8.526512829121202e-14,-6.375243480288128e-14,0,0,0,0
2025-12-03 16:30:00+00:00,137.495,138.1972,136.58,137.75,134.0285470400632,134.02854704006307,-1.1368683772161603e-13,-8.482285321472097e-14,0,0,0,0
2025-12-03 18:30:00+00:00,137.82,139.21,137.77,139.09,134.37710469178091,134.37710469178077,-1.4210854715202004e-13,-1.0575354148161819e-13,0,0,0,0
2025-12-03 20:30:00+00:00,139.085,139.56,138.89,139.21,134.79690845718667,134.7969084571865,-1.7053025658242404e-13,-1.2650902645633508e-13,0,0,0,0
2025-12-04 14:30:00+00:00,139.695,140.83,138.2179,140.7,135.28456408700438,135.2845640870042,-1.7053025658242404e-13,-1.2605300370613784e-13,1,0,1,0
2025-12-04 16:30:00+00:00,140.6625,141.3999,140.1,140.616,135.831756655088,135.83175665508784,-1.4210854715202004e-13,-1.0462100369714753e-13,0,0,0,0
2025-12-04 18:30:00+00:00,140.57,141.38,139.62,140.58,136.3975068427826,136.3975068427825,-1.1368683772161603e-13,-8.334964498482819e-14,0,0,0,0
2025-12-04 20:30:00+00:00,140.58,141.3,140.03,140.57,136.97205960873654,136.97205960873646,-8.526512829121202e-14,-6.225001546649265e-14,0,0,0,0
2025-12-05 14:30:00+00:00,143.21,144.25,140.49,141.33,137.55227489986217,137.5522748998621,-5.684341886080802e-14,-4.132495729510103e-14,0,0,0,0
2025-12-05 16:30:00+00:00,141.325,141.94,140.735,141.91,138.1328126067927,138.13281260679264,-5.684341886080802e-14,-4.115127882222875e-14,0,0,0,0
2025-12-05 18:30:00+00:00,141.9001,142.26,141.115,141.63,138.69778128978265,138.6977812897826,-5.684341886080802e-14,-4.0983654051426023e-14,0,0,0,0
2025-12-05 20:30:00+00:00,141.6,142.16,141.15,141.26,139.2254043681961,139.22540436819608,-2.842170943040401e-14,-2.0414169065898227e-14,0,0,0,0
2025-12-08 14:30:00+00:00,143.24,143.4139,138.6401,139.8,139.69902404383663,139.6990240438366,-2.842170943040401e-14,-2.034495918989775e-14,0,0,0,0
2025-12-08 16:30:00+00:00,139.8097,139.98,138.31,138.94,140.10291924560147,140.10291924560144,-2.842170943040401e-14,-2.0286307796756567e-14,0,0,0,0
2025-12-08 18:30:00+00:00,138.91,139.78,138.67,139.42,140.4225385886053,140.42253858860528,-2.842170943040401e-14,-2.0240133611079945e-14,0,0,0,0
2025-12-08 20:30:00+00:00,139.42,140.225,139.32,139.74,140.64981925905576,140.64981925905573,-2.842170943040401e-14,-2.0207426913258596e-14,0,0,0,0
2025-12-09 14:30:00+00:00,139.57,141.138,138.36,140.6,140.80881473244037,140.80881473244034,-2.842170943040401e-14,-2.0184609524914953e-14,0,0,0,0
2025-12-09 16:30:00+00:00,140.59,141.77,140.4301,141.46,140.91379085238705,140.91379085238702,-2.842170943040401e-14,-2.0169572657495892e-14,0,0,0,0
2025-12-09 18:30:00+00:00,141.44,141.79,140.99,141.085,140.99106032971346,140.99106032971343,-2.842170943040401e-14,-2.0158518819518528e-14,0,0,0,0
2025-12-09 20:30:00+00:00,141.07,142.22,140.9996,141.93,141.05861359826417,141.05861359826412,-5.684341886080802e-14,-4.0297729724395584e-14,0,0,0,0
2025-12-10 14:30:00+00:00,141.54,142.64,140.1991,141.1,141.1234121121093,141.12341211210926,-2.842170943040401e-14,-2.0139613268297135e-14,0,0,0,0
2025-12-10 16:30:00+00:00,141.12,141.12,140.09,140.58,141.1809058205012,141.18090582050118,-2.842170943040401e-14,-2.0131411726837657e-14,0,0,0,0
2025-12-10 18:30:00+00:00,140.6,142.8,140.0,142.24,141.22629674483096,141.2262967448309,-5.684341886080802e-14,-4.024988275626405e-14,0,0,0,0
2025-12-10 20:30:00+00:00,142.21,142.39,141.28,141.52,141.2641618081724,141.26416180817233,-5.684341886080802e-14,-4.0239094001773574e-14,0,0,0,0
2025-12-11 14:30:00+00:00,137.99,138.26,133.092,133.34,141.2771392296425,141.27713922964244,-5.684341886080802e-14,-4.0235397723060095e-14,0,0,0,0
2025-12-11 16:30:00+00:00,133.34,135.44,133.33,135.27,141.1981068471065,141.19810684710643,-5.684341886080802e-14,-4.025791855861053e-14,0,0,0,0
2025-12-11 18:30:00+00:00,135.27,135.8484,135.08,135.3,141.00822930567523,141.00822930567517,-5.684341886080802e-14,-4.03121286897262e-14,0,1,0,1
2025-12-11 20:30:00+00:00,135.29,136.66,135.265,136.2,140.7291626897283,140.72916268972824,-5.684341886080802e-14,-4.0392067837519347e-14,0,0,0,0
2025-12-12 14:30:00+00:00,135.31,137.0,130.9,131.8983,140.34424457982226,140.3442445798222,-5.684341886080802e-14,-4.050284999644408e-14,0,0,0,0
2025-12-12 16:30:00+00:00,131.695,132.79,130.4108,132.45,139.8530930994042,139.85309309940413,-5.684341886080802e-14,-4.064509236160053e-14,0,0,0,0
2025-12-12 18:30:00+00:00,132.48,132.69,131.3,131.3,139.2516844042077,139.25168440420768,-2.842170943040401e-14,-2.041031643675055e-14,0,0,0,0
2025-12-12 20:30:00+00:00,131.34,131.82,130.795,130.89,138.54538021950742,138.54538021950742,0.0,0.0,0,0,0,0
2025-12-15 14:30:00+00:00,126.38,128.74,123.57,126.75,137.71723972485796,137.71723972485796,0.0,0.0,0,0,0,0
2025-12-15 16:30:00+00:00,126.8394,126.88,125.1714,125.335,136.7450950794609,136.7450950794609,0.0,0.0,0,0,0,0
2025-12-15 18:30:00+00:00,125.31,126.13,123.26,123.41,135.60212723297303,135.60212723297303,0.0,0.0,0,0,0,0
2025-12-15 20:30:00+00:00,123.41,124.5,123.145,124.4,134.30413396500384,134.30413396500384,0.0,0.0,0,0,0,0
2025-12-16 14:30:00+00:00,123.5,124.0,117.83,120.55,132.85300616161732,132.85300616161732,0.0,0.0,0,0,0,0
2025-12-16 16:30:00+00:00,120.55,121.48,119.8,120.065,131.20078303695033,131.20078303695033,0.0,0.0,0,0,0,0
2025-12-16 18:30:00+00:00,120.06,120.96,119.93,120.33,129.43750703309712,129.43750703309712,0.0,0.0,0,0,0,0
2025-12-16 20:30:00+00:00,120.345,121.37,120.345,121.025,127.6845624612462,127.6845624612462,0.0,0.0,0,0,0,0
2025-12-17 14:30:00+00:00,121.42,121.6346,116.46,116.59,126.0125523446032,126.01255234460321,1.4210854715202004e-14,1.1277332655194503e-14,0,0,0,0
2025-12-17 16:30:00+00:00,116.56,116.61,113.25,113.2707,124.40669931323256,124.40669931323255,-1.4210854715202004e-14,-1.1422901494574466e-14,0,0,0,0
2025-12-17 18:30:00+00:00,113.25,114.22,112.63,114.02,122.68418527543456,122.68418527543457,1.4210854715202004e-14,1.1583281645713051e-14,0,0,0,0
2025-12-17 20:30:00+00:00,114.08,114.98,113.9,114.56,120.95076717123514,120.95076717123514,0.0,0.0,0,0,0,0
2025-12-18 14:30:00+00:00,117.13,118.0646,114.23,115.64,119.38821503688722,119.38821503688722,0.0,0.0,0,0,0,0
2025-12-18 16:30:00+00:00,115.64,116.07,113.62,114.99,118.05726799379111,118.05726799379111,0.0,0.0,0,0,0,0
2025-12-18 18:30:00+00:00,115.0,115.27,113.504,114.2,116.97019813096112,116.97019813096112,0.0,0.0,0,0,0,0
2025-12-18 20:30:00+00:00,114.18,114.316,113.43,113.55,116.08839433636903,116.08839433636903,0.0,0.0,0,0,0,0
2025-12-19 14:30:00+00:00,113.92,114.95,113.42,114.64,115.3702224990073,115.3702224990073,0.0,0.0,0,0,0,0
2025-12-19 16:30:00+00:00,114.67,115.21,114.2,114.893,114.80126350521846,114.80126350521846,0.0,0.0,0,0,0,0
2025-12-19 18:30:00+00:00,114.8525,114.9,113.84,114.005,114.37766465688244,114.37766465688243,-1.4210854715202004e-14,-1.2424501547424184e-14,0,0,0,0
2025-12-19 20:30:00+00:00,114.0,114.45,113.82,113.97,114.07780248846151,114.07780248846153,1.4210854715202004e-14,1.2457160293422878e-14,0,0,0,0
2025-12-22 14:30:00+00:00,116.91,117.21,114.62,114.62,113.86300573507204,113.86300573507204,0.0,0.0,0,0,0,0
2025-12-22 16:30:00+00:00,114.63,114.67,113.23,113.92,113.72973230525832,113.72973230525831,-1.4210854715202004e-14,-1.2495285469466423e-14,0,0,0,0
2025-12-22 18:30:00+00:00,113.93,114.08,112.85,112.85,113.65001188947691,113.65001188947691,0.0,0.0,0,0,0,0
2025-12-22 20:30:00+00:00,112.81,113.57,112.67,113.27,113.5910571363083,113.5910571363083,0.0,0.0,0,0,0,0
2025-12-23 14:30:00+00:00,112.72,112.9,110.29,111.135,113.52713875297226,113.52713875297226,0.0,0.0,0,0,0,0
2025-12-23 16:30:00+00:00,111.14,112.51,110.91,111.86,113.43953778144686,113.43953778144686,0.0,0.0,0,0,0,0
2025-12-23 18:30:00+00:00,111.815,112.18,111.49,112.075,113.32362621555228,113.32362621555228,0.0,0.0,0,0,0,0
2025-12-23 20:30:00+00:00,112.07,112.4,111.87,111.9809,113.18828189252228,113.18828189252227,-1.4210854715202004e-14,-1.2555058242421147e-14,0,0,0,0
2025-12-24 14:30:00+00:00,112.09,112.32,110.5801,111.135,113.0461820228379,113.0461820228379,0.0,0.0,0,0,0,0
2025-12-24 16:30:00+00:00,111.12,111.84,111.11,111.55,112.90414027401376,112.90414027401376,0.0,0.0,0,0,0,0
2025-12-26 14:30:00+00:00,111.44,111.6,110.1,111.255,112.760093086588,112.76009308658799,-1.4210854715202004e-14,-1.260273411116249e-14,0,0,0,0
2025-12-26 16:30:00+00:00,111.24,111.44,110.88,111.01,112.61123796240068,112.61123796240068,0.0,0.0,0,0,0,0
2025-12-26 18:30:00+00:00,110.97,111.03,110.55,110.82,112.45096064880336,112.45096064880335,-1.4210854715202004e-14,-1.2637379559240988e-14,0,0,0,0
2025-12-26 20:30:00+00:00,110.8,110.953,110.1,110.245,112.28246893952604,112.28246893952605,1.4210854715202004e-14,1.2656343282632836e-14,0,0,0,0
2025-12-29 14:30:00+00:00,108.62,111.29,108.3801,110.37,112.10380465679548,112.10380465679549,1.4210854715202004e-14,1.2676514199235588e-14,0,0,0,0
2025-12-29 16:30:00+00:00,110.39,110.83,109.7,110.195,111.9172846130044,111.9172846130044,0.0,0.0,0,0,0,0
2025-12-29 18:30:00+00:00,110.195,110.89,110.195,110.7,111.72708009857338,111.72708009857338,0.0,0.0,0,0,0,0
2025-12-29 20:30:00+00:00,110.705,110.88,110.26,110.48,111.54158578891204,111.54158578891203,-1.4210854715202004e-14,-1.274040943087852e-14,0,0,0,0
2025-12-30 14:30:00+00:00,111.13,112.0,110.39,111.675,111.37354955507098,111.37354955507098,0.0,0.0,0,0,0,0
2025-12-30 16:30:00+00:00,111.71,112.0,111.25,111.48,111.23125339443136,111.23125339443135,-1.4210854715202004e-14,-1.2775954852193951e-14,0,0,0,0
2025-12-30 18:30:00+00:00,111.45,111.6285,110.74,110.998,111.1253701132547,111.1253701132547,0.0,0.0,0,0,0,0
2025-12-30 20:30:00+00:00,110.9701,111.11,110.7,110.88,111.04630782628384,111.04630782628384,0.0,0.0,0,0,0,0
2025-12-31 14:30:00+00:00,110.665,111.6,110.27,110.5776,110.98336786898244,110.98336786898244,0.0,0.0,0,0,0,0
2025-12-31 16:30:00+00:00,110.6,110.97,110.34,110.67,110.93014324746046,110.93014324746046,0.0,0.0,0,0,0,0
2025-12-31 18:30:00+00:00,110.67,110.73,109.5,109.53,110.8803120288766,110.8803120288766,0.0,0.0,0,0,0,0
2025-12-31 20:30:00+00:00,109.53,110.02,109.29,109.3,110.8236356864786,110.82363568647861,1.4210854715202004e-14,1.282294577972941e-14,0,0,0,0
2026-01-02 14:30:00+00:00,112.82,116.29,112.82,114.82,110.77285990689847,110.77285990689849,1.4210854715202004e-14,1.2828823528746873e-14,0,0,0,0
2026-01-02 16:30:00+00:00,114.88,115.4199,114.52,115.1128,110.76885220100816,110.76885220100817,1.4210854715202004e-14,1.2829287685868666e-14,0,0,0,0
2026-01-02 18:30:00+00:00,115.13,115.81,114.98,115.63,110.86080266059652,110.86080266059653,1.4210854715202004e-14,1.281864678421005e-14,1,0,1,0
2026-01-02 20:30:00+00:00,115.66,115.7,114.6,114.77,111.03275926311882,111.03275926311882,0.0,0.0,0,0,0,0
2026-01-05 14:30:00+00:00,120.36,122.5,119.34,119.72,111.35729367982336,111.35729367982336,0.0,0.0,0,0,0,0
2026-01-05 16:30:00+00:00,119.7373,119.76,116.3,117.1,111.77152943160152,111.77152943160151,-1.4210854715202004e-14,-1.2714199033930479e-14,0,0,0,0
2026-01-05 18:30:00+00:00,117.105,117.63,116.59,116.955,112.25431018598148,112.25431018598148,0.0,0.0,0,0,0,0
2026-01-05 20:30:00+00:00,117.0,117.0,116.03,116.11,112.75914093623533,112.75914093623533,0.0,0.0,0,0,0,0
2026-01-06 14:30:00+00:00,117.51,117.97,115.17,115.72,113.25411922027148,113.25411922027148,0.0,0.0,0,0,0,0
2026-01-06 16:30:00+00:00,115.72,116.0,114.99,115.54,113.71483854556826,113.71483854556826,0.0,0.0,0,0,0,0
2026-01-06 18:30:00+00:00,115.4701,116.1,115.26,115.86,114.13015589741065,114.13015589741065,0.0,0.0,0,0,0,0
2026-01-06 20:30:00+00:00,115.855,116.068,115.47,115.47,114.49666296409892,114.49666296409892,0.0,0.0,0,0,0,0
2026-01-07 14:30:00+00:00,114.93,117.2,113.97,115.72,114.8163223407109,114.8163223407109,0.0,0.0,0,0,0,0
2026-01-07 16:30:00+00:00,115.73,115.96,114.86,114.904,115.09090875065688,115.09090875065687,-1.4210854715202004e-14,-1.2347504133440857e-14,0,0,0,0
2026-01-07 18:30:00+00:00,114.85,117.18,114.6,115.5868,115.3213512417428,115.3213512417428,0.0,0.0,0,0,0,0
2026-01-07 20:30:00+00:00,115.595,115.85,115.2,115.62,115.51241389609892,115.51241389609892,0.0,0.0,0,0,0,0
2026-01-08 14:30:00+00:00,115.82,116.2799,110.553,111.62,115.66473951108398,115.66473951108398,0.0,0.0,0,0,0,0
2026-01-08 16:30:00+00:00,111.62,112.41,111.43,112.33,115.76359072605166,115.76359072605166,0.0,0.0,0,0,0,0
2026-01-08 18:30:00+00:00,112.2993,112.9585,112.09,112.53,115.79289999626822,115.79289999626822,0.0,0.0,0,0,0,0
2026-01-08 20:30:00+00:00,112.56,113.59,112.44,113.13,115.7567913652437,115.7567913652437,0.0,0.0,0,0,0,0
2026-01-09 14:30:00+00:00,113.91,113.98,109.52,111.2,115.66619414652048,115.66619414652047,-1.4210854715202004e-14,-1.2286091731522145e-14,0,1,0,1
2026-01-09 16:30:00+00:00,111.22,111.69,110.835,111.51,115.5236112892481,115.5236112892481,0.0,0.0,0,0,0,0
2026-01-09 18:30:00+00:00,111.545,112.14,111.45,111.68,115.33301537579064,115.33301537579064,0.0,0.0,0,0,0,0
2026-01-09 20:30:00+00:00,111.68,112.26,111.63,111.8,115.10845972172234,115.10845972172234,0.0,0.0,0,0,0,0
2026-01-12 14:30:00+00:00,110.94,111.23,109.25,110.42,114.7713965711408,114.7713965711408,0.0,0.0,0,0,0,0
2026-01-12 16:30:00+00:00,110.42,110.95,110.21,110.705,114.3786758673994,114.37867586739941,1.4210854715202004e-14,1.2424391703639604e-14,0,0,0,0
2026-01-12 18:30:00+00:00,110.72,111.33,110.56,111.21,113.96183655020111,113.96183655020113,1.4210854715202004e-14,1.2469836521932503e-14,0,0,0,0
2026-01-12 20:30:00+00:00,111.19,111.61,111.03,111.06,113.54941030832492,113.54941030832491,-1.4210854715202004e-14,-1.2515128591698312e-14,0,0,0,0
2026-01-13 14:30:00+00:00,108.87,111.75,105.9,107.025,113.1344704713931,113.1344704713931,0.0,0.0,0,0,0,0
2026-01-13 16:30:00+00:00,107.0,107.87,106.7,107.12,112.6823653897341,112.6823653897341,0.0,0.0,0,0,0,0
2026-01-13 18:30:00+00:00,107.12,107.85,106.9,107.06,112.16616718370288,112.16616718370288,0.0,0.0,0,0,0,0
2026-01-13 20:30:00+00:00,107.06,107.86,106.96,107.84,111.60535410039463,111.60535410039463,0.0,0.0,0,0,0,0
2026-01-14 14:30:00+00:00,106.37,106.49,102.01,103.9585,110.9888272335113,110.9888272335113,0.0,0.0,0,0,0,0
2026-01-14 16:30:00+00:00,103.94,104.2077,103.42,103.81,110.3028339441844,110.30283394418439,-1.4210854715202004e-14,-1.2883490121743382e-14,0,0,0,0
2026-01-14 18:30:00+00:00,103.86,104.49,103.402,104.03,109.53141132040874,109.53141132040874,0.0,0.0,0,0,0,0
2026-01-14 20:30:00+00:00,104.0,105.09,104.0,105.04,108.73920530055898,108.73920530055898,0.0,0.0,0,0,0,0
2026-01-15 14:30:00+00:00,108.13,108.885,106.955,107.68,108.01808413121698,108.01808413121698,0.0,0.0,0,0,0,0
2026-01-15 16:30:00+00:00,107.675,108.01,105.71,106.36,107.40085498772272,107.40085498772271,-1.4210854715202004e-14,-1.3231602967058766e-14,0,0,0,0
2026-01-15 18:30:00+00:00,106.36,106.55,105.3,105.46,106.89783652851904,106.89783652851904,0.0,0.0,0,0,0,0
2026-01-15 20:30:00+00:00,105.39,105.5933,104.95,105.14,106.48855922192594,106.48855922192594,0.0,0.0,0,0,0,0
2026-01-16 14:30:00+00:00,106.51,107.96,105.19,106.7232,106.14512624507948,106.14512624507947,-1.4210854715202004e-14,-1.3388136806574075e-14,0,0,0,0
2026-01-16 16:30:00+00:00,106.74,107.73,106.37,107.56,105.8656638391932,105.86566383919319,-1.4210854715202004e-14,-1.3423478585831069e-14,0,0,0,0
2026-01-16 18:30:00+00:00,107.535,107.67,106.28,106.55,105.65895710028047,105.65895710028049,1.4210854715202004e-14,1.3449739714650543e-14,0,0,0,0
2026-01-16 20:30:00+00:00,106.55,106.55,105.62,105.73,105.51909596511037,105.51909596511037,0.0,0.0,0,0,0,0
2026-01-20 14:30:00+00:00,104.85,110.74,104.41,108.97,105.42479420509596,105.42479420509596,0.0,0.0,0,0,0,0
2026-01-20 16:30:00+00:00,108.92,109.41,108.02,108.285,105.37772604294288,105.37772604294288,0.0,0.0,0,0,0,0
2026-01-20 18:30:00+00:00,108.29,108.45,106.73,107.23,105.38703313580484,105.38703313580484,0.0,0.0,0,0,0,0
2026-01-20 20:30:00+00:00,107.21,107.43,106.91,107.13,105.44060319558776,105.44060319558776,0.0,0.0,0,0,0,0
2026-01-21 14:30:00+00:00,111.075,117.28,111.075,116.47,105.55266868846812,105.55266868846812,0.0,0.0,1,0,1,0
2026-01-21 16:30:00+00:00,116.46,116.5,111.8001,112.32,105.7613143211768,105.76131432117681,1.4210854715202004e-14,1.3436722875858339e-14,0,0,0,0
2026-01-21 18:30:00+00:00,112.31,116.3299,112.3,114.92,106.0953194792796,106.09531947927961,1.4210854715202004e-14,1.3394421907535123e-14,0,0,0,0
2026-01-21 20:30:00+00:00,114.9002,114.9002,113.58,113.87,106.53209300783968,106.53209300783968,0.0,0.0,0,0,0,0
2026-01-22 14:30:00+00:00,120.705,123.5,118.9001,119.35,107.16193884390827,107.16193884390827,0.0,0.0,0,0,0,0
2026-01-22 16:30:00+00:00,119.355,121.29,119.31,121.05,108.01746769193642,108.01746769193642,0.0,0.0,0,0,0,0
2026-01-22 18:30:00+00:00,121.0699,121.38,118.955,120.0475,109.0670565442162,109.06705654421619,-1.4210854715202004e-14,-1.3029465693374489e-14,0,0,0,0
2026-01-22 20:30:00+00:00,120.02,120.14,118.65,119.2,110.21385768634728,110.21385768634727,-1.4210854715202004e-14,-1.2893891034686439e-14,0,0,0,0
2026-01-23 14:30:00+00:00,120.88,121.85,114.58,116.53,111.35017865488078,111.35017865488078,0.0,0.0,0,0,0,0
2026-01-23 16:30:00+00:00,116.56,117.35,115.71,116.47,112.41855982501316,112.41855982501315,-1.4210854715202004e-14,-1.2641021853795432e-14,0,0,0,0
2026-01-23 18:30:00+00:00,116.46,116.58,114.97,115.17,113.37411826067913,113.37411826067911,-1.4210854715202004e-14,-1.2534478709265225e-14,0,0,0,0
2026-01-23 20:30:00+00:00,115.185,116.24,115.085,116.06,114.19315131332408,114.19315131332408,0.0,0.0,0,0,0,0
2026-01-26 14:30:00+00:00,116.35,116.4399,114.06,114.71,114.87919777455514,114.87919777455514,0.0,0.0,0,0,0,0
2026-01-26 16:30:00+00:00,114.75,115.38,114.2,114.5201,115.43879330842898,115.43879330842898,0.0,0.0,0,0,0,0
2026-01-26 18:30:00+00:00,114.49,115.12,114.38,114.45,115.8745228010105,115.8745228010105,0.0,0.0,0,0,0,0
2026-01-26 20:30:00+00:00,114.45,115.03,114.43,114.73,116.19409302094624,116.19409302094624,0.0,0.0,0,0,0,0
2026-01-27 14:30:00+00:00,116.28,117.39,114.235,116.52,116.42114259975912,116.42114259975912,0.0,0.0,0,0,0,0
2026-01-27 16:30:00+00:00,116.51,116.9,115.14,115.98,116.58161335036291,116.58161335036293,1.4210854715202004e-14,1.2189619191916737e-14,0,0,0,0
2026-01-27 18:30:00+00:00,116.0,116.1156,115.5201,115.555,116.69293792677448,116.69293792677448,0.0,0.0,0,0,0,0
2026-01-27 20:30:00+00:00,115.52,115.5499,114.55,114.94,116.76040006088571,116.76040006088573,1.4210854715202004e-14,1.2170954114401486e-14,0,0,0,0
2026-01-28 14:30:00+00:00,115.0,115.78,109.2929,109.56,116.77971030573316,116.77971030573315,-1.4210854715202004e-14,-1.2168941572125426e-14,0,0,0,0
2026-01-28 16:30:00+00:00,109.515,110.225,109.1,110.18,116.72234812265216,116.72234812265215,-1.4210854715202004e-14,-1.217492189265178e-14,0,1,0,1
2026-01-28 18:30:00+00:00,110.2,110.69,109.06,109.5,116.55669180971668,116.55669180971668,0.0,0.0,0,0,0,0
2026-01-28 20:30:00+00:00,109.47,110.17,109.45,109.96,116.29202508027252,116.29202508027252,0.0,0.0,0,0,0,0
2026-01-29 14:30:00+00:00,110.05,110.4,104.11,105.93,115.64000478572449,115.64000478572449,0.0,0.0,0,0,0,0
2026-01-29 16:30:00+00:00,105.925,107.79,105.54,107.67,114.73000014813633,114.73000014813636,2.842170943040401e-14,2.4772691879810556e-14,0,0,0,0
2026-01-29 18:30:00+00:00,107.65,107.67,106.495,106.585,113.64438470949584,113.64438470949587,2.842170943040401e-14,2.5009339003468743e-14,0,0,0,0
2026-01-29 20:30:00+00:00,106.61,108.54,106.585,108.43,112.55816155936115,112.55816155936118,2.842170943040401e-14,2.5250687321696265e-14,0,0,0,0
2026-01-30 14:30:00+00:00,107.09,108.0,106.0028,106.64,111.53147611321944,111.53147611321941,-2.842170943040401e-14,-2.5483128548887983e-14,0,0,0,0
2026-01-30 16:30:00+00:00,106.61,107.24,105.845,106.51,110.59522835466996,110.59522835466991,-4.263256414560601e-14,-3.854828529209852e-14,0,0,0,0
2026-01-30 18:30:00+00:00,106.56,106.56,105.03,105.12,109.74319179270232,109.74319179270228,-4.263256414560601e-14,-3.884757081435733e-14,0,0,0,0
2026-01-30 20:30:00+00:00,105.05,105.88,105.05,105.37,108.95761208086827,108.95761208086823,-4.263256414560601e-14,-3.912766013444214e-14,0,0,0,0
2026-02-02 14:30:00+00:00,104.58,108.0,104.01,107.07,108.25156433248246,108.25156433248237,-8.526512829121202e-14,-7.876572391076937e-14,0,0,0,0
2026-02-02 16:30:00+00:00,107.08,108.12,106.675,107.81,107.6432236275638,107.64322362756369,-1.1368683772161603e-13,-1.0561448634701113e-13,0,0,0,0
2026-02-02 18:30:00+00:00,107.775,107.905,105.8,106.47,107.1491747916568,107.14917479165665,-1.5631940186722204e-13,-1.458895060752198e-13,0,0,0,0
2026-02-02 20:30:00+00:00,106.423,107.0,106.2,106.96,106.76402974263532,106.76402974263515,-1.7053025658242404e-13,-1.5972632074070563e-13,0,0,0,0
2026-02-03 14:30:00+00:00,108.0,109.36,103.74,103.785,106.47684640890031,106.47684640890013,-1.8474111129762605e-13,-1.7350355267676646e-13,0,0,0,0
2026-02-03 16:30:00+00:00,103.74,104.65,102.49,102.72,106.23616612273636,106.2361661227362,-1.7053025658242404e-13,-1.6051996491045023e-13,0,0,0,0
2026-02-03 18:30:00+00:00,102.7372,103.31,101.57,103.21,105.97261870900805,105.97261870900789,-1.5631940186722204e-13,-1.4750923754791986e-13,0,0,0,0
2026-02-03 20:30:00+00:00,103.24,104.73,103.24,104.53,105.68079814949968,105.68079814949955,-1.2789769243681803e-13,-1.2102264051402182e-13,0,0,0,0
2026-02-04 14:30:00+00:00,105.0,106.85,103.0,105.6,105.40013612510654,105.40013612510643,-1.1368683772161603e-13,-1.0786213557321543e-13,0,0,0,0
2026-02-04 16:30:00+00:00,105.6,105.8099,103.5,105.33,105.15482869012392,105.15482869012382,-9.947598300641403e-14,-9.459953883768417e-14,0,0,0,0
2026-02-04 18:30:00+00:00,105.335,108.185,104.6,107.68,104.9558890062184,104.95588900621833,-7.105427357601002e-14,-6.769917748188499e-14,0,0,0,0
2026-02-04 20:30:00+00:00,107.72,107.79,104.88,104.931,104.81277984484642,104.81277984484636,-5.684341886080802e-14,-5.423329001000919e-14,0,0,0,0
2026-02-05 14:30:00+00:00,104.48,110.7,100.02,109.8953,104.71479421889276,104.71479421889273,-2.842170943040401e-14,-2.7142019083752473e-14,0,0,0,0
2026-02-05 16:30:00+00:00,109.94,113.55,109.5,113.205,104.69019061371104,104.69019061371104,0.0,0.0,0,0,0,0
2026-02-05 18:30:00+00:00,113.16,115.1,112.0,112.21,104.78151671922411,104.78151671922413,1.4210854715202004e-14,1.3562367829892998e-14,0,0,0,0
2026-02-05 20:30:00+00:00,112.27,112.49,110.03,110.88,104.98306653396732,104.98306653396735,2.842170943040401e-14,2.7072660733536634e-14,0,0,0,0
2026-02-06 14:30:00+00:00,112.59,121.81,112.53,121.5605,105.35413434867615,105.35413434867618,2.842170943040401e-14,2.697730811051094e-14,1,0,1,0
2026-02-06 16:30:00+00:00,121.59,122.49,121.2111,121.7,105.96759271485328,105.96759271485331,2.842170943040401e-14,2.68211334260311e-14,0,0,0,0
2026-02-06 18:30:00+00:00,121.7,124.31,121.57,123.47,106.90587735207454,106.90587735207458,4.263256414560601e-14,3.9878597137558324e-14,0,0,0,0
2026-02-06 20:30:00+00:00,123.39,124.11,123.2701,123.75,108.1682199030978,108.16821990309788,7.105427357601002e-14,6.568867791266583e-14,0,0,0,0
2026-02-09 14:30:00+00:00,120.25,124.0,118.25,123.75,109.59558457130451,109.59558457130463,1.1368683772161603e-13,1.0373304560244366e-13,0,0,0,0
2026-02-09 16:30:00+00:00,123.81,124.78,123.4,124.435,111.10373023270208,111.10373023270223,1.5631940186722204e-13,1.40696807874783e-13,0,0,0,0
2026-02-09 18:30:00+00:00,124.46,125.245,123.68,123.845,112.64863549655917,112.64863549655932,1.5631940186722204e-13,1.3876723954814064e-13,0,0,0,0
2026-02-09 20:30:00+00:00,123.82,124.99,123.7,124.59,114.19024748162894,114.19024748162913,1.8474111129762605e-13,1.617836158270411e-13,0,0,0,0
2026-02-10 14:30:00+00:00,124.37,130.9,124.25,130.252,115.76116554584948,115.76116554584965,1.7053025658242404e-13,1.4731214546633276e-13,0,0,0,0
2026-02-10 16:30:00+00:00,130.23,130.78,128.61,128.74,117.45208711997196,117.45208711997212,1.5631940186722204e-13,1.330920596647626e-13,0,0,0,0
2026-02-10 18:30:00+00:00,128.725,128.89,125.375,125.5,119.13108386440288,119.13108386440302,1.4210854715202004e-13,1.1928754657665209e-13,0,0,0,0
2026-02-10 20:30:00+00:00,125.46,126.97,125.31,125.98,120.706040912057,120.70604091205713,1.2789769243681803e-13,1.0595798807617313e-13,0,0,0,0
2026-02-11 14:30:00+00:00,127.51,129.54,125.375,127.405,122.11125338026162,122.11125338026177,1.5631940186722204e-13,1.2801391971666548e-13,0,0,0,0
2026-02-11 16:30:00+00:00,127.405,127.9999,125.7,126.33,123.33165571532872,123.33165571532886,1.4210854715202004e-13,1.152247136615369e-13,0,0,0,0
2026-02-11 18:30:00+00:00,126.3,126.42,125.3,125.36,124.36900098452618,124.36900098452632,1.4210854715202004e-13,1.1426363967472971e-13,0,0,0,0
2026-02-11 20:30:00+00:00,125.35,125.72,125.16,125.2,125.21336140075604,125.21336140075617,1.2789769243681803e-13,1.0214380558594746e-13,0,0,0,0
2026-02-12 14:30:00+00:00,125.28,128.24,122.3601,122.53,125.86994499156653,125.86994499156667,1.4210854715202004e-13,1.1290109577909288e-13,0,0,0,0
2026-02-12 16:30:00+00:00,122.64,123.16,121.55,121.9425,126.36408957720008,126.36408957720025,1.7053025658242404e-13,1.3495151759728493e-13,0,0,0,0
2026-02-12 18:30:00+00:00,121.8,122.66,120.88,120.935,126.692292706428,126.69229270642819,1.8474111129762605e-13,1.4581874504845297e-13,0,0,0,0
2026-02-12 20:30:00+00:00,120.97,122.64,120.82,122.14,126.8375732149606,126.83757321496081,2.1316282072803006e-13,1.6805968083823865e-13,0,0,0,0
2026-02-13 14:30:00+00:00,120.2,125.52,119.7,124.37,126.8649379189596,126.86493791895982,2.2737367544323206e-13,1.7922499247859697e-13,0,0,0,0
2026-02-13 16:30:00+00:00,124.42,127.42,123.93,126.17,126.81795603603692,126.81795603603716,2.4158453015843406e-13,1.9049710128570816e-13,0,0,0,0
2026-02-13 18:30:00+00:00,126.23,126.7299,124.8201,124.89,126.7415989405976,126.74159894059785,2.5579538487363607e-13,2.0182433156261863e-13,0,0,0,0
2026-02-13 20:30:00+00:00,124.92,125.44,124.72,125.34,126.65745735229171,126.65745735229196,2.4158453015843406e-13,1.9073849673649942e-13,0,0,0,0
2026-02-17 14:30:00+00:00,124.5,125.83,120.58,124.18,126.56464146095472,126.56464146095492,1.9895196601282805e-13,1.5719395537039063e-13,0,0,0,0
2026-02-17 16:30:00+00:00,124.2,125.59,123.65,125.345,126.4570455664145,126.45704556641465,1.5631940186722204e-13,1.2361462437071092e-13,0,0,0,0
2026-02-17 18:30:00+00:00,125.345,127.0,125.24,126.335,126.33854934921752,126.33854934921763,1.1368683772161603e-13,8.998586599832615e-14,0,0,0,0
2026-02-17 20:30:00+00:00,126.335,126.93,125.68,126.92,126.22687458882848,126.22687458882854,5.684341886080802e-14,4.5032738904428887e-14,0,0,0,0
2026-02-18 14:30:00+00:00,128.6,130.4,127.2,129.13,126.1399442335572,126.13994423355722,1.4210854715202004e-14,1.1265943394496496e-14,0,0,0,0
2026-02-18 16:30:00+00:00,129.13,129.9,128.52,128.73,126.09449552678934,126.09449552678932,-2.842170943040401e-14,-2.254000804052996e-14,0,0,0,0
2026-02-18 18:30:00+00:00,128.74,128.91,126.0,126.23,126.09322314365276,126.0932231436527,-7.105427357601002e-14,-5.6350588718840856e-14,0,0,0,0
2026-02-18 20:30:00+00:00,126.23,127.3,126.11,127.255,126.12029672162674,126.12029672162663,-1.1368683772161603e-13,-9.014158757693546e-14,0,0,0,0
2026-02-19 14:30:00+00:00,126.02,126.09,122.65,124.18,126.15408475750208,126.15408475750195,-1.2789769243681803e-13,-1.0138212542437099e-13,0,0,0,0
2026-02-19 16:30:00+00:00,124.24,125.39,124.06,125.03,126.17096549763802,126.17096549763787,-1.5631940186722204e-13,-1.2389490819117842e-13,0,0,0,0
2026-02-19 18:30:00+00:00,125.07,126.09,124.87,125.8115,126.16632326103915,126.166323261039,-1.5631940186722204e-13,-1.2389946685201877e-13,0,0,0,0
2026-02-19 20:30:00+00:00,125.79,126.97,125.77,126.94,126.1484826493018,126.14848264930161,-1.8474111129762605e-13,-1.4644735110386882e-13,0,0,0,0
2026-02-20 14:30:00+00:00,125.215,130.0,125.05,128.43,126.13519880702216,126.13519880702196,-1.9895196601282805e-13,-1.5772914134555758e-13,0,0,0,0
2026-02-20 16:30:00+00:00,128.3,128.75,127.3,128.03,126.1492869948452,126.14928699484501,-1.8474111129762605e-13,-1.4644641733502231e-13,0,0,0,0
2026-02-20 18:30:00+00:00,128.06,128.34,125.49,125.81,126.1910623943606,126.19106239436037,-2.2737367544323206e-13,-1.8018207559951031e-13,0,0,0,0
2026-02-20 20:30:00+00:00,125.78,125.81,124.96,125.66,126.2413969372098,126.24139693720956,-2.4158453015843406e-13,-1.9136712363741816e-13,0,0,0,0
2026-02-23 14:30:00+00:00,123.705,126.71,122.5,123.99,126.27840626451682,126.27840626451656,-2.5579538487363607e-13,-2.0256462877573746e-13,0,0,0,0
2026-02-23 16:30:00+00:00,123.89,124.0,122.291,123.225,126.28249599939906,126.2824959993988,-2.5579538487363607e-13,-2.0255806859792611e-13,0,0,0,0
2026-02-23 18:30:00+00:00,123.33,123.33,121.91,122.67,126.23882414578328,126.238824145783,-2.8421709430404007e-13,-2.2514238090163145e-13,0,0,0,0
2026-02-23 20:30:00+00:00,122.65,123.85,122.59,123.83,126.15016649912448,126.1501664991242,-2.8421709430404007e-13,-2.2530060973483743e-13,0,0,0,0
2026-02-24 14:30:00+00:00,124.67,131.39,124.0,128.84,126.03447898633031,126.03447898633004,-2.7000623958883807e-13,-2.1423204329517078e-13,0,0,0,0
2026-02-24 16:30:00+00:00,128.84,129.04,127.87,128.885,125.93972626083092,125.93972626083064,-2.8421709430404007e-13,-2.2567707802969529e-13,0,0,0,0
2026-02-24 18:30:00+00:00,128.89,129.05,128.0,128.1951,125.8943216012406,125.89432160124035,-2.5579538487363607e-13,-2.0318262302873825e-13,0,0,0,0
2026-02-24 20:30:00+00:00,128.24,128.69,127.865,128.065,125.90042700378,125.90042700377975,-2.4158453015843406e-13,-1.918853938050431e-13,0,0,0,0
2026-02-25 14:30:00+00:00,128.35,131.97,128.35,131.2,125.95155310850984,125.95155310850959,-2.5579538487363607e-13,-2.0309029826195403e-13,0,0,0,0
2026-02-25 16:30:00+00:00,131.22,133.28,131.0,133.1107,126.06355331679522,126.063553316795,-2.2737367544323206e-13,-1.8036432375648377e-13,0,0,0,0
2026-02-25 18:30:00+00:00,133.145,133.2,131.42,131.7,126.26119215279616,126.26119215279594,-2.1316282072803006e-13,-1.6882687157750665e-13,0,0,0,0
2026-02-25 20:30:00+00:00,131.685,132.16,131.295,131.66,126.53420315914002,126.53420315913984,-1.8474111129762605e-13,-1.460009283539567e-13,0,0,0,0
2026-02-26 14:30:00+00:00,131.94,134.25,126.67,129.215,126.86406375975884,126.86406375975868,-1.5631940186722204e-13,-1.2321803135933156e-13,0,0,0,0
2026-02-26 16:30:00+00:00,129.215,129.215,126.66,126.94,127.19688550408355,127.1968855040834,-1.5631940186722204e-13,-1.2289562063389007e-13,0,0,0,0
2026-02-26 18:30:00+00:00,127.01,128.46,126.88,127.93,127.49851730834548,127.49851730834533,-1.5631940186722204e-13,-1.2260487821138768e-13,0,0,0,0
2026-02-26 20:30:00+00:00,127.97,129.39,127.93,129.32,127.7563612587066,127.75636125870646,-1.4210854715202004e-13,-1.1123402838959249e-13,0,0,0,0
2026-02-27 14:30:00+00:00,126.145,128.89,126.145,126.76,127.97497448506432,127.97497448506422,-9.947598300641403e-14,-7.773080901690169e-14,0,0,0,0
2026-02-27 16:30:00+00:00,126.7,127.56,126.31,127.06,128.1528646664246,128.15286466642453,-5.684341886080802e-14,-4.435594866237954e-14,0,0,0,0
2026-02-27 18:30:00+00:00,127.02,127.1599,126.01,126.81,128.28791738596996,128.28791738596996,0.0,0.0,0,0,0,0
2026-02-27 20:30:00+00:00,126.84,127.58,126.39,127.43,128.37686594063717,128.37686594063717,0.0,0.0,0,0,0,0
2026-03-02 14:30:00+00:00,123.32,125.84,121.74,122.16,128.41810019436485,128.4181001943649,5.684341886080802e-14,4.426433561528609e-14,0,0,0,0
2026-03-02 16:30:00+00:00,122.17,124.7599,121.64,123.61,128.40112082700327,128.40112082700335,8.526512829121202e-14,6.640528349132637e-14,0,0,0,0
2026-03-02 18:30:00+00:00,123.66,125.07,122.87,123.73,128.31358331463497,128.3135833146351,1.4210854715202004e-13,1.1075097700573036e-13,0,0,0,0
2026-03-02 20:30:00+00:00,123.7,124.55,123.62,124.46,128.16963841673152,128.1696384167317,1.7053025658242404e-13,1.330504312011562e-13,0,1,0,1
2026-03-03 14:30:00+00:00,119.52,120.33,116.39,118.835,127.91791274027996,127.91791274028016,1.9895196601282805e-13,1.555309665009725e-13,0,0,0,0
2026-03-03 16:30:00+00:00,118.835,121.41,118.52,120.835,127.56168249538597,127.56168249538615,1.8474111129762605e-13,1.448249252312177e-13,0,0,0,0
2026-03-03 18:30:00+00:00,120.835,122.0,120.66,121.805,127.1196227074522,127.11962270745241,2.1316282072803006e-13,1.676867946804673e-13,0,0,0,0
2026-03-03 20:30:00+00:00,121.77,122.15,121.06,121.81,126.62835965489396,126.62835965489418,2.2737367544323206e-13,1.7955983640860854e-13,0,0,0,0
2026-03-04 14:30:00+00:00,122.91,127.4,121.74,124.03,126.13414331031416,126.13414331031437,2.1316282072803006e-13,1.6899692274724431e-13,0,0,0,0
2026-03-04 16:30:00+00:00,123.99,125.11,123.91,124.3501,125.67394829745224,125.67394829745244,1.9895196601282805e-13,1.583080413308391e-13,0,0,0,0
2026-03-04 18:30:00+00:00,124.45,125.57,124.36,124.59,125.2757409568022,125.27574095680242,2.2737367544323206e-13,1.814985676449804e-13,0,0,0,0
2026-03-04 20:30:00+00:00,124.58,124.6099,124.02,124.1,124.94378914091904,124.94378914091926,2.2737367544323206e-13,1.819807747200515e-13,0,0,0,0
2026-03-05 14:30:00+00:00,123.09,124.35,119.6415,120.44,124.66003064332912,124.6600306433293,1.8474111129762605e-13,1.48195945680615e-13,0,0,0,0
2026-03-05 16:30:00+00:00,120.43,121.67,118.77,118.9736,124.38348315947005,124.38348315947022,1.7053025658242404e-13,1.371004029239075e-13,0,0,0,0
2026-03-05 18:30:00+00:00,119.045,120.23,118.99,119.88,124.07836989618744,124.07836989618758,1.4210854715202004e-13,1.145312815367561e-13,0,0,0,0
2026-03-05 20:30:00+00:00,119.87,120.69,119.57,120.651,123.73459849252686,123.73459849252697,1.1368683772161603e-13,9.187958671760052e-14,0,0,0,0
2026-03-06 14:30:00+00:00,118.125,119.27,116.745,117.43,123.3561189447079,123.35611894470799,8.526512829121202e-14,6.91211178015665e-14,0,0,0,0
2026-03-06 16:30:00+00:00,117.48,118.525,115.8,115.9272,122.93620223234696,122.93620223234701,5.684341886080802e-14,4.6238144524242816e-14,0,0,0,0
2026-03-06 18:30:00+00:00,115.84,116.5603,113.61,113.67,122.4435452376182,122.44354523761824,4.263256414560601e-14,3.481813930074613e-14,0,0,0,0
2026-03-06 20:30:00+00:00,113.62,114.7,113.51,114.43,121.8558956263116,121.85589562631165,5.684341886080802e-14,4.664806620036377e-14,0,0,0,0
2026-03-09 13:30:00+00:00,112.55,114.38,111.2601,114.3,121.19373152350444,121.19373152350447,2.842170943040401e-14,2.3451468217967918e-14,0,0,0,0
2026-03-09 15:30:00+00:00,114.13,115.3,113.68,114.365,120.4896754224817,120.48967542248172,2.842170943040401e-14,2.358850194487362e-14,0,0,0,0
2026-03-09 17:30:00+00:00,114.41,117.81,113.81,117.65,119.79170921331342,119.79170921331347,4.263256414560601e-14,3.558891047266893e-14,0,0,0,0
2026-03-09 19:30:00+00:00,117.6,118.14,117.18,117.63,119.14301951940932,119.14301951940938,5.684341886080802e-14,4.7710238577214997e-14,0,0,0,0
2026-03-10 13:30:00+00:00,117.0,121.2,116.99,120.825,118.57521369011042,118.57521369011049,7.105427357601002e-14,5.992337805243711e-14,0,0,0,0
2026-03-10 15:30:00+00:00,120.825,123.605,120.475,123.575,118.11646095939702,118.1164609593971,8.526512829121202e-14,7.218733747917002e-14,0,0,0,0
2026-03-10 17:30:00+00:00,123.575,123.585,120.825,121.02,117.77618542185796,117.77618542185807,1.1368683772161603e-13,9.652786538671256e-14,0,0,0,0
2026-03-10 19:30:00+00:00,120.93,121.24,120.09,120.56,117.55314480992044,117.55314480992058,1.4210854715202004e-13,1.2088876684822415e-13,0,0,0,0
2026-03-11 13:30:00+00:00,120.83,123.2,120.26,120.54,117.43560762179376,117.43560762179393,1.7053025658242404e-13,1.4521171221902627e-13,0,0,0,0
2026-03-11 15:30:00+00:00,120.5521,121.2,119.83,120.67,117.4035236803379,117.40352368033807,1.7053025658242404e-13,1.4525139556010065e-13,0,0,0,0
2026-03-11 17:30:00+00:00,120.67,120.73,119.33,119.66,117.44087243359496,117.44087243359513,1.7053025658242404e-13,1.4520520245525904e-13,0,0,0,0
2026-03-11 19:30:00+00:00,119.6775,120.37,119.65,120.06,117.52308859461152,117.52308859461169,1.7053025658242404e-13,1.4510362059208417e-13,0,0,0,0
2026-03-12 13:30:00+00:00,118.43,119.25,114.46,115.375,117.62630713205868,117.62630713205887,1.8474111129762605e-13,1.5705764790372768e-13,0,0,0,0
2026-03-12 15:30:00+00:00,115.34,116.3,114.88,115.14,117.71260514323797,117.71260514323814,1.7053025658242404e-13,1.4487000468209432e-13,0,0,0,0
2026-03-12 17:30:00+00:00,115.145,115.53,114.455,114.8,117.75199395169297,117.75199395169314,1.7053025658242404e-13,1.4482154472253185e-13,0,0,0,0
2026-03-12 19:30:00+00:00,114.785,115.39,114.68,115.09,117.7334612388436,117.73346123884376,1.5631940186722204e-13,1.3277397965061087e-13,0,0,0,0
2026-03-13 13:30:00+00:00,115.76,118.06,115.5,115.99,117.67762009089978,117.67762009089995,1.7053025658242404e-13,1.4491307391388302e-13,0,0,0,0
2026-03-13 15:30:00+00:00,116.08,116.25,115.26,115.9225,117.60115391205068,117.60115391205086,1.8474111129762605e-13,1.5709124030856598e-13,0,0,0,0
2026-03-13 17:30:00+00:00,115.93,116.355,115.05,115.62,117.51185469261178,117.51185469261195,1.7053025658242404e-13,1.451174922125926e-13,0,0,0,0
2026-03-13 19:30:00+00:00,115.62,115.87,115.33,115.77,117.41146656526575,117.41146656526593,1.7053025658242404e-13,1.452415693041625e-13,0,0,0,0
2026-03-16 13:30:00+00:00,119.03,121.365,118.375,120.58,117.309877548094,117.30987754809418,1.8474111129762605e-13,1.574812924187795e-13,0,0,0,0
2026-03-16 15:30:00+00:00,120.65,121.93,120.52,121.58,117.25100791578336,117.25100791578355,1.8474111129762605e-13,1.5756036095682698e-13,0,0,0,0
2026-03-16 17:30:00+00:00,121.54,123.4392,121.31,121.72,117.27035724270878,117.270357242709,2.1316282072803006e-13,1.8177041985713173e-13,0,0,0,0
2026-03-16 19:30:00+00:00,121.73,122.24,121.1,121.61,117.36891167805123,117.3689116780515,2.7000623958883807e-13,2.300491976354681e-13,0,0,0,0
2026-03-17 13:30:00+00:00,125.17,128.7999,124.8,126.02,117.56198537259884,117.5619853725991,2.5579538487363607e-13,2.1758341700586527e-13,0,0,0,0
2026-03-17 15:30:00+00:00,125.95,127.08,125.055,126.505,117.84376034724274,117.843760347243,2.7000623958883807e-13,2.291222197876475e-13,1,0,1,0
2026-03-17 17:30:00+00:00,126.505,127.46,126.22,126.81,118.2315881359908,118.23158813599106,2.5579538487363607e-13,2.1635113670250154e-13,0,0,0,0
2026-03-17 19:30:00+00:00,126.81,127.82,126.32,127.32,118.7309544634014,118.73095446340163,2.2737367544323206e-13,1.9150328275455714e-13,0,0,0,0
2026-03-18 13:30:00+00:00,127.91,130.88,127.205,128.32,119.32836691496004,119.32836691496023,1.8474111129762605e-13,1.5481743031753945e-13,0,0,0,0
2026-03-18 15:30:00+00:00,128.285,129.4399,128.23,129.3745,120.02411827140294,120.02411827140311,1.7053025658242404e-13,1.420799911204636e-13,0,0,0,0
2026-03-18 17:30:00+00:00,129.31,129.86,127.8459,128.097,120.79449715307052,120.79449715307067,1.4210854715202004e-13,1.1764488490890476e-13,0,0,0,0
2026-03-18 19:30:00+00:00,128.13,128.85,128.1201,128.34,121.60497296850488,121.604972968505,1.1368683772161603e-13,9.348864190863345e-14,0,0,0,0
2026-03-19 13:30:00+00:00,125.0,129.64,124.5,127.7724,122.45573527741251,122.45573527741263,1.1368683772161603e-13,9.283912873828952e-14,0,0,0,0
2026-03-19 15:30:00+00:00,127.71,128.4469,127.2275,128.05,123.301589912095,123.30158991209512,1.2789769243681803e-13,1.0372752900266715e-13,0,0,0,0
2026-03-19 17:30:00+00:00,128.02,130.725,127.61,129.79,124.13208765650336,124.13208765650349,1.2789769243681803e-13,1.03033546644873e-13,0,0,0,0
2026-03-19 19:30:00+00:00,129.79,130.43,129.33,129.8,124.9485283836964,124.94852838369653,1.2789769243681803e-13,1.0236030315144267e-13,0,0,0,0
2026-03-20 13:30:00+00:00,136.87,139.95,132.74,134.495,125.8267165547025,125.82671655470263,1.2789769243681803e-13,1.0164589519525069e-13,0,0,0,0
2026-03-20 15:30:00+00:00,134.425,136.13,133.9467,134.08,126.8249472224786,126.82494722247874,1.4210854715202004e-13,1.1205094128896476e-13,0,0,0,0
2026-03-20 17:30:00+00:00,134.06,134.49,131.7001,132.3,127.86629234110444,127.86629234110455,1.1368683772161603e-13,8.891071731268913e-14,0,0,0,0
2026-03-20 19:30:00+00:00,132.35,132.61,131.423,132.43,128.86592768867038,128.86592768867052,1.4210854715202004e-13,1.1027627682574306e-13,0,0,0,0
2026-03-23 13:30:00+00:00,133.43,138.47,133.12,137.02,129.78084861843888,129.78084861843905,1.7053025658242404e-13,1.3139862961120722e-13,0,0,0,0
2026-03-23 15:30:00+00:00,137.02,137.3899,133.86,134.915,130.62765729852697,130.62765729852714,1.7053025658242404e-13,1.3054682301521076e-13,0,0,0,0
2026-03-23 17:30:00+00:00,134.98,138.845,134.98,138.325,131.43764584518533,131.43764584518547,1.4210854715202004e-13,1.0811860349309931e-13,0,0,0,0
2026-03-23 19:30:00+00:00,138.3014,138.54,136.86,136.881,132.23229118324952,132.23229118324963,1.1368683772161603e-13,8.597509481558258e-14,0,0,0,0
2026-03-24 13:30:00+00:00,136.11,138.5,134.39,138.275,132.99180405851416,132.99180405851428,1.1368683772161603e-13,8.548409319389015e-14,0,0,0,0
2026-03-24 15:30:00+00:00,138.275,140.58,135.7303,138.6027,133.71470515548933,133.7147051554894,8.526512829121202e-14,6.376645574775189e-14,0,0,0,0
2026-03-24 17:30:00+00:00,138.555,140.5,133.01,134.58,134.3786069881216,134.37860698812167,8.526512829121202e-14,6.345141552088649e-14,0,0,0,0
2026-03-24 19:30:00+00:00,134.525,135.18,133.295,135.02,134.96118599893612,134.96118599893617,5.684341886080802e-14,4.2118345685889354e-14,0,0,0,0
2026-03-25 13:30:00+00:00,148.255,164.2,148.25,162.02,135.5611271342732,135.56112713427322,2.842170943040401e-14,2.0965973086261174e-14,0,0,0,0
2026-03-25 15:30:00+00:00,162.0034,166.69,159.1801,159.875,136.5637747496795,136.5637747496795,0.0,0.0,0,0,0,0
2026-03-25 17:30:00+00:00,159.92,161.1,156.79,157.62,138.0707310196081,138.07073101960805,-5.684341886080802e-14,-4.11697819233936e-14,0,0,0,0
2026-03-25 19:30:00+00:00,157.8,158.3,156.93,157.01,139.9529797467871,139.95297974678698,-1.1368683772161603e-13,-8.123216663718512e-14,0,0,0,0
2026-03-26 13:30:00+00:00,157.09,163.53,156.57,159.365,142.0562690655192,142.0562690655191,-8.526512829121202e-14,-6.002208058264999e-14,0,0,0,0
2026-03-26 15:30:00+00:00,159.28,159.95,155.63,155.71,144.1898881138872,144.18988811388712,-8.526512829121202e-14,-5.913391667511807e-14,0,0,0,0
2026-03-26 17:30:00+00:00,155.78,156.72,154.7456,154.965,146.22916385857144,146.22916385857133,-1.1368683772161603e-13,-7.774566626912441e-14,0,0,0,0
2026-03-26 19:30:00+00:00,155.03,155.32,154.35,154.635,148.09210156286093,148.09210156286076,-1.7053025658242404e-13,-1.1515148666455972e-13,0,0,0,0
2026-03-27 13:30:00+00:00,151.76,152.75,142.21,145.325,149.7204857005314,149.7204857005312,-1.9895196601282805e-13,-1.3288226062181544e-13,0,0,0,0
2026-03-27 15:30:00+00:00,145.325,149.69,143.87,143.87,151.05588611983973,151.05588611983947,-2.5579538487363607e-13,-1.693382439070938e-13,0,0,0,0
2026-03-27 17:30:00+00:00,143.935,145.7,143.85,144.32,152.0556960331052,152.0556960331049,-2.8421709430404007e-13,-1.8691644030366413e-13,0,0,0,0
2026-03-27 19:30:00+00:00,144.34,144.55,143.36,144.27,152.7297324168998,152.72973241689948,-3.126388037344441e-13,-2.0470068190851497e-13,0,0,0,0
2026-03-30 13:30:00+00:00,144.01,145.75,139.25,140.16,153.1415772252251,153.14157722522475,-3.410605131648481e-13,-2.2270928597218957e-13,0,0,0,0
2026-03-30 15:30:00+00:00,140.19,142.36,137.62,137.9,153.31338707470087,153.3133870747005,-3.694822225952521e-13,-2.40998016967184e-13,0,0,0,0
2026-03-30 17:30:00+00:00,137.915,138.53,136.0,136.17,153.2658561364241,153.2658561364237,-3.979039320256561e-13,-2.5961681359185194e-13,0,0,0,0
2026-03-30 19:30:00+00:00,136.22,137.43,136.036,137.0,153.00575841128742,153.00575841128705,-3.694822225952521e-13,-2.4148256015441246e-13,0,1,0,1
2026-03-31 13:30:00+00:00,139.72,147.285,139.72,144.03,152.54682084920768,152.54682084920734,-3.410605131648481e-13,-2.2357759490903184e-13,0,0,0,0
2026-03-31 15:30:00+00:00,144.0,149.46,143.985,148.96,151.9763425697845,151.97634256978415,-3.410605131648481e-13,-2.2441684501536148e-13,0,0,0,0
2026-03-31 17:30:00+00:00,149.1,150.6,148.3,149.94,151.38861563288674,151.3886156328864,-3.410605131648481e-13,-2.2528808506440836e-13,0,0,0,0
2026-03-31 19:30:00+00:00,149.9586,151.59,149.9586,151.22,150.86068555888463,150.86068555888437,-2.5579538487363607e-13,-1.695573528159481e-13,0,0,0,0
2026-04-01 13:30:00+00:00,154.48,158.37,152.7001,153.02,150.426140954831,150.42614095483077,-2.2737367544323206e-13,-1.5115303364161046e-13,0,0,0,0
2026-04-01 15:30:00+00:00,152.98,155.1,152.3,154.2,150.12026483047617,150.120264830476,-1.7053025658242404e-13,-1.1359576055570907e-13,0,0,0,0
2026-04-01 17:30:00+00:00,154.25,155.68,153.09,155.49,149.93356441887943,149.9335644188793,-1.1368683772161603e-13,-7.582480824907324e-14,0,0,0,0
2026-04-01 19:30:00+00:00,155.49,155.6,154.56,155.1,149.85226603912207,149.85226603912196,-1.1368683772161603e-13,-7.586594499140621e-14,0,0,0,0
2026-04-02 13:30:00+00:00,149.77,152.07,145.82,148.15,149.86833660583193,149.8683366058318,-1.4210854715202004e-13,-9.482226224060865e-14,0,0,0,0
2026-04-02 15:30:00+00:00,148.05,148.96,146.3475,146.445,149.90694286159862,149.90694286159848,-1.4210854715202004e-13,-9.479784220749639e-14,0,0,0,0
2026-04-02 17:30:00+00:00,146.445,149.39,146.0601,149.1725,149.91477680685648,149.9147768068563,-1.7053025658242404e-13,-1.1375146614274565e-13,0,0,0,0
2026-04-02 19:30:00+00:00,149.17,149.98,148.71,149.09,149.88708627580877,149.8870862758086,-1.7053025658242404e-13,-1.137724808851308e-13,0,0,0,0
2026-04-06 13:30:00+00:00,151.99,153.68,146.1,148.495,149.8428588826889,149.84285888268874,-1.4210854715202004e-13,-9.483838483305768e-14,0,0,0,0
2026-04-06 15:30:00+00:00,148.495,148.6836,146.9,148.135,149.79207334724492,149.79207334724475,-1.7053025658242404e-13,-1.1384464663033556e-13,0,0,0,0
2026-04-06 17:30:00+00:00,148.11,149.97,148.095,149.555,149.73336728499376,149.73336728499362,-1.4210854715202004e-13,-9.490773481473833e-14,0,0,0,0
2026-04-06 19:30:00+00:00,149.555,149.68,148.3062,148.85,149.66890882482045,149.66890882482028,-1.7053025658242404e-13,-1.1393833089410755e-13,0,0,0,0
