dt,open,high,low,close,tv_ss,py_ss,ss_diff,ss_pct,tv_buy,tv_sell,py_buy,py_sell
2024-12-16 20:30:00+00:00,144.44,144.45,143.52,143.85,146.63660737860593,0.3382347746615006,-146.29837260394444,-99.76933810682883,0,0,0,0
2024-12-17 14:30:00+00:00,143.84,146.235,143.71,145.29,146.4183629820438,1.8092953635114166,-144.60906761853238,-98.76429750568015,0,0,0,0
2024-12-17 17:30:00+00:00,145.28,145.98,145.08,145.74,146.2037778793653,4.938249182215093,-141.26552869715022,-96.62235186132489,0,0,0,0
2024-12-17 20:30:00+00:00,145.745,146.66,145.67,146.39,146.01233043471217,9.651028171004192,-136.36130226370798,-93.39026495757525,0,0,0,0
2024-12-18 14:30:00+00:00,145.678,146.74,145.329,146.095,145.8585760589691,15.626893338702764,-130.23168272026635,-89.28627046764466,0,0,0,0
2024-12-18 17:30:00+00:00,146.095,146.14,144.79,145.64,145.74324712552092,22.53517294810969,-123.20807417741123,-84.53775842615792,0,0,0,0
2024-12-18 20:30:00+00:00,145.64,145.9099,144.67,144.73,145.6532170846927,30.099376164423916,-115.55384092026878,-79.33490466817352,0,0,0,0
2024-12-19 14:30:00+00:00,144.14,145.22,143.6,144.285,145.57113544864484,38.09211159162508,-107.47902385701977,-73.8326478843305,0,0,0,0
2024-12-19 17:30:00+00:00,144.285,144.83,143.47,143.5,145.4797186819296,46.321001389458516,-99.15871729247108,-68.15982199502825,0,0,0,0
2024-12-19 20:30:00+00:00,143.5,143.94,143.37,143.55,145.37241497805692,54.62240951187921,-90.75000546617771,-62.42587734397607,0,0,0,0
2024-12-20 14:30:00+00:00,143.05,145.41,142.75,145.17,145.25553733522537,62.861966671089064,-82.3935706641363,-56.723187408673994,0,0,0,0
2024-12-20 17:30:00+00:00,145.166,145.47,144.24,144.6296,145.1393070920942,70.93432252548239,-74.20498456661183,-51.126732002053075,0,0,0,0
2024-12-20 20:30:00+00:00,144.64,144.85,144.15,144.44,145.0322085686933,78.75520229539435,-66.27700627329895,-45.69812935166563,0,0,0,0
2024-12-23 14:30:00+00:00,144.27,144.845,143.45,143.625,144.935050471605,86.25279034280018,-58.68226012880481,-40.48866022253297,0,0,0,0
2024-12-23 17:30:00+00:00,143.62,144.88,143.57,144.72,144.84422794398017,93.36854373128132,-51.47568421269885,-35.53865068935128,0,0,0,0
2024-12-23 20:30:00+00:00,144.73,145.33,144.67,145.19,144.76137632622311,100.06264981685858,-44.69872650936453,-30.877522474389107,0,0,0,0
2024-12-24 14:30:00+00:00,145.0,145.505,144.3325,145.41,144.6924640637111,106.31214115480718,-38.38032290890392,-26.52544702812184,0,0,0,0
2024-12-24 17:30:00+00:00,145.42,145.8,145.174,145.72,144.64192860001748,112.10442282555368,-32.537505774463796,-22.495210129865388,0,0,0,0
2024-12-26 14:30:00+00:00,145.51,146.37,145.37,145.76,144.6115657148183,117.4350798394377,-27.176485875380607,-18.792747136818974,0,0,0,0
2024-12-26 17:30:00+00:00,145.75,145.87,145.21,145.35,144.6024956551038,122.30541848583321,-22.297077169270594,-15.419565940585208,0,0,0,0
2024-12-26 20:30:00+00:00,145.355,145.78,145.09,145.55,144.6140327667431,126.71510563931082,-17.898927127432273,-12.377033393642067,0,0,0,0
2024-12-27 14:30:00+00:00,144.87,146.6,144.68,145.0,144.6377482391435,130.67328333268387,-13.964464906459625,-9.654785888515654,0,0,0,0
2024-12-27 17:30:00+00:00,144.991,145.32,144.78,144.9314,144.66944294581745,134.1887380660487,-10.480704879768751,-7.244587845474772,0,0,0,0
2024-12-27 20:30:00+00:00,144.9,145.29,144.71,145.12,144.70491042572462,137.264106130473,-7.44080429525161,-5.142053765390974,0,0,0,0
2024-12-30 14:30:00+00:00,144.84,144.88,142.95,143.47,144.73646525226013,139.89430716036802,-4.8421580918921165,-3.3454997560239943,0,0,0,0
2024-12-30 17:30:00+00:00,143.45,143.75,143.09,143.27,144.75118572078748,142.10336888089367,-2.6478168398938067,-1.8292194476397703,0,0,0,0
2024-12-30 20:30:00+00:00,143.29,143.6967,143.0,143.3,144.7404075837513,143.92181614399814,-0.8185914397531633,-0.565558335380188,0,0,0,0
2024-12-31 14:30:00+00:00,143.76,144.56,143.3098,143.4999,144.70989412564512,145.4187316730734,0.7088375474282884,0.4898335056570745,0,0,0,0
2024-12-31 17:30:00+00:00,143.485,144.12,143.4,144.11,144.66776146058953,146.64509131148046,1.977329850890925,1.366807525690228,0,0,0,0
2024-12-31 20:30:00+00:00,144.13,144.67,144.0,144.63,144.61948811048825,147.6089956637315,2.989507553243243,2.067154013820932,0,0,0,0
2025-01-02 14:30:00+00:00,145.23,145.77,144.2801,144.57,144.57389423010602,148.35783007121472,3.7839358411087005,2.6173022877049505,0,0,0,0
2025-01-02 17:30:00+00:00,144.54,144.63,143.81,144.17,144.53575380667593,148.9157425907874,4.379988784111475,3.030384295065107,0,0,0,0
2025-01-02 20:30:00+00:00,144.1761,144.22,143.78,144.02,144.50269831933585,149.30959464555593,4.806896326220084,3.326509734508449,0,0,0,0
2025-01-03 14:30:00+00:00,144.07,144.57,143.62,144.4607,144.47073385741083,149.561548818602,5.090814961191171,3.523769019001235,0,0,0,0
2025-01-03 17:30:00+00:00,144.47,144.575,144.11,144.265,144.43943082851854,149.69438123075184,5.254950402233305,3.6381688657248246,0,0,0,0
2025-01-03 20:30:00+00:00,144.25,144.275,143.87,144.18,144.4095325369754,149.7063907315263,5.296858194550907,3.667942206789341,0,0,0,0
2025-01-06 14:30:00+00:00,143.51,144.815,142.93,144.348992,144.38068319323312,149.61414748694372,5.233464293710597,3.6247676475573574,0,0,0,0
2025-01-06 17:30:00+00:00,144.3328,144.59,143.51,143.569,144.35058562390853,149.41772842878694,5.067142804878415,3.5103029080050736,0,0,0,0
2025-01-06 20:30:00+00:00,143.57,143.69,143.12,143.64,144.31512390654717,149.12186427456663,4.806740368019462,3.3307253168643083,0,0,0,0
2025-01-07 14:30:00+00:00,143.755,147.18,143.59,146.365,144.28117633894513,148.7985181361654,4.5173417972202685,3.1309294197935675,0,0,0,0
2025-01-07 17:30:00+00:00,146.365,146.87,145.93,145.932,144.26263358426888,148.46697896581674,4.204345381547853,2.914368937464286,0,0,0,0
2025-01-07 20:30:00+00:00,145.93,146.29,145.9,146.2,144.27230138013311,148.14920672211184,3.876905341978727,2.6872139037719633,0,0,0,0
2025-01-08 14:30:00+00:00,145.49,145.59,141.44,142.5,144.3067208466556,147.84459906228915,3.5378782156335546,2.451637868892471,0,0,0,0
2025-01-08 17:30:00+00:00,142.5,142.53,141.49,141.995,144.33506830485155,147.52542418445256,3.1903558796010145,2.2103816605834363,0,0,0,0
2025-01-08 20:30:00+00:00,141.995,142.48,141.85,142.27,144.3313954914923,147.18015071062376,2.8487552191314762,1.9737599081825534,0,0,0,0
2025-01-10 14:30:00+00:00,141.0,143.67,140.68,142.845,144.29297427153324,146.81265402352236,2.5196797519891163,1.7462248350689171,0,0,0,0
2025-01-10 17:30:00+00:00,142.85,143.08,142.0,142.03,144.22658610553628,146.43290860978385,2.2063225042475665,1.529761303947882,0,0,0,0
2025-01-10 20:30:00+00:00,142.03,142.2,141.85,142.07,144.1359286279196,146.04552583039913,1.9095972024795174,1.3248585697248716,0,0,0,0
2025-01-13 14:30:00+00:00,142.98,143.85,142.31,143.03,144.03267123534363,145.66586061922413,1.6331893838805058,1.133902030610777,0,0,0,0
2025-01-13 17:30:00+00:00,143.04,145.07,143.0,144.62,143.92882696681096,145.30692482380454,1.378097856993577,0.9574856448398327,0,0,0,0
2025-01-13 20:30:00+00:00,144.62,144.72,144.27,144.46,143.83855400004822,144.98317207971687,1.1446180796686463,0.7957658415199742,0,0,0,0
2025-01-14 14:30:00+00:00,144.5,144.64,142.86,143.19,143.76847250882085,144.7011890012915,0.9327164924706608,0.6487628867403,0,0,0,0
2025-01-14 17:30:00+00:00,143.195,144.5,142.98,144.4,143.71406251561456,144.455902524095,0.7418400084804375,0.5161916624546303,0,0,0,0
2025-01-14 20:30:00+00:00,144.41,144.81,144.22,144.74,143.67325052310582,144.24473055336983,0.5714800302640128,0.3977636951786695,0,0,0,0
2025-01-15 14:30:00+00:00,145.31,146.05,144.26,145.195,143.6502869505474,144.0712706029538,0.4209836524063917,0.29306147682901473,0,0,0,0
2025-01-15 17:30:00+00:00,145.2,145.3075,144.78,144.7887,143.6495199374083,143.9388646949403,0.2893447575320067,0.2014241033719302,0,0,0,0
2025-01-15 20:30:00+00:00,144.8,145.04,144.67,144.9,143.67008262660278,143.84551533169594,0.1754327050931579,0.12210802825881703,0,0,0,0
2025-01-16 14:30:00+00:00,144.32,147.9,144.06,147.82,143.71589008745212,143.79500731210288,0.07911722465075854,0.05505113220438962,0,0,0,0
2025-01-16 17:30:00+00:00,147.82,148.07,147.16,147.25,143.8014911858856,143.80139269416645,-9.849171914311228e-05,-6.849144492931338e-05,1,0,0,0
2025-01-16 20:30:00+00:00,147.26,148.02,147.26,147.78,143.92822778678968,143.8631098422626,-0.06511794452708841,-0.045243344914627795,0,0,0,0
2025-01-17 14:30:00+00:00,147.44,148.38,146.61,147.24,144.09176243907467,143.97388422942248,-0.11787820965218998,-0.0818077367205718,0,0,0,0
2025-01-17 17:30:00+00:00,147.25,147.42,146.79,147.115,144.28319032031868,144.1235571006082,-0.15963321971048572,-0.11063882033387874,0,0,0,0
2025-01-17 20:30:00+00:00,147.11,147.28,146.965,147.03,144.51106756133032,144.3226763472154,-0.18839121411491533,-0.1303645577422382,0,0,0,0
2025-01-21 14:30:00+00:00,147.56,148.86,147.05,148.3969,144.7858092943922,144.58315860754726,-0.20265068684494736,-0.13996584874757914,0,0,0,0
2025-01-21 17:30:00+00:00,148.37,148.47,147.595,147.64,145.0929971482506,144.88685412004048,-0.2061430282101071,-0.14207648353936606,0,0,0,0
2025-01-21 20:30:00+00:00,147.64,148.2,147.34,148.17,145.42324899433936,145.22182172350756,-0.20142727083180034,-0.13851105117287055,0,0,0,0
2025-01-22 14:30:00+00:00,144.0,144.61,142.11,143.03,145.72525501592494,145.5308928399465,-0.19436217597845484,-0.13337576658020933,0,0,0,0
2025-01-22 17:30:00+00:00,143.035,144.84,143.02,144.6595,145.96764976620466,145.7825196602492,-0.18513010595546575,-0.12682954493820195,0,0,0,0
2025-01-22 20:30:00+00:00,144.64,145.47,144.48,145.25,146.13719083656974,145.96290841626106,-0.17428242030868546,-0.11925945702869813,0,0,0,0
2025-01-23 14:30:00+00:00,145.44,147.91,144.8144,146.58,146.25076545201398,146.0884652344682,-0.16230021754577706,-0.11097392690161956,0,0,0,0
2025-01-23 17:30:00+00:00,146.595,147.15,146.4,146.74,146.33462892036476,146.1850304927666,-0.1495984275981641,-0.10223036659325216,0,0,0,0
2025-01-23 20:30:00+00:00,146.76,147.09,146.5,146.63,146.4061599768964,146.2698532583851,-0.1363067185112925,-0.09310176466126997,0,0,0,0
2025-01-24 14:30:00+00:00,146.805,147.631,146.383,146.66,146.47239761954776,146.3495257784233,-0.12287184112446425,-0.08388736930736646,0,0,0,0
2025-01-24 17:30:00+00:00,146.68,147.06,146.485,146.8837,146.5340791934738,146.42445040666033,-0.10962878681345956,-0.07481453284919001,0,0,0,0
2025-01-24 20:30:00+00:00,146.885,147.208,146.74,146.815,146.5907499842793,146.49392759055584,-0.09682239372347112,-0.06604945655428773,0,0,0,0
2025-01-27 14:30:00+00:00,148.45,151.78,148.0,151.72,146.65694704859686,146.57261581269347,-0.08433123590339164,-0.057502380623979096,0,0,0,0
2025-01-27 17:30:00+00:00,151.73,153.45,151.55,153.225,146.78398213404938,146.71173513392944,-0.072247000119944,-0.049219948300602015,0,0,0,0
2025-01-27 20:30:00+00:00,153.24,153.24,152.54,152.89,147.00502343967196,146.94412843668488,-0.06089500298708117,-0.04142375652357983,0,0,0,0
2025-01-28 14:30:00+00:00,152.66,152.97,151.06,151.32,147.30045196168547,147.2499802787758,-0.05047168290965942,-0.03426444538187003,0,0,0,0
2025-01-28 17:30:00+00:00,151.32,151.44,150.4,150.445,147.63317030790395,147.5921462563099,-0.041024051594064304,-0.027787828106992814,0,0,0,0
2025-01-28 20:30:00+00:00,150.44,151.11,150.3,150.39,147.9738955486414,147.94134770704215,-0.03254784159923929,-0.021995664491065787,0,0,0,0
2025-01-29 14:30:00+00:00,150.5,151.88,150.0,151.63,148.30730706736682,148.28227446159502,-0.025032605771798444,-0.01687887553674458,0,0,0,0
2025-01-29 17:30:00+00:00,151.65,151.7198,150.99,151.59,148.6296289525982,148.61118254252244,-0.01844641007576797,-0.012410991136666973,0,0,0,0
2025-01-29 20:30:00+00:00,151.6,151.67,151.1,151.14,148.940406521186,148.9276819586596,-0.012724562526386762,-0.00854339183274403,0,0,0,0
2025-01-30 14:30:00+00:00,151.91,152.94,151.36,152.6875,149.24353751846292,149.23569992922785,-0.007837589235066389,-0.005251543460698793,0,0,0,0
2025-01-30 17:30:00+00:00,152.685,154.14,152.685,153.715,149.54974883129165,149.54599778501074,-0.0037510462809109413,-0.0025082263997263736,0,0,0,0
2025-01-30 20:30:00+00:00,153.71,153.74,152.565,152.87,149.91504802833933,149.91443346951945,-0.0006145588198762653,-0.00040993804688645505,0,0,0,0
2025-01-31 14:30:00+00:00,152.62,153.04,152.07,152.59,150.3030366892655,150.30479882977295,0.001762140507452159,0.0011723918200636126,0,0,0,0
2025-01-31 17:30:00+00:00,152.6,153.18,152.12,152.495,150.68354129382874,150.68704474752795,0.003503453699210013,0.0023250407238428086,0,0,0,0
2025-01-31 20:30:00+00:00,152.5,152.82,152.055,152.17,151.03352410587274,151.03827899846127,0.0047548925885223525,0.0031482365366706454,0,0,0,0
2025-02-03 14:30:00+00:00,152.0,152.31,150.78,151.97,151.34190778575189,151.34752533758348,0.005617551831591072,0.003711828345354014,0,0,0,0
2025-02-03 17:30:00+00:00,151.97,152.465,151.6377,151.8,151.60169379790665,151.60784616964463,0.006152371737982776,0.004058247361130558,0,0,0,0
2025-02-03 20:30:00+00:00,151.8,152.21,151.66,151.83,151.81300600593255,151.81942167244705,0.0064156665144992076,0.004226032197958385,0,0,0,0
2025-02-04 14:30:00+00:00,151.36,154.08,150.945,154.065,151.9840114018106,151.99044921745184,0.00643781564124879,0.004235850588407417,0,0,0,0
2025-02-04 17:30:00+00:00,154.08,154.18,153.275,153.965,152.1360323907254,152.1423046494479,0.006272258722503921,0.004122796305345408,0,0,0,0
2025-02-04 20:30:00+00:00,153.95,154.15,153.35,153.475,152.28421886200283,152.29022564584255,0.006006783839723084,0.003944455889527412,0,0,0,0
2025-02-05 14:30:00+00:00,153.82,154.15,153.31,153.83,152.43056947795662,152.4362556681573,0.005686190200663077,0.003730347672476138,0,0,0,0
2025-02-05 17:30:00+00:00,153.82,154.68,153.51,154.46,152.57597659279747,152.58129920260507,0.005322609807592471,0.0034884979447306593,0,0,0,0
2025-02-05 20:30:00+00:00,154.47,154.73,154.46,154.67,152.726285912622,152.73119984327485,0.004913930652861609,0.003217475383165525,0,0,0,0
2025-02-06 14:30:00+00:00,154.79,154.8402,153.5201,153.98,152.885663819652,152.89013065060854,0.004466830956545209,0.0029216807154753255,0,0,0,0
2025-02-06 17:30:00+00:00,153.98,154.29,153.65,153.7152,153.0465350088688,153.0505359565267,0.004000947657885945,0.0026142033582492387,0,0,0,0
2025-02-06 20:30:00+00:00,153.71,153.78,153.38,153.51,153.19603862111097,153.19958014975504,0.003541528644063874,0.0023117625468259584,0,0,0,0
2025-02-07 14:30:00+00:00,153.53,154.49,152.8,153.97,153.32803777101878,153.33113476680577,0.0030969957869899645,0.0020198496191642656,0,0,0,0
2025-02-07 17:30:00+00:00,153.97,154.06,153.38,153.62,153.44145601452553,153.444129830788,0.002673816262472428,0.0017425644489578564,0,0,0,0
2025-02-07 20:30:00+00:00,153.63,153.69,152.94,153.15,153.53776409090204,153.5400437693216,0.002279678419569109,0.001484767238253792,0,0,0,0
2025-02-10 14:30:00+00:00,153.61,153.63,152.29,153.51,153.61598553140055,153.61790207110386,0.0019165397033020781,0.001247617360050279,0,0,0,0
2025-02-10 17:30:00+00:00,153.51,154.14,153.34,153.96,153.67574425207604,153.67732897595693,0.001584723880881711,0.0010312127581319996,0,0,0,0
2025-02-10 20:30:00+00:00,153.95,154.37,153.9,154.23,153.72220290669878,153.7234871806133,0.0012842739145071391,0.0008354511516378836,0,0,0,0
2025-02-11 14:30:00+00:00,154.16,156.39,153.94,156.13,153.7696352603702,153.7706504933358,0.0010152329656136772,0.0006602298066810366,0,0,0,0
2025-02-11 17:30:00+00:00,156.12,156.347,155.385,156.26,153.8410609670574,153.841838664135,0.0007776970776092185,0.0005055198350300963,0,0,0,0
2025-02-11 20:30:00+00:00,156.26,156.39,155.95,156.12,153.96184131912077,153.96241299564701,0.0005716765262491208,0.0003713105282134109,0,0,0,0
2025-02-12 14:30:00+00:00,155.27,155.6599,154.27,155.125,154.10505263130528,154.10544733943482,0.00039470812953368295,0.00025612925909575333,0,0,0,0
2025-02-12 17:30:00+00:00,155.12,155.44,154.605,155.41,154.25408212321656,154.25432716187777,0.00024503866120539897,0.00015885392323664057,0,0,0,0
2025-02-12 20:30:00+00:00,155.42,155.55,155.14,155.24,154.39527867973777,154.3953984526107,0.00011977287292097571,7.757547636506468e-05,0,0,0,0
2025-02-13 14:30:00+00:00,155.26,157.37,154.79,157.19,154.53076932919748,154.53078658494448,1.725574699662502e-05,1.1166544418001983e-05,0,0,0,0
2025-02-13 17:30:00+00:00,157.18,158.13,156.92,157.54,154.6787436427191,154.67868033968585,-6.330303324375564e-05,-4.092548966519575e-05,0,0,0,0
2025-02-13 20:30:00+00:00,157.54,157.68,157.16,157.27,154.85310845490207,154.8529834109065,-0.0001250439955811089,-8.075007136038571e-05,0,0,0,0
2025-02-14 14:30:00+00:00,157.29,157.47,156.08,156.585,155.04473885290986,155.04456673322298,-0.00017211968688002344,-0.00011101291675773178,0,0,0,0
2025-02-14 17:30:00+00:00,156.59,157.02,156.35,156.48,155.23941338807765,155.23920629558387,-0.0002070924937811469,-0.00013340200742928827,0,0,0,0
2025-02-14 20:30:00+00:00,156.49,156.749,156.06,156.11,155.42635335284544,155.42612212580724,-0.00023122703819922208,-0.00014876951894656862,0,0,0,0
2025-02-18 14:30:00+00:00,154.14,155.45,153.24,154.84,155.59285934339186,155.59261167218938,-0.00024767120248725405,-0.0001591790288657439,0,0,0,0
2025-02-18 17:30:00+00:00,154.835,155.3,154.31,155.28,155.7252633629104,155.72500656868158,-0.00025679422881808023,-0.0001649020995518456,0,0,0,0
2025-02-18 20:30:00+00:00,155.2757,155.41,154.85,155.01,155.82063858914563,155.82037862435675,-0.00025996478888146157,-0.00016683591547003875,0,0,0,0
2025-02-19 14:30:00+00:00,155.0,157.5,154.75,157.12,155.88443198785825,155.8841746910986,-0.0002572967596563558,-0.00016505609724798979,0,0,0,0
2025-02-19 17:30:00+00:00,157.13,158.099,157.06,158.07,155.93846255986955,155.93821363304454,-0.00024892682500876617,-0.00015963144750974798,0,0,0,0
2025-02-19 20:30:00+00:00,158.065,158.3,157.81,157.9,156.0113127149669,156.01107673732187,-0.00023597764501914753,-0.00015125675241915268,0,0,0,0
2025-02-20 14:30:00+00:00,156.95,159.95,156.95,159.44,156.11859354893346,156.11837379090016,-0.00021975803329610244,-0.0001407635236140031,0,0,0,0
2025-02-20 17:30:00+00:00,159.42,159.68,158.98,159.37,156.26650470436982,156.26630332335145,-0.00020138101837119393,-0.00012887023918028577,0,0,0,0
2025-02-20 20:30:00+00:00,159.38,159.8,159.28,159.68,156.4534735787459,156.45329164115844,-0.00018193758745610467,-0.00011628862133542348,0,0,0,0
2025-02-21 14:30:00+00:00,159.88,162.0201,159.28,161.72,156.6838843110184,156.68372231875728,-0.00016199226112689757,-0.00010338795329157273,0,0,0,0
2025-02-21 17:30:00+00:00,161.7295,163.51,161.68,162.61,156.97605321080863,156.97591129005855,-0.00014192075008168104,-9.040917208632497e-05,0,0,0,0
2025-02-21 20:30:00+00:00,162.62,162.73,162.19,162.34,157.36726026840716,157.36713846875222,-0.00012179965494851785,-7.739834495483696e-05,0,0,0,0
2025-02-24 14:30:00+00:00,162.68,164.87,162.05,163.715,157.85638601791214,157.8562837884993,-0.00010222941284609988,-6.476102451407939e-05,0,0,0,0
2025-02-24 17:30:00+00:00,163.71,164.3,163.28,163.96,158.4229785937269,158.42289478463618,-8.380909071092901e-05,-5.290210514590566e-05,0,0,0,0
2025-02-24 20:30:00+00:00,163.955,164.04,163.56,163.81,159.03530701341845,159.03524001722735,-6.699619109440391e-05,-4.2126614745209486e-05,0,0,0,0
2025-02-25 14:30:00+00:00,164.0,166.065,163.94,165.83,159.67468632174334,159.67463433316266,-5.19885806795628e-05,-3.2559062351815854e-05,0,0,0,0
2025-02-25 17:30:00+00:00,165.83,166.0,165.13,165.775,160.3420438356824,160.34200497399414,-3.886168826738867e-05,-2.4236742489832492e-05,0,0,0,0
2025-02-25 20:30:00+00:00,165.77,166.43,165.565,166.08,161.0565672652235,161.05653963446122,-2.7630762275521192e-05,-1.7155936417059987e-05,0,0,0,0
2025-02-26 14:30:00+00:00,165.08,165.13,162.84,163.2,161.7370509598416,161.73703282618035,-1.813366125702487e-05,-1.1211816432542322e-05,0,0,0,0
2025-02-26 17:30:00+00:00,163.19,163.79,162.67,162.74,162.34637778695748,162.3463675614036,-1.022555386498425e-05,-6.298603026673593e-06,0,0,0,0
2025-02-26 20:30:00+00:00,162.74,163.25,162.555,163.07,162.84505774827565,162.845053790343,-3.957932648290807e-06,-2.4304898797782014e-06,0,0,0,0
2025-02-27 14:30:00+00:00,162.31,163.85,161.73,162.44,163.22653116435015,163.2265320871955,9.228453450305096e-07,5.653770489684129e-07,0,0,0,0
2025-02-27 17:30:00+00:00,162.44,163.64,162.4,163.3325,163.49742920912732,163.49743376353246,4.554405137469075e-06,2.785612690976075e-06,0,0,0,0
2025-02-27 20:30:00+00:00,163.335,163.95,163.24,163.78,163.6857241602961,163.68573131292464,7.152628541007289e-06,4.3697326554897225e-06,0,0,0,0
2025-02-28 14:30:00+00:00,164.31,165.94,162.925,163.13,163.8229894194787,163.8229983584297,8.93895099807196e-06,5.4564692231218135e-06,0,0,0,0
2025-02-28 17:30:00+00:00,163.15,163.94,162.7,163.94,163.92800405551816,163.92801414939794,1.0093879780015413e-05,6.157507887790105e-06,0,0,0,0
2025-02-28 20:30:00+00:00,163.94,165.34,163.88,164.98,164.00944667672275,164.00945738006106,1.070333831876269e-05,6.52604989263815e-06,0,0,0,0
2025-03-03 14:30:00+00:00,164.96,167.18,164.84,166.5907,164.0876394453888,164.08765029726578,1.0851876993456244e-05,6.6134640184570005e-06,0,0,0,0
2025-03-03 17:30:00+00:00,166.605,166.98,165.95,166.605,164.19106141650752,164.191072057557,1.0641049470905273e-05,6.480894501261466e-06,0,0,0,0
2025-03-03 20:30:00+00:00,166.62,167.33,166.35,167.27,164.3329969275552,164.3330071029974,1.017544221326716e-05,6.191965340809137e-06,0,0,0,0
2025-03-04 14:30:00+00:00,168.08,169.99,166.76,166.97,164.51520897381965,164.51521851151935,9.53769969669338e-06,5.79745772818559e-06,0,0,0,0
2025-03-04 17:30:00+00:00,166.97,167.28,165.74,166.13,164.72038941607545,164.72039823930652,8.823231070209658e-06,5.356489929077704e-06,0,0,0,0
2025-03-04 20:30:00+00:00,166.13,166.36,165.32,165.46,164.92714345194292,164.92715153288782,8.080944894572895e-06,4.899705849163361e-06,0,0,0,0
2025-03-05 14:30:00+00:00,164.51,166.4618,163.53,165.4129,165.11690201959118,165.11690935472458,7.335133403785221e-06,4.442387977285878e-06,0,0,0,0
2025-03-05 17:30:00+00:00,165.39,165.56,164.58,165.12,165.2787425134518,165.2787491119823,6.598530518431289e-06,3.992364909174115e-06,0,0,0,0
2025-03-05 20:30:00+00:00,165.14,165.3443,164.77,165.09,165.4109466420062,165.41095252700785,5.885001655769884e-06,3.5578066477707857e-06,0,0,0,0
2025-03-06 14:30:00+00:00,165.0,165.7,163.51,164.6,165.51288833334578,165.51289353204467,5.198698886488273e-06,3.1409631834942095e-06,0,0,0,0
2025-03-06 17:30:00+00:00,164.59,165.855,164.44,165.85,165.58807168331654,165.58807623049145,4.547174910385365e-06,2.746076371419878e-06,0,0,0,0
2025-03-06 20:30:00+00:00,165.8696,165.87,165.43,165.82,165.64110920063771,165.64111313160944,3.930971729459998e-06,2.3731860698291336e-06,0,0,0,0
2025-03-07 14:30:00+00:00,165.13,168.46,164.7,167.86,165.68478408150662,165.6847874307807,3.3492740669771592e-06,2.021473538167225e-06,0,0,0,0
2025-03-07 17:30:00+00:00,167.88,168.25,166.92,167.205,165.7394196273687,165.73942243476975,2.80740104585675e-06,1.693864412080493e-06,0,0,0,0
2025-03-07 20:30:00+00:00,167.22,167.26,166.62,166.68,165.81423593301426,165.81423824392607,2.31091181035481e-06,1.393675155424154e-06,0,0,0,0
2025-03-10 13:30:00+00:00,167.48,169.9,167.05,168.79,165.91399463212508,165.91399649344504,1.861319958607055e-06,1.1218583234850624e-06,0,0,0,0
2025-03-10 16:30:00+00:00,168.79,169.44,167.415,167.54,166.03880918774965,166.0388106479715,1.460221852767063e-06,8.794461125747451e-07,0,0,0,0
2025-03-10 19:30:00+00:00,167.56,168.23,167.17,167.71,166.18321038395442,166.18321149046034,1.1065059197790106e-06,6.658349644482784e-07,0,0,0,0
2025-03-11 13:30:00+00:00,167.2,167.3,165.06,165.465,166.3280859678435,166.32808676447138,7.966278872117982e-07,4.789497110943799e-07,0,0,0,0
2025-03-11 16:30:00+00:00,165.475,166.49,165.05,166.07,166.45481018718868,166.4548107143659,5.271772067771963e-07,3.167089050682002e-07,0,0,0,0
2025-03-11 19:30:00+00:00,166.0601,166.399,165.64,165.83,166.55436354937484,166.55436384387303,2.9449819294313784e-07,1.768180590812526e-07,0,0,0,0
2025-03-12 13:30:00+00:00,163.73,164.21,162.23,163.04,166.61168956230114,166.61168966255917,1.0025803476310102e-07,6.017467023261384e-08,0,0,0,0
2025-03-12 16:30:00+00:00,163.06,163.25,162.55,162.705,166.60777326102655,166.60777320277927,-5.824728077641339e-08,-3.496072220181265e-08,0,0,0,0
2025-03-12 19:30:00+00:00,162.69,163.44,162.65,162.835,166.5218638261991,166.52186364391292,-1.822861861455749e-07,-1.0946681832472715e-07,0,1,0,1
2025-03-13 13:30:00+00:00,163.43,164.54,162.72,162.84,166.37983925008666,166.37983897108384,-2.790028190702287e-07,-1.676902804617197e-07,0,0,0,0
2025-03-13 16:30:00+00:00,162.84,163.47,162.8,162.8,166.20009119863528,166.20009084634435,-3.522909253206308e-07,-2.1196794946375068e-07,0,0,0,0
2025-03-13 19:30:00+00:00,162.8,163.33,162.6601,163.015,165.99613245601785,165.99613205033444,-4.0568340864410857e-07,-2.443932895554648e-07,0,0,0,0
2025-03-14 13:30:00+00:00,162.12,162.84,161.1,162.27,165.76871691119084,165.7687164704639,-4.4072695004615525e-07,-2.658685898391015e-07,0,0,0,0
2025-03-14 16:30:00+00:00,162.31,162.975,162.26,162.5943,165.52382573332207,165.5238252720838,-4.6123827246447036e-07,-2.786537046380128e-07,0,0,0,0
2025-03-14 19:30:00+00:00,162.62,163.15,162.49,162.78,165.2690826555848,165.26908218565734,-4.699274711583712e-07,-2.8434082382951454e-07,0,0,0,0
2025-03-17 13:30:00+00:00,162.41,163.5,161.73,163.0715,165.01128564960948,165.0112851816636,-4.67945881155174e-07,-2.835841677816062e-07,0,0,0,0
2025-03-17 16:30:00+00:00,163.07,163.5,162.705,162.9,164.7590344714877,164.75903401416386,-4.573238356897491e-07,-2.7757132539453615e-07,0,0,0,0
2025-03-17 19:30:00+00:00,162.9,163.075,162.72,162.87,164.51446221351677,164.51446177572362,-4.3779314751191123e-07,-2.661122564068057e-07,0,0,0,0
2025-03-18 13:30:00+00:00,163.44,164.86,162.965,164.0,164.2876179903172,164.28761757783073,-4.124864574350795e-07,-2.5107580381340163e-07,0,0,0,0
2025-03-18 16:30:00+00:00,163.99,164.375,163.44,164.16,164.08883493770193,164.08883455428358,-3.834183530670998e-07,-2.3366510781350155e-07,0,0,0,0
2025-03-18 19:30:00+00:00,164.165,164.54,164.0903,164.35,163.92961179043513,163.92961144005054,-3.503845960040053e-07,-2.137408807213739e-07,0,0,0,0
2025-03-19 13:30:00+00:00,163.97,164.36,162.66,163.085,163.80961032924614,163.8096100144344,-3.1481172868552676e-07,-1.921814770530109e-07,0,0,0,0
2025-03-19 16:30:00+00:00,163.085,163.2,162.21,163.2,163.713441461828,163.71344118354926,-2.7827874760077975e-07,-1.699791691604407e-07,0,0,0,0
2025-03-19 19:30:00+00:00,163.22,163.34,162.83,163.0,163.62526093387288,163.62526069112877,-2.427441074814851e-07,-1.4835368701388177e-07,0,0,0,0
2025-03-20 13:30:00+00:00,163.0,163.2,161.925,162.72,163.53846321433903,163.53846300562458,-2.0871445371994923e-07,-1.276240766958908e-07,0,0,0,0
2025-03-20 16:30:00+00:00,162.73,163.02,162.39,162.795,163.4509920152246,163.4509918385209,-1.7670370766609267e-07,-1.0810806682019625e-07,0,0,0,0
2025-03-20 19:30:00+00:00,162.8,163.1,162.68,163.02,163.36722834694982,163.36722819960147,-1.473483450808999e-07,-9.019455528006514e-08,0,0,0,0
2025-03-21 13:30:00+00:00,163.0,164.13,162.48,163.38,163.2901548539869,163.29015473333453,-1.2065237342540058e-07,-7.388833303103131e-08,0,0,0,0
2025-03-21 16:30:00+00:00,163.36,163.64,162.85,163.0,163.2231734573349,163.22317336076281,-9.657208011049079e-08,-5.916566751211579e-08,0,0,0,0
2025-03-21 19:30:00+00:00,163.005,163.66,162.68,163.51,163.1671843895131,163.1671843144959,-7.501719778701954e-08,-4.5975664817466177e-08,0,0,0,0
2025-03-24 13:30:00+00:00,162.84,164.39,162.5,163.5814,163.12270923407735,163.1227091781441,-5.593324203800876e-08,-3.428905901614584e-08,0,0,0,0
2025-03-24 16:30:00+00:00,163.6,163.63,162.785,163.315,163.08919262066138,163.08919258148697,-3.9174409494080464e-08,-2.4020236328717686e-08,0,0,0,0
2025-03-24 19:30:00+00:00,163.33,163.55,163.15,163.23,163.06688171693324,163.06688169214326,-2.4789983399386983e-08,-1.52023409893983e-08,0,0,0,0
2025-03-25 13:30:00+00:00,163.52,164.19,162.32,162.55,163.05139038968227,163.051390377233,-1.2449277164705563e-08,-7.635186142818285e-09,0,0,0,0
2025-03-25 16:30:00+00:00,162.54,162.58,160.72,160.8,163.03527262558774,163.03527262341498,-2.172754420826095e-09,-1.3326897829133263e-09,0,0,0,0
2025-03-25 19:30:00+00:00,160.82,161.29,160.555,161.03,163.00193839870062,163.00193840488856,6.18794615547813e-09,3.796240839996942e-09,0,0,0,0
2025-03-26 13:30:00+00:00,161.21,162.49,160.64,161.83,162.9446024123095,162.94460242521524,1.2905729818157852e-08,7.920317474218404e-09,0,0,0,0
2025-03-26 16:30:00+00:00,161.82,162.16,161.55,161.75,162.8694948184136,162.86949483660544,1.8191826711699832e-08,1.1169572750245375e-08,0,0,0,0
2025-03-26 19:30:00+00:00,161.77,162.025,161.61,161.73,162.78184263562025,162.78184265764347,2.2023215251465444e-08,1.352928244015729e-08,0,0,0,0
2025-03-27 13:30:00+00:00,162.35,164.065,161.32,163.49,162.6958588455923,162.69585887040083,2.4808514353935607e-08,1.5248399393791765e-08,0,0,0,0
2025-03-27 16:30:00+00:00,163.47,163.52,162.79,163.51,162.62222293947383,162.62222296615815,2.668431875463284e-08,1.6408777516566385e-08,0,0,0,0
2025-03-27 19:30:00+00:00,163.51,163.67,163.07,163.11,162.56690274812,162.56690277598912,2.7869134555658093e-08,1.7143178644941236e-08,0,0,0,0
2025-03-28 13:30:00+00:00,163.59,164.5,162.91,164.06,162.53508373431637,162.53508376269014,2.8373762006594916e-08,1.745700765317556e-08,0,0,0,0
2025-03-28 16:30:00+00:00,164.08,164.52,163.63,163.845,162.52796806592454,162.52796809423364,2.8309102617640747e-08,1.7417988395792914e-08,0,0,0,0
2025-03-28 19:30:00+00:00,163.845,164.165,163.56,163.69,162.54687757668367,162.54687760441809,2.7734415652957978e-08,1.7062410589753654e-08,0,0,0,0
2025-03-31 13:30:00+00:00,164.29,166.39,164.23,165.6,162.59916080502896,162.59916083166345,2.6634495498001343e-08,1.6380463076275347e-08,0,0,0,0
2025-03-31 16:30:00+00:00,165.615,166.17,165.27,165.935,162.69221134816712,162.69221137330896,2.5141844162135385e-08,1.545362494848075e-08,0,0,0,0
2025-03-31 19:30:00+00:00,165.95,166.63,165.47,165.89,162.83214582521276,162.83214584858376,2.3371001134364633e-08,1.4352817753474505e-08,1,0,1,0
2025-04-01 13:30:00+00:00,160.73,161.81,156.55,156.81,162.98513798550997,162.98513800694684,2.143687538591621e-08,1.3152656524929306e-08,0,0,0,0
2025-04-01 16:30:00+00:00,156.81,156.88,154.05,154.315,163.0516140514015,163.05161407072939,1.932789928105194e-08,1.1853853390840329e-08,0,0,0,0
2025-04-01 19:30:00+00:00,154.315,154.4095,153.13,153.24,162.90742013189856,162.90742014900295,1.7104383687183145e-08,1.0499450346297621e-08,0,1,0,1
2025-04-02 13:30:00+00:00,154.015,155.79,153.4501,154.35,162.5663543768627,162.56635439176938,1.4906675005477155e-08,9.16959420208217e-09,0,0,0,0
2025-04-02 16:30:00+00:00,154.33,155.28,154.1,154.925,162.0681898857094,162.06818989849768,1.2788291314791422e-08,7.89068559586538e-09,0,0,0,0
2025-04-02 19:30:00+00:00,154.93,155.6,154.74,155.34,161.48138762990993,161.481387640705,1.079507683243719e-08,6.685028529218374e-09,0,0,0,0
2025-04-03 13:30:00+00:00,158.75,160.38,157.48,159.905,160.90028802528144,160.90028803425113,8.969692544269492e-09,5.574690172624259e-09,0,0,0,0
2025-04-03 16:30:00+00:00,159.9,160.645,159.18,160.425,160.36691464497596,160.36691465228833,7.3123658239637734e-09,4.559772095230528e-09,0,0,0,0
2025-04-03 19:30:00+00:00,160.425,160.64,159.77,159.87,159.90934977150312,159.90934977732402,5.820908199893893e-09,3.6401299912803574e-09,0,0,0,0
2025-04-04 13:30:00+00:00,159.155,159.82,154.92,155.24,159.5314614862718,159.53146149076764,4.495831262829597e-09,2.8181471046176544e-09,0,0,0,0
2025-04-04 16:30:00+00:00,155.2342,156.03,153.4688,153.8894,159.1932363771159,159.19323638045014,3.3342359984089853e-09,2.0944583289395847e-09,0,0,0,0
2025-04-04 19:30:00+00:00,153.85,154.43,152.93,153.21,158.840454136714,158.84045413904613,2.332143367311801e-09,1.468230105477113e-09,0,0,0,0
2025-04-07 13:30:00+00:00,151.28,152.71,147.4,148.605,158.41124442208005,158.41124442356858,1.488530187998549e-09,9.396619497744893e-10,0,0,0,0
2025-04-07 16:30:00+00:00,148.57,151.45,148.17,150.405,157.88263675853585,157.88263675932524,7.893845577200409e-10,4.999818687645291e-10,0,0,0,0
2025-04-07 19:30:00+00:00,150.4,150.98,150.08,150.57,157.25989368340277,157.25989368362463,2.2185986381373368e-10,1.410784775553672e-10,0,0,0,0
2025-04-08 13:30:00+00:00,153.59,153.59,151.14,152.21,156.59999117979868,156.59999117956593,-2.3274537852557842e-10,-1.4862413258909713e-10,0,0,0,0
2025-04-08 16:30:00+00:00,152.23,152.4,149.73,150.06,155.94154419665497,155.9415441960706,-5.843787675985368e-10,-3.747421962563021e-10,0,0,0,0
2025-04-08 19:30:00+00:00,150.07,150.17,148.0,150.01,155.28775705982008,155.2877570589825,-8.375877769140061e-10,-5.393778574516662e-10,0,0,0,0
2025-04-09 13:30:00+00:00,142.2,147.43,141.5,146.9,154.59828954980463,154.59828954880334,-1.0012968232331332e-09,-6.476765209685974e-10,0,0,0,0
2025-04-09 16:30:00+00:00,146.8997,153.19,146.76,149.085,153.88412750599014,153.88412750488567,-1.1044676284654997e-09,-7.177268028650368e-10,0,0,0,0
2025-04-09 19:30:00+00:00,149.12,151.52,149.085,150.89,153.1915382647863,153.19153826362057,-1.1657164122880204e-09,-7.609535262144308e-10,0,0,0,0
2025-04-10 13:30:00+00:00,150.37,151.2,145.13,145.585,152.5493277434206,152.5493277422275,-1.1931149401789298e-09,-7.821174683809045e-10,0,0,0,0
2025-04-10 16:30:00+00:00,145.61,149.62,145.54,148.57,151.95359654929308,151.95359654809954,-1.1935412658203859e-09,-7.854643081338363e-10,0,0,0,0
2025-04-10 19:30:00+00:00,148.57,149.18,147.47,148.63,151.39586498413905,151.3958649829672,-1.1718555015249876e-09,-7.740340211060301e-10,0,0,0,0
2025-04-11 13:30:00+00:00,149.33,150.41,148.19,150.285,150.88383561175647,150.88383561062312,-1.1333440852467902e-09,-7.511368468674341e-10,0,0,0,0
2025-04-11 16:30:00+00:00,150.3,152.35,150.26,152.0865,150.43474034773757,150.43474034665454,-1.0830376595549751e-09,-7.199385308549597e-10,0,0,0,0
2025-04-11 19:30:00+00:00,152.09,152.09,151.45,151.64,150.07592074093185,150.0759207399114,-1.0204530553892255e-09,-6.799578842170022e-10,0,0,0,0
2025-04-14 13:30:00+00:00,151.585,154.1225,151.1658,153.36,149.81619757257192,149.81619757162207,-9.49853529164102e-10,-6.340125731091171e-10,0,0,0,0
2025-04-14 16:30:00+00:00,153.36,154.67,153.1167,154.415,149.65660154113482,149.65660154026014,-8.746781077206833e-10,-5.844567487925136e-10,0,0,0,0
2025-04-14 19:30:00+00:00,154.4,154.65,153.95,154.43,149.588432619642,149.58843261884374,-7.98252131062327e-10,-5.336322582455556e-10,0,0,0,0
2025-04-15 13:30:00+00:00,155.7,156.3,152.1,153.305,149.59959102864332,149.59959102792084,-7.224798537208699e-10,-4.829423989418121e-10,0,0,0,0
2025-04-15 16:30:00+00:00,153.305,154.33,153.0,153.5365,149.67385885477665,149.67385885412807,-6.485834092018194e-10,-4.3333112018653664e-10,0,0,0,0
2025-04-15 19:30:00+00:00,153.54,153.79,153.33,153.64,149.8080903387576,149.80809033818113,-5.764775323768845e-10,-3.848106808339316e-10,0,0,0,0
2025-04-16 13:30:00+00:00,155.37,155.63,152.24,154.3,149.98710584626158,149.98710584575446,-5.071285613666987e-10,-3.3811477227016497e-10,0,0,0,0
2025-04-16 16:30:00+00:00,154.295,154.725,153.29,153.46,150.19926463594433,150.199264635503,-4.4133230403531343e-10,-2.9383120157413725e-10,0,0,0,0
2025-04-16 19:30:00+00:00,153.48,153.99,153.21,153.87,150.43256252230532,150.43256252192555,-3.7977088140905835e-10,-2.524525774482822e-10,0,0,0,0
2025-04-17 13:30:00+00:00,154.16,158.69,154.16,158.62,150.70272525656145,150.70272525623926,-3.2218849810305983e-10,-2.1379075763530827e-10,0,0,0,0
2025-04-17 16:30:00+00:00,158.61,159.44,157.76,158.0,151.0428108888843,151.04281088861555,-2.687556843739003e-10,-1.7793344998830316e-10,0,0,0,0
2025-04-17 19:30:00+00:00,158.015,158.145,157.29,157.44,151.52651703575287,151.52651703553383,-2.1904611458012369e-10,-1.4455959185575385e-10,1,0,1,0
2025-04-21 13:30:00+00:00,157.96,158.23,156.44,156.44,152.0750068223656,152.07500682219126,-1.7433876564609818e-10,-1.1463998541833914e-10,0,0,0,0
2025-04-21 16:30:00+00:00,156.465,156.9,155.49,156.14,152.63389533253138,152.6338953323967,-1.346904809906846e-10,-8.82441483244892e-11,0,0,0,0
2025-04-21 19:30:00+00:00,156.15,157.03,156.03,156.9,153.2039625949803,153.20396259488018,-1.0012968232331332e-10,-6.535710997764625e-11,0,0,0,0
2025-04-22 13:30:00+00:00,157.55,158.72,157.1858,157.27,153.7629943647704,153.76299436469975,-7.065636964398436e-11,-4.59514787259976e-11,0,0,0,0
2025-04-22 16:30:00+00:00,157.27,157.79,156.2601,157.255,154.2974661319588,154.2974661319128,-4.5986325858393684e-11,-2.9803681817473986e-11,0,0,0,0
2025-04-22 19:30:00+00:00,157.24,157.95,157.18,157.675,154.80450959869228,154.8045095986665,-2.5778490453376435e-11,-1.6652286500053095e-11,0,0,0,0
2025-04-23 13:30:00+00:00,156.49,157.1,155.02,155.275,155.26286247247876,155.2628624724698,-8.952838470577262e-12,-5.766245918700749e-12,0,0,0,0
2025-04-23 16:30:00+00:00,155.275,155.62,154.33,154.7151,155.6575450484626,155.6575450484675,4.916955731459893e-12,3.158829037120586e-12,0,0,0,0
2025-04-23 19:30:00+00:00,154.71,155.51,154.68,155.29,155.97830984634072,155.97830984635695,1.6228796084760688e-11,1.0404521052156675e-11,0,0,0,0
2025-04-24 13:30:00+00:00,155.8,155.895,153.63,154.53,156.23107958798002,156.23107958800549,2.546585164964199e-11,1.6300118847544124e-11,0,0,0,0
2025-04-24 16:30:00+00:00,154.54,154.98,153.44,154.695,156.42110819713562,156.42110819716842,3.2798652682686225e-11,2.0968175625856377e-11,0,0,0,0
2025-04-24 19:30:00+00:00,154.695,155.1,154.56,154.9,156.55034937429522,156.55034937433365,3.842615114990622e-11,2.4545554387766572e-11,0,0,0,0
2025-04-25 13:30:00+00:00,154.32,154.9,152.45,153.86,156.6285484446086,156.6285484446512,4.25757207267452e-11,2.718260569324118e-11,0,0,0,0
2025-04-25 16:30:00+00:00,153.87,154.62,153.365,153.77,156.6571084562328,156.65710845627825,4.544631337921601e-11,2.901005503488716e-11,0,0,0,0
2025-04-25 19:30:00+00:00,153.78,154.61,153.66,154.54,156.642498860407,156.64249886045422,4.723688107333146e-11,3.015585260512661e-11,0,0,0,0
2025-04-28 13:30:00+00:00,155.5,155.81,153.82,155.16,156.59204459889185,156.59204459893985,4.800426722795237e-11,3.065562324760148e-11,0,0,0,0
2025-04-28 16:30:00+00:00,155.15,155.37,154.65,155.295,156.51831375458914,156.51831375463695,4.780531526193954e-11,3.0542953163228724e-11,0,0,0,0
2025-04-28 19:30:00+00:00,155.3,155.78,155.08,155.32,156.4315036149252,156.43150361497197,4.6782133722444996e-11,2.9905826282667976e-11,0,0,0,0
2025-04-29 13:30:00+00:00,155.45,157.02,154.29,156.74,156.34082795760966,156.34082795765474,4.5076831156620756e-11,2.8832411690209873e-11,0,0,0,0
2025-04-29 16:30:00+00:00,156.72,156.72,155.99,156.03,156.2568194253926,156.25681942543548,4.288835953047965e-11,2.7447352178416382e-11,0,0,0,0
2025-04-29 19:30:00+00:00,156.05,156.3,155.83,155.85,156.18438162354008,156.18438162358046,4.0387249100604095e-11,2.585869898179175e-11,0,0,0,0
2025-04-30 13:30:00+00:00,158.2,158.2,155.07,155.7,156.12347270708707,156.12347270712485,3.7772451833006926e-11,2.4193960829883772e-11,0,0,0,0
2025-04-30 16:30:00+00:00,155.7,156.19,155.4,155.433,156.07306389201156,156.07306389204655,3.498712430882733e-11,2.2417144532406476e-11,0,0,0,0
2025-04-30 19:30:00+00:00,155.44,156.53,155.021,156.24,156.0300014251597,156.03000142519176,3.205968823749572e-11,2.0547130644533935e-11,0,0,0,0
2025-05-01 13:30:00+00:00,155.0,155.08,153.36,154.28,155.98631905973554,155.9863190597646,2.90754087473033e-11,1.863971720248669e-11,0,0,0,0
2025-05-01 16:30:00+00:00,154.275,155.085,154.14,154.69,155.9302238560154,155.9302238560415,2.609112925711088e-11,1.6732567049479258e-11,0,0,0,0
2025-05-01 19:30:00+00:00,154.71,154.895,154.29,154.42,155.86029329779836,155.86029329782158,2.3220536604640074e-11,1.489830162212846e-11,0,0,0,0
2025-05-02 13:30:00+00:00,156.07,156.13,155.04,155.34,155.7833381020254,155.78333810204583,2.043520908046048e-11,1.3117711643254868e-11,0,0,0,0
2025-05-02 16:30:00+00:00,155.36,156.715,155.235,156.38,155.70951336834435,155.70951336836214,1.779199010343291e-11,1.142639888761608e-11,0,0,0,0
2025-05-02 19:30:00+00:00,156.375,156.62,155.945,156.07,155.65019299470467,155.65019299471996,1.5290879673557356e-11,9.823874535174887e-12,0,0,0,0
2025-05-05 13:30:00+00:00,156.67,156.795,154.725,155.18,155.60798120282766,155.60798120284062,1.2960299500264227e-11,8.328814113571135e-12,0,0,0,0
2025-05-05 16:30:00+00:00,155.2,155.4797,154.8277,155.07,155.5758276120164,155.57582761202724,1.0828671292983927e-11,6.960381608889181e-12,0,0,0,0
2025-05-05 19:30:00+00:00,155.065,155.39,154.97,155.15,155.54640225370343,155.54640225371236,8.924416761146858e-12,5.737462668272275e-12,0,0,0,0
2025-05-06 13:30:00+00:00,154.82,155.74,153.685,155.3744,155.51522052120313,155.5152205212103,7.16227077646181e-12,4.6055111213280226e-12,0,0,0,0
2025-05-06 16:30:00+00:00,155.39,155.9,153.835,154.19,155.48072976389227,155.48072976389787,5.5990767577895895e-12,3.6011387175067653e-12,0,0,0,0
2025-05-06 19:30:00+00:00,154.21,154.65,154.195,154.44,155.4403518012804,155.44035180128463,4.234834705130197e-12,2.7244114260267094e-12,0,0,0,0
2025-05-07 13:30:00+00:00,154.74,157.54,154.5,157.5,155.39714563312157,155.39714563312464,3.069544618483633e-12,1.9752902191205923e-12,0,0,0,0
2025-05-07 16:30:00+00:00,157.49,157.9423,156.95,157.1083,155.3684774968177,155.36847749681974,2.0463630789890885e-12,1.317103129256707e-12,0,0,0,0
2025-05-07 19:30:00+00:00,157.135,157.67,157.021,157.24,155.36901695419664,155.3690169541978,1.1652900866465643e-12,7.500144555784222e-13,0,0,0,0
2025-05-08 13:30:00+00:00,155.82,157.03,154.78,156.4,155.39558209554133,155.39558209554173,3.979039320256561e-13,2.5605871586556056e-13,0,0,0,0
2025-05-08 16:30:00+00:00,156.42,156.71,155.8635,156.19,155.43759069419642,155.4375906941962,-2.2737367544323206e-13,-1.4627972193068838e-13,0,0,0,0
2025-05-08 19:30:00+00:00,156.2,156.32,155.36,155.62,155.48504668562467,155.48504668562387,-7.958078640513122e-13,-5.118227643204538e-13,0,0,0,0
2025-05-09 13:30:00+00:00,155.42,156.06,155.06,155.42,155.53071224827204,155.53071224827082,-1.2221335055073723e-12,-7.857827485265376e-13,0,0,0,0
2025-05-09 16:30:00+00:00,155.42,155.45,154.29,154.435,155.56781213622332,155.56781213622176,-1.5631940186722204e-12,-1.0048312676039988e-12,0,0,0,0
2025-05-09 19:30:00+00:00,154.43,154.47,153.81,154.19,155.59016073998703,155.5901607399852,-1.8189894035458565e-12,-1.1690902528120931e-12,0,0,0,0
2025-05-12 13:30:00+00:00,152.02,155.36,151.18,154.73,155.5889219790657,155.5889219790637,-1.9895196601282805e-12,-1.2787026446497056e-12,0,0,0,0
2025-05-12 16:30:00+00:00,154.73,155.13,154.0306,154.555,155.5659567899613,155.5659567899592,-2.1032064978498966e-12,-1.3519709204048793e-12,0,0,0,0
2025-05-12 19:30:00+00:00,154.54,154.54,153.59,154.16,155.52184068431472,155.52184068431262,-2.1032064978498966e-12,-1.3523544272595643e-12,0,0,0,0
2025-05-13 13:30:00+00:00,151.7,151.7,148.345,148.405,155.42572554197255,155.4257255419705,-2.0463630789890885e-12,-1.3166179999182119e-12,0,1,0,1
2025-05-13 16:30:00+00:00,148.42,149.63,148.08,149.41,155.22571852794778,155.2257185279458,-1.9895196601282805e-12,-1.2816946051179498e-12,0,0,0,0
2025-05-13 19:30:00+00:00,149.4,149.45,148.36,148.45,154.90191765675775,154.90191765675587,-1.8758328224066645e-12,-1.2109810199788896e-12,0,0,0,0
2025-05-14 13:30:00+00:00,148.665,148.82,146.115,146.29,154.4415529427248,154.4415529427231,-1.7053025658242404e-12,-1.1041734127451166e-12,0,0,0,0
2025-05-14 16:30:00+00:00,146.26,146.67,146.12,146.52,153.86186069865286,153.86186069865138,-1.4779288903810084e-12,-9.605557112529762e-13,0,0,0,0
2025-05-14 19:30:00+00:00,146.52,146.78,146.15,146.32,153.18480355028817,153.18480355028692,-1.2505552149377763e-12,-8.163702834447536e-13,0,0,0,0
2025-05-15 13:30:00+00:00,148.0,149.37,147.33,149.04,152.49271195320944,152.49271195320847,-9.663381206337363e-13,-6.336946259636628e-13,0,0,0,0
2025-05-15 16:30:00+00:00,149.04,149.49,148.59,149.46,151.83242090092568,151.83242090092494,-7.389644451905042e-13,-4.866974002032783e-13,0,0,0,0
2025-05-15 19:30:00+00:00,149.465,149.65,149.22,149.62,151.23323692462276,151.2332369246222,-5.684341886080801e-13,-3.758659142443652e-13,0,0,0,0
2025-05-16 13:30:00+00:00,149.67,151.46,149.22,151.135,150.71989673730883,150.71989673730837,-4.547473508864641e-13,-3.0171686733507233e-13,0,0,0,0
2025-05-16 16:30:00+00:00,151.14,151.5,150.8,151.12,150.3028233985172,150.30282339851686,-3.410605131648481e-13,-2.2691557314299445e-13,0,0,0,0
2025-05-16 19:30:00+00:00,151.11,151.43,150.94,151.32,149.9817602361992,149.98176023619902,-1.7053025658242404e-13,-1.1370066354326286e-13,0,0,0,0
2025-05-19 13:30:00+00:00,151.89,152.38,151.05,152.06,149.75097082085375,149.75097082085372,-2.842170943040401e-14,-1.897931564290474e-14,0,0,0,0
2025-05-19 16:30:00+00:00,152.06,152.38,151.79,152.13,149.60260729909623,149.6026072990963,5.684341886080802e-14,3.7996275524237746e-14,0,0,0,0
2025-05-19 19:30:00+00:00,152.12,152.66,152.12,152.5,149.52586811487174,149.52586811487186,1.1368683772161603e-13,7.603155170065775e-14,0,0,0,0
2025-05-20 13:30:00+00:00,152.33,153.8,152.12,153.241,149.51116870704587,149.51116870704604,1.7053025658242404e-13,1.1405854027973205e-13,0,0,0,0
2025-05-20 16:30:00+00:00,153.25,154.0399,153.17,153.56,149.54936993985302,149.54936993985328,2.5579538487363607e-13,1.710441073583352e-13,0,0,0,0
2025-05-20 19:30:00+00:00,153.56,153.73,153.39,153.63,149.6359993761704,149.63599937617067,2.8421709430404007e-13,1.8993898225623224e-13,1,0,1,0
2025-05-21 13:30:00+00:00,153.19,154.43,153.03,154.1119,149.77019984085052,149.77019984085084,3.126388037344441e-13,2.0874566774075334e-13,0,0,0,0
2025-05-21 16:30:00+00:00,154.111,154.24,153.32,153.4321,149.9418566973269,149.94185669732724,3.410605131648481e-13,2.2746184466243734e-13,0,0,0,0
2025-05-21 19:30:00+00:00,153.45,153.615,153.0,153.07,150.16852367061858,150.16852367061898,3.979039320256561e-13,2.649715947786923e-13,0,0,0,0
2025-05-22 13:30:00+00:00,152.645,153.13,151.37,152.35,150.41895072027216,150.41895072027256,3.979039320256561e-13,2.645304531911151e-13,0,0,0,0
2025-05-22 16:30:00+00:00,152.355,153.32,151.805,153.28,150.67526434825078,150.67526434825112,3.410605131648481e-13,2.2635468047135205e-13,0,0,0,0
2025-05-22 19:30:00+00:00,153.29,153.3134,152.42,152.58,150.93738883228022,150.93738883228048,2.5579538487363607e-13,1.694711872602174e-13,0,0,0,0
2025-05-23 13:30:00+00:00,153.0,153.48,152.21,152.655,151.20697646847424,151.20697646847444,1.9895196601282805e-13,1.315759171034733e-13,0,0,0,0
2025-05-23 16:30:00+00:00,152.64,153.24,152.47,153.01,151.47336563463736,151.4733656346375,1.4210854715202004e-13,9.381751475357998e-14,0,0,0,0
2025-05-23 19:30:00+00:00,153.015,153.39,152.7255,152.98,151.72458028541126,151.72458028541132,5.684341886080802e-14,3.7464871383317756e-14,0,0,0,0
2025-05-27 13:30:00+00:00,152.52,153.42,151.93,152.49,151.9534077423022,151.9534077423022,0.0,0.0,0,0,0,0
2025-05-27 16:30:00+00:00,152.5,154.045,152.4173,153.8,152.15883035252216,152.1588303525221,-5.684341886080802e-14,-3.735794940662528e-14,0,0,0,0
2025-05-27 19:30:00+00:00,153.82,153.95,153.16,153.28,152.34529816274755,152.34529816274744,-1.1368683772161603e-13,-7.462444794335993e-14,0,0,0,0
2025-05-28 13:30:00+00:00,153.28,153.64,152.07,152.45,152.51445052639576,152.51445052639565,-1.1368683772161603e-13,-7.454168265972947e-14,0,0,0,0
2025-05-28 16:30:00+00:00,152.45,152.84,151.93,152.67,152.66178962781953,152.6617896278194,-1.4210854715202004e-13,-9.308717492338608e-14,0,0,0,0
2025-05-28 19:30:00+00:00,152.675,152.78,152.345,152.45,152.78339188643702,152.7833918864369,-1.1368683772161603e-13,-7.44104685188026e-14,0,0,0,0
2025-05-29 13:30:00+00:00,151.75,154.04,151.56,152.74,152.87972492323723,152.87972492323712,-1.1368683772161603e-13,-7.436358076828014e-14,0,0,0,0
2025-05-29 16:30:00+00:00,152.73,153.5,152.6751,153.4,152.95619569595237,152.9561956959522,-1.7053025658242404e-13,-1.1148960380879605e-13,0,0,0,0
2025-05-29 19:30:00+00:00,153.42,153.655,153.27,153.57,153.02090977136828,153.02090977136805,-2.2737367544323206e-13,-1.4858993831820488e-13,0,0,0,0
2025-05-30 13:30:00+00:00,153.9,155.1,153.22,154.37,153.08159952359327,153.081599523593,-2.5579538487363607e-13,-1.670974079639221e-13,0,0,0,0
2025-05-30 16:30:00+00:00,154.39,155.45,154.3201,155.355,153.1495285508381,153.14952855083783,-2.8421709430404007e-13,-1.8558143599488389e-13,0,0,0,0
2025-05-30 19:30:00+00:00,155.35,155.71,154.87,154.93,153.23328154396364,153.23328154396336,-2.8421709430404007e-13,-1.8548000241220203e-13,0,0,0,0
2025-06-02 13:30:00+00:00,154.48,154.71,152.3,154.18,153.3267847229558,153.32678472295552,-2.8421709430404007e-13,-1.8536689125620698e-13,0,0,0,0
2025-06-02 16:30:00+00:00,154.19,155.19,154.03,155.04,153.42576394977914,153.42576394977885,-2.8421709430404007e-13,-1.8524730591993197e-13,0,0,0,0
2025-06-02 19:30:00+00:00,155.04,155.54,154.88,155.45,153.53151845569,153.5315184556897,-2.8421709430404007e-13,-1.8511970516729217e-13,0,0,0,0
2025-06-03 13:30:00+00:00,154.8,155.66,154.11,154.49,153.6438150862396,153.64381508623933,-2.8421709430404007e-13,-1.849844031434069e-13,0,0,0,0
2025-06-03 16:30:00+00:00,154.47,155.02,154.275,154.75,153.76033577861307,153.76033577861278,-2.8421709430404007e-13,-1.8484422062739317e-13,0,0,0,0
2025-06-03 19:30:00+00:00,154.75,154.88,154.08,154.37,153.87373397210257,153.87373397210231,-2.5579538487363607e-13,-1.6623719868916158e-13,0,0,0,0
2025-06-04 13:30:00+00:00,154.93,154.93,153.13,153.7588,153.97743941312626,153.97743941312604,-2.2737367544323206e-13,-1.4766687659559102e-13,0,0,0,0
2025-06-04 16:30:00+00:00,153.775,154.42,153.555,153.61,154.06610633214063,154.06610633214046,-1.7053025658242404e-13,-1.1068641938337136e-13,0,0,0,0
2025-06-04 19:30:00+00:00,153.61,153.79,153.21,153.23,154.13593537304166,154.13593537304155,-1.1368683772161603e-13,-7.375751634196773e-14,0,0,0,0
2025-06-05 13:30:00+00:00,153.68,153.85,152.64,153.62,154.18633594334128,154.18633594334125,-2.842170943040401e-14,-1.843335160441721e-14,0,0,0,0
2025-06-05 16:30:00+00:00,153.625,154.09,153.07,153.845,154.217354754093,154.21735475409304,2.842170943040401e-14,1.842964397601281e-14,0,0,0,0
2025-06-05 19:30:00+00:00,153.86,154.09,153.41,153.64,154.23128762358562,154.23128762358567,5.684341886080802e-14,3.685595817596955e-14,0,0,0,0
2025-06-06 13:30:00+00:00,154.0,156.03,154.0,154.8,154.23458256216486,154.23458256216495,8.526512829121202e-14,5.528275622417273e-14,0,0,0,0
2025-06-06 16:30:00+00:00,154.81,154.9,154.29,154.8,154.24002557813992,154.24002557814006,1.4210854715202004e-13,9.213467556125766e-14,0,0,0,0
2025-06-06 19:30:00+00:00,154.79,155.16,154.71,155.01,154.25455609875365,154.25455609875382,1.7053025658242404e-13,1.1055119595511377e-13,0,0,0,0
2025-06-09 13:30:00+00:00,154.85,155.68,154.45,155.59,154.28019852437768,154.28019852437785,1.7053025658242404e-13,1.1053282158920655e-13,0,0,0,0
2025-06-09 16:30:00+00:00,155.59,155.99,155.41,155.41,154.3191512346377,154.3191512346379,1.9895196601282805e-13,1.289224081529113e-13,0,0,0,0
2025-06-09 19:30:00+00:00,155.41,155.61,155.1,155.23,154.36942133836703,154.36942133836726,2.2737367544323206e-13,1.4729191407982595e-13,0,0,0,0
2025-06-10 13:30:00+00:00,155.43,156.88,155.02,156.7,154.4311460495154,154.43114604951563,2.2737367544323206e-13,1.4723304285414617e-13,0,0,0,0
2025-06-10 16:30:00+00:00,156.705,157.44,156.53,156.53,154.509899425575,154.5098994255752,2.2737367544323206e-13,1.4715799847682537e-13,0,0,0,0
2025-06-10 19:30:00+00:00,156.53,156.565,156.193,156.5,154.61703305544154,154.6170330554417,1.7053025658242404e-13,1.1029202489047662e-13,0,0,0,0
2025-06-11 13:30:00+00:00,156.3,156.6,155.47,155.72,154.73801683316103,154.73801683316123,1.9895196601282805e-13,1.2857342370319934e-13,0,0,0,0
2025-06-11 16:30:00+00:00,155.72,155.91,154.73,154.89,154.85886884939657,154.85886884939677,1.9895196601282805e-13,1.2847308487466283e-13,0,0,0,0
2025-06-11 19:30:00+00:00,154.89,155.3,154.77,155.25,154.9699494802213,154.9699494802215,1.9895196601282805e-13,1.2838099688367012e-13,0,0,0,0
2025-06-12 13:30:00+00:00,156.17,156.29,155.17,155.54,155.06655993834823,155.0665599383484,1.7053025658242404e-13,1.0997229618702053e-13,0,0,0,0
2025-06-12 16:30:00+00:00,155.53,156.52,155.38,156.35,155.15266519641816,155.15266519641833,1.7053025658242404e-13,1.0991126473176493e-13,0,0,0,0
2025-06-12 19:30:00+00:00,156.34,156.675,156.16,156.66,155.2384560353433,155.2384560353435,1.9895196601282805e-13,1.2815894404897485e-13,0,0,0,0
2025-06-13 13:30:00+00:00,155.97,157.6,155.97,157.2,155.3337324386789,155.3337324386791,1.9895196601282805e-13,1.2808033573220698e-13,0,0,0,0
2025-06-13 16:30:00+00:00,157.2,157.67,156.6775,156.78,155.44804979590322,155.44804979590344,2.2737367544323206e-13,1.4626987970692728e-13,0,0,0,0
2025-06-13 19:30:00+00:00,156.81,157.2,156.71,157.09,155.58030508678974,155.58030508679,2.5579538487363607e-13,1.6441373137232366e-13,0,0,0,0
2025-06-16 13:30:00+00:00,156.42,156.495,154.67,155.06,155.7104955735187,155.71049557351898,2.8421709430404007e-13,1.825291822861401e-13,0,0,0,0
2025-06-16 16:30:00+00:00,155.05,155.18,154.45,154.715,155.82289838576168,155.82289838576196,2.8421709430404007e-13,1.823975149020912e-13,0,0,0,0
2025-06-16 19:30:00+00:00,154.72,155.29,154.7012,155.25,155.90777648731572,155.90777648731597,2.5579538487363607e-13,1.6406839391648111e-13,0,0,0,0
2025-06-17 13:30:00+00:00,154.965,155.28,153.55,153.765,155.96115367390783,155.96115367390806,2.2737367544323206e-13,1.4578865960342757e-13,0,0,0,0
2025-06-17 16:30:00+00:00,153.75,153.777,152.41,152.56,155.97210515170315,155.97210515170332,1.7053025658242404e-13,1.0933381736212459e-13,0,0,0,0
2025-06-17 19:30:00+00:00,152.5587,152.58,152.105,152.34,155.92705264807995,155.92705264808012,1.7053025658242404e-13,1.0936540753277934e-13,0,0,0,0
2025-06-18 13:30:00+00:00,152.57,152.645,150.76,151.04,155.80864975058466,155.80864975058483,1.7053025658242404e-13,1.0944851704665013e-13,0,1,0,1
2025-06-18 16:30:00+00:00,151.0214,151.88,150.82,151.065,155.6174014127206,155.61740141272077,1.7053025658242404e-13,1.0958302544209199e-13,0,0,0,0
2025-06-18 19:30:00+00:00,151.055,151.39,150.71,150.8,155.33488390943225,155.3348839094324,1.4210854715202004e-13,9.148527592480526e-14,0,0,0,0
2025-06-20 13:30:00+00:00,151.26,151.395,149.09,149.34,154.94772172815374,154.94772172815382,8.526512829121202e-14,5.502832009418277e-14,0,0,0,0
2025-06-20 16:30:00+00:00,149.35,149.89,149.04,149.17,154.4744419769978,154.47444197699787,5.684341886080802e-14,3.6797944134520546e-14,0,0,0,0
2025-06-20 19:30:00+00:00,149.18,149.9,149.13,149.74,153.942243247087,153.94224324708705,5.684341886080802e-14,3.6925159502561454e-14,0,0,0,0
2025-06-23 13:30:00+00:00,149.74,151.21,149.74,150.625,153.4109405247865,153.41094052478655,5.684341886080802e-14,3.7053041110600494e-14,0,0,0,0
2025-06-23 16:30:00+00:00,150.61,150.96,150.06,150.85,152.90600612374476,152.90600612374482,5.684341886080802e-14,3.7175399647025905e-14,0,0,0,0
2025-06-23 19:30:00+00:00,150.86,151.43,150.72,151.3,152.44868265532654,152.4486826553266,5.684341886080802e-14,3.728692033982749e-14,0,0,0,0
2025-06-24 13:30:00+00:00,151.5,152.18,150.98,152.0,152.0529556723813,152.05295567238136,5.684341886080802e-14,3.738396179768111e-14,0,0,0,0
2025-06-24 16:30:00+00:00,152.0,152.635,151.9704,152.635,151.7282674816035,151.72826748160355,5.684341886080802e-14,3.746396093773368e-14,0,0,0,0
2025-06-24 19:30:00+00:00,152.63,152.72,152.14,152.2,151.48438154908453,151.48438154908462,8.526512829121202e-14,5.6286415417409946e-14,0,0,0,0
2025-06-25 13:30:00+00:00,151.38,152.94,150.73,152.702,151.31891773778412,151.31891773778426,1.4210854715202004e-13,9.391327223095499e-14,0,0,0,0
2025-06-25 16:30:00+00:00,152.71,153.07,152.33,153.01,151.21374496933936,151.2137449693396,2.2737367544323206e-13,1.503657458449529e-13,0,0,0,0
2025-06-25 19:30:00+00:00,153.0,153.04,152.24,152.31,151.15638335143376,151.15638335143404,2.8421709430404007e-13,1.8802850928448348e-13,0,0,0,0
2025-06-26 13:30:00+00:00,152.7,153.22,152.17,152.62,151.13776663384513,151.13776663384544,3.126388037344441e-13,2.0685683710800124e-13,0,0,0,0
2025-06-26 16:30:00+00:00,152.61,152.7399,151.63,152.02,151.1541858272959,151.15418582729623,3.410605131648481e-13,2.2563749147809463e-13,0,0,0,0
2025-06-26 19:30:00+00:00,152.01,152.345,151.53,152.05,151.1911924938261,151.19119249382638,2.8421709430404007e-13,1.8798521899061422e-13,0,0,0,0
2025-06-27 13:30:00+00:00,152.01,153.27,151.01,153.27,151.23731531358754,151.23731531358783,2.8421709430404007e-13,1.8792788916857037e-13,0,0,0,0
2025-06-27 16:30:00+00:00,153.25,153.33,152.06,152.225,151.29154010397113,151.29154010397139,2.5579538487363607e-13,1.6907448010499954e-13,0,0,0,0
2025-06-27 19:30:00+00:00,152.23,152.56,152.0175,152.38,151.3555218533823,151.35552185338253,2.2737367544323206e-13,1.5022489609826614e-13,0,0,0,0
2025-06-30 13:30:00+00:00,152.07,152.8914,151.6,151.82,151.42566532831097,151.42566532831117,1.9895196601282805e-13,1.3138589523874553e-13,0,0,0,0
2025-06-30 16:30:00+00:00,151.83,152.15,151.52,152.15,151.49663328870056,151.49663328870076,1.9895196601282805e-13,1.3132434806897253e-13,0,0,0,0
2025-06-30 19:30:00+00:00,152.14,152.97,152.06,152.66,151.56818132837753,151.56818132837776,2.2737367544323206e-13,1.500141213350178e-13,0,0,0,0
2025-07-01 13:30:00+00:00,153.0,157.75,152.81,156.43,151.67328540585606,151.67328540585632,2.5579538487363607e-13,1.6864893787272038e-13,0,0,0,0
2025-07-01 16:30:00+00:00,156.41,156.49,155.07,155.91,151.86263061498326,151.86263061498354,2.8421709430404007e-13,1.8715407019691013e-13,1,0,1,0
2025-07-01 19:30:00+00:00,155.92,156.1,155.68,155.9,152.1496742362669,152.14967423626715,2.5579538487363607e-13,1.681208889586067e-13,0,0,0,0
2025-07-02 13:30:00+00:00,156.0,156.3,155.07,155.385,152.4991245045311,152.49912450453135,2.5579538487363607e-13,1.6773564156824768e-13,0,0,0,0
2025-07-02 16:30:00+00:00,155.41,155.932,155.35,155.39,152.87494344019265,152.8749434401929,2.5579538487363607e-13,1.6732328995019886e-13,0,0,0,0
2025-07-02 19:30:00+00:00,155.385,155.809,155.37,155.55,153.24706727881346,153.2470672788137,2.2737367544323206e-13,1.4837065366448723e-13,0,0,0,0
2025-07-03 13:30:00+00:00,155.43,156.2292,154.88,156.04,153.60218624712496,153.6021862471252,2.2737367544323206e-13,1.4802762968322523e-13,0,0,0,0
2025-07-03 16:30:00+00:00,156.04,156.28,155.88,155.92,153.93822344376747,153.9382234437677,2.2737367544323206e-13,1.4770449493090977e-13,0,0,0,0
2025-07-07 13:30:00+00:00,156.02,156.35,154.89,155.11,154.2504194652543,154.2504194652545,1.9895196601282805e-13,1.289798541245737e-13,0,0,0,0
2025-07-07 16:30:00+00:00,155.12,155.84,154.96,155.025,154.53135327390862,154.5313532739088,1.7053025658242404e-13,1.1035317621282793e-13,0,0,0,0
2025-07-07 19:30:00+00:00,155.05,155.31,154.955,155.27,154.77471273613804,154.77471273613816,1.1368683772161603e-13,7.34531085290598e-14,0,0,0,0
2025-07-08 13:30:00+00:00,154.48,156.76,154.21,156.31,154.98010427942927,154.98010427942936,8.526512829121202e-14,5.5016822118972713e-14,0,0,0,0
2025-07-08 16:30:00+00:00,156.3,156.37,154.73,155.61,155.1529079681595,155.15290796815952,2.842170943040401e-14,1.8318515458464183e-14,0,0,0,0
2025-07-08 19:30:00+00:00,155.615,155.82,155.38,155.78,155.2992485007311,155.2992485007311,0.0,0.0,0,0,0,0
2025-07-09 13:30:00+00:00,155.79,156.69,155.19,155.335,155.42280233977831,155.4228023397783,-2.842170943040401e-14,-1.828670504104652e-14,0,0,0,0
2025-07-09 16:30:00+00:00,155.33,155.82,155.065,155.81,155.52626579141872,155.52626579141867,-5.684341886080802e-14,-3.6549079714318196e-14,0,0,0,0
2025-07-09 19:30:00+00:00,155.79,156.34,155.71,156.26,155.61157573010252,155.61157573010246,-5.684341886080802e-14,-3.652904264615827e-14,0,0,0,0
2025-07-10 13:30:00+00:00,156.1,159.24,155.8209,157.78,155.69623383447708,155.696233834477,-8.526512829121202e-14,-5.476377057511784e-14,0,0,0,0
2025-07-10 16:30:00+00:00,157.77,158.0,157.32,157.595,155.81361848930678,155.8136184893067,-8.526512829121202e-14,-5.4722513422062415e-14,0,0,0,0
2025-07-10 19:30:00+00:00,157.595,157.745,157.4,157.65,155.96843079367392,155.96843079367386,-5.684341886080802e-14,-3.6445464361954445e-14,0,0,0,0
2025-07-11 13:30:00+00:00,157.085,157.085,155.18,156.32,156.12059477334216,156.1205947733421,-5.684341886080802e-14,-3.640994254687154e-14,0,0,0,0
2025-07-11 16:30:00+00:00,156.32,157.1,156.26,157.1,156.26015506008486,156.26015506008477,-8.526512829121202e-14,-5.4566135723099746e-14,0,0,0,0
2025-07-11 19:30:00+00:00,157.1,157.18,156.68,156.85,156.38236853208377,156.38236853208363,-1.4210854715202004e-13,-9.08724867681389e-14,0,0,0,0
2025-07-14 13:30:00+00:00,156.87,157.47,155.52,155.83,156.48821719832347,156.48821719832333,-1.4210854715202004e-13,-9.081102059711019e-14,0,0,0,0
2025-07-14 16:30:00+00:00,155.84,156.675,155.79,156.53,156.5760148870664,156.57601488706624,-1.7053025658242404e-13,-1.0891211958959514e-13,0,0,0,0
2025-07-14 19:30:00+00:00,156.54,156.94,156.52,156.81,156.64553207552342,156.6455320755232,-2.2737367544323206e-13,-1.4515171446678e-13,0,0,0,0
2025-07-15 13:30:00+00:00,156.36,157.19,154.8,155.15,156.70002909383783,156.70002909383751,-3.126388037344441e-13,-1.9951419635488664e-13,0,0,0,0
2025-07-15 16:30:00+00:00,155.16,155.68,154.92,155.525,156.73468405433914,156.73468405433877,-3.694822225952521e-13,-2.3573737033671145e-13,0,0,0,0
2025-07-15 19:30:00+00:00,155.51,155.6565,155.1,155.18,156.7465812983689,156.74658129836848,-4.263256414560601e-13,-2.719840126175029e-13,0,0,0,0
2025-07-16 13:30:00+00:00,160.3,166.12,159.8,164.79,156.75368492541497,156.75368492541452,-4.547473508864641e-13,-2.901031328882875e-13,0,0,0,0
2025-07-16 16:30:00+00:00,164.795,165.55,163.6716,164.595,156.88079824824467,156.88079824824422,-4.547473508864641e-13,-2.898680756117024e-13,0,0,0,0
2025-07-16 19:30:00+00:00,164.595,164.86,164.39,164.77,157.2114616434078,157.2114616434074,-3.979039320256561e-13,-2.531010957255743e-13,0,0,0,0
2025-07-17 13:30:00+00:00,163.18,164.7,162.297,163.2,157.6777616603245,157.67776166032417,-3.410605131648481e-13,-2.163022290356796e-13,0,0,0,0
2025-07-17 16:30:00+00:00,163.19,164.07,162.9,163.415,158.2253540588839,158.2253540588836,-3.126388037344441e-13,-1.975908384556971e-13,0,0,0,0
2025-07-17 19:30:00+00:00,163.43,163.78,162.88,163.1,158.8033144525059,158.80331445250562,-2.8421709430404007e-13,-1.7897428355567623e-13,0,0,0,0
2025-07-18 13:30:00+00:00,163.93,165.1,163.81,164.0304,159.3886742376298,159.38867423762954,-2.5579538487363607e-13,-1.6048529551872373e-13,0,0,0,0
2025-07-18 16:30:00+00:00,164.02,164.48,163.36,164.04,159.96719656288218,159.96719656288192,-2.5579538487363607e-13,-1.5990489948549195e-13,0,0,0,0
2025-07-18 19:30:00+00:00,164.035,164.075,163.51,163.7,160.52239573467608,160.52239573467583,-2.5579538487363607e-13,-1.5935183604936636e-13,0,0,0,0
2025-07-21 13:30:00+00:00,163.77,164.89,162.78,164.42,161.04653631776185,161.04653631776165,-1.9895196601282805e-13,-1.2353694190620454e-13,0,0,0,0
2025-07-21 16:30:00+00:00,164.42,164.915,164.07,164.24,161.53464595892314,161.534645958923,-1.4210854715202004e-13,-8.797403572986875e-14,0,0,0,0
2025-07-21 19:30:00+00:00,164.245,164.42,164.11,164.4,161.9921325714744,161.99213257147426,-1.4210854715202004e-13,-8.772558574060299e-14,0,0,0,0
2025-07-22 13:30:00+00:00,165.0,167.33,164.71,166.5,162.42706598707457,162.42706598707446,-1.1368683772161603e-13,-6.9992545288396e-14,0,0,0,0
2025-07-22 16:30:00+00:00,166.54,167.73,166.42,167.73,162.86601337692196,162.8660133769219,-5.684341886080802e-14,-3.490195264327794e-14,0,0,0,0
2025-07-22 19:30:00+00:00,167.74,168.055,167.45,167.91,163.35294254892858,163.35294254892858,0.0,0.0,0,0,0,0
2025-07-23 13:30:00+00:00,168.6,168.71,166.59,168.01,163.88039837317086,163.88039837317092,5.684341886080802e-14,3.4685916940090834e-14,0,0,0,0
2025-07-23 16:30:00+00:00,168.0,168.93,167.53,168.45,164.43795344474094,164.43795344474105,1.1368683772161603e-13,6.913661678465262e-14,0,0,0,0
2025-07-23 19:30:00+00:00,168.45,169.12,168.42,169.11,165.02973288296712,165.02973288296727,1.4210854715202004e-13,8.611087509473101e-14,0,0,0,0
2025-07-24 13:30:00+00:00,169.5,169.99,168.88,169.005,165.65670312284058,165.65670312284072,1.4210854715202004e-13,8.578496642338782e-14,0,0,0,0
2025-07-24 16:30:00+00:00,169.0,169.505,168.89,169.263,166.28445248473315,166.2844524847333,1.4210854715202004e-13,8.54611149921351e-14,0,0,0,0
2025-07-24 19:30:00+00:00,169.27,169.775,169.1,169.57,166.86497295978552,166.86497295978566,1.4210854715202004e-13,8.51637971896404e-14,0,0,0,0
2025-07-25 13:30:00+00:00,169.75,169.88,167.47649,167.72,167.38192751846506,167.38192751846526,1.9895196601282805e-13,1.1886107954568768e-13,0,0,0,0
2025-07-25 16:30:00+00:00,167.735,168.41,167.44,168.41,167.82614633931897,167.82614633931925,2.8421709430404007e-13,1.6935209471436966e-13,0,0,0,0
2025-07-25 19:30:00+00:00,168.4,168.4172,168.15,168.35,168.179843255182,168.17984325518233,3.410605131648481e-13,2.0279511894142477e-13,0,0,0,0
2025-07-28 13:30:00+00:00,167.86,167.94,166.04,167.17,168.45544110906795,168.4554411090683,3.410605131648481e-13,2.024633404058617e-13,0,0,0,0
2025-07-28 16:30:00+00:00,167.17,167.21,165.675,166.0,168.65523936694663,168.65523936694692,2.8421709430404007e-13,1.6851957601249682e-13,0,0,0,0
2025-07-28 19:30:00+00:00,166.01,166.29,165.05,166.21,168.78352568419683,168.78352568419706,2.2737367544323206e-13,1.3471319225115642e-13,0,0,0,0
2025-07-29 13:30:00+00:00,166.67,168.7817,166.37,168.6676,168.83059064225606,168.83059064225628,2.2737367544323206e-13,1.3467563821122086e-13,0,0,0,0
2025-07-29 16:30:00+00:00,168.68,168.72,167.57,167.75,168.82421690507957,168.8242169050797,1.4210854715202004e-13,8.417545169596122e-14,0,0,0,0
2025-07-29 19:30:00+00:00,167.74,168.19,167.69,168.12,168.79460580084728,168.79460580084734,5.684341886080802e-14,3.367608733176868e-14,0,1,0,1
2025-07-30 13:30:00+00:00,167.695,168.55,167.1,168.09,168.75398823449564,168.75398823449564,0.0,0.0,0,0,0,0
2025-07-30 16:30:00+00:00,168.08,168.61,167.05,167.0999,168.70391671984143,168.70391671984137,-5.684341886080802e-14,-3.369419036975009e-14,0,0,0,0
2025-07-30 19:30:00+00:00,167.13,167.38,166.78,167.26,168.64591355470154,168.64591355470142,-1.1368683772161603e-13,-6.741155793540225e-14,0,0,0,0
2025-07-31 13:30:00+00:00,165.93,167.07,165.0729,166.32,168.57355043179615,168.57355043179595,-1.9895196601282805e-13,-1.1802086715455569e-13,0,0,0,0
2025-07-31 16:30:00+00:00,166.32,166.775,164.81,165.0294,168.47469317411773,168.47469317411748,-2.5579538487363607e-13,-1.5183015327368653e-13,0,0,0,0
2025-07-31 19:30:00+00:00,165.03,165.085,164.23,164.77,168.33699456676197,168.3369945667617,-2.8421709430404007e-13,-1.688381659869307e-13,0,0,0,0
2025-08-01 13:30:00+00:00,165.475,166.5851,164.79,166.4,168.16571277268926,168.16571277268895,-3.126388037344441e-13,-1.8591114596412414e-13,0,0,0,0
2025-08-01 16:30:00+00:00,166.4,167.6,166.23,167.28,167.97971471501177,167.97971471501143,-3.410605131648481e-13,-2.030367260377117e-13,0,0,0,0
2025-08-01 19:30:00+00:00,167.28,167.62,167.2,167.31,167.80027924191344,167.80027924191307,-3.694822225952521e-13,-2.2019166133959696e-13,0,0,0,0
2025-08-04 13:30:00+00:00,167.03,169.55,166.64,169.23,167.64378939960034,167.64378939959994,-3.979039320256561e-13,-2.3735083384282214e-13,0,0,0,0
2025-08-04 16:30:00+00:00,169.25,170.69,169.2164,170.555,167.5242149850604,167.52421498505998,-4.263256414560601e-13,-2.5448598072468464e-13,0,0,0,0
2025-08-04 19:30:00+00:00,170.5698,171.19,170.48,171.1,167.46347001340337,167.46347001340288,-4.831690603168681e-13,-2.8852206411236817e-13,0,0,0,0
2025-08-05 13:30:00+00:00,170.54,171.555,169.65,170.125,167.46867372946056,167.46867372946005,-5.115907697472721e-13,-3.0548445769250436e-13,0,0,0,0
2025-08-05 16:30:00+00:00,170.1347,170.74,169.87,170.075,167.52893275065438,167.52893275065387,-5.115907697472721e-13,-3.0537457700438545e-13,0,0,0,0
2025-08-05 19:30:00+00:00,170.07,170.82,169.84,170.74,167.63962230997274,167.63962230997225,-4.831690603168681e-13,-2.8821889101102135e-13,0,0,0,0
2025-08-06 13:30:00+00:00,169.91,171.92,169.68,171.83,167.79717954845518,167.79717954845472,-4.547473508864641e-13,-2.7101012788784433e-13,1,0,1,0
2025-08-06 16:30:00+00:00,171.84,172.18,171.0,171.33,168.00324032165037,168.00324032164994,-4.263256414560601e-13,-2.5376036833565767e-13,0,0,0,0
2025-08-06 19:30:00+00:00,171.34,171.52,170.55,170.63,168.23416364808145,168.23416364808108,-3.694822225952521e-13,-2.1962377592232035e-13,0,0,0,0
2025-08-07 13:30:00+00:00,171.17,171.475,169.92,171.23,168.47971811587723,168.47971811587695,-2.8421709430404007e-13,-1.6869513878730543e-13,0,0,0,0
2025-08-07 16:30:00+00:00,171.23,171.62,170.415,170.765,168.72872577721546,168.72872577721523,-2.2737367544323206e-13,-1.3475694455456843e-13,0,0,0,0
2025-08-07 19:30:00+00:00,170.77,171.57,170.76,171.555,168.97642313665332,168.9764231366531,-2.2737367544323206e-13,-1.345594084799346e-13,0,0,0,0
2025-08-08 13:30:00+00:00,171.02,173.48,170.39,173.46,169.2308584934343,169.23085849343408,-2.2737367544323206e-13,-1.3435710098466086e-13,0,0,0,0
2025-08-08 16:30:00+00:00,173.4464,173.955,173.2,173.81,169.51317901436337,169.51317901436312,-2.5579538487363607e-13,-1.5089999866733768e-13,0,0,0,0
2025-08-08 19:30:00+00:00,173.8,173.84,173.3,173.4,169.8562596466237,169.8562596466234,-2.8421709430404007e-13,-1.673280071604883e-13,0,0,0,0
2025-08-11 13:30:00+00:00,173.4,174.6,173.05,173.91,170.27414843873987,170.2741484387396,-2.8421709430404007e-13,-1.6691734882250423e-13,0,0,0,0
2025-08-11 16:30:00+00:00,173.905,174.18,173.48,174.01,170.77506445805858,170.77506445805832,-2.5579538487363607e-13,-1.4978497340076133e-13,0,0,0,0
2025-08-11 19:30:00+00:00,174.0,174.17,173.8201,174.04,171.29952173276266,171.29952173276246,-1.9895196601282805e-13,-1.1614274459166608e-13,0,0,0,0
2025-08-12 13:30:00+00:00,173.995,174.755,171.94,172.0999,171.78222980516242,171.78222980516225,-1.7053025658242404e-13,-9.927118583560221e-14,0,0,0,0
2025-08-12 16:30:00+00:00,172.1,172.73,171.81,172.36,172.1994623761844,172.19946237618421,-1.9895196601282805e-13,-1.1553576490163513e-13,0,0,0,0
2025-08-12 19:30:00+00:00,172.3662,172.885,172.35,172.77,172.5394999229051,172.5394999229049,-1.9895196601282805e-13,-1.1530806922572784e-13,0,0,0,0
2025-08-13 13:30:00+00:00,173.0,174.23,172.695,173.9244,172.81218740457555,172.81218740457535,-1.9895196601282805e-13,-1.1512611986506248e-13,0,0,0,0
2025-08-13 16:30:00+00:00,173.935,174.51,173.7001,174.325,173.0379889668657,173.03798896686544,-2.5579538487363607e-13,-1.478261429186034e-13,0,0,0,0
2025-08-13 19:30:00+00:00,174.3282,174.54,174.21,174.38,173.2369450286765,173.2369450286762,-3.126388037344441e-13,-1.8046889691035127e-13,0,0,0,0
2025-08-14 13:30:00+00:00,174.31,174.665,172.72,174.43,173.41854787954023,173.41854787953986,-3.694822225952521e-13,-2.1305807660891115e-13,0,0,0,0
2025-08-14 16:30:00+00:00,174.4068,175.7238,174.27,175.55,173.58667312589554,173.5866731258951,-4.547473508864641e-13,-2.619713499299879e-13,0,0,0,0
2025-08-14 19:30:00+00:00,175.5598,175.5598,174.72,174.72,173.7471094791853,173.7471094791848,-5.115907697472721e-13,-2.9444562921408493e-13,0,0,0,0
2025-08-15 13:30:00+00:00,175.4,176.54,174.96,176.15,173.90941759700254,173.90941759700203,-5.115907697472721e-13,-2.941708257184629e-13,0,0,0,0
2025-08-15 16:30:00+00:00,176.14,177.265,176.07,176.795,174.0943042482613,174.09430424826084,-4.547473508864641e-13,-2.612074834096738e-13,0,0,0,0
2025-08-15 19:30:00+00:00,176.79,176.935,176.6,176.67,174.3121409440572,174.3121409440568,-3.979039320256561e-13,-2.2827092242149514e-13,0,0,0,0
2025-08-18 13:30:00+00:00,176.5,177.57,176.1,177.16,174.5615803263309,174.56158032633056,-3.410605131648481e-13,-1.9538120159502387e-13,0,0,0,0
2025-08-18 16:30:00+00:00,177.14,177.25,176.445,176.88,174.82863203053327,174.82863203053293,-3.410605131648481e-13,-1.9508275572692402e-13,0,0,0,0
2025-08-18 19:30:00+00:00,176.89,176.95,176.1204,176.25,175.09149627948025,175.0914962794799,-3.410605131648481e-13,-1.9478987867032039e-13,0,0,0,0
2025-08-19 13:30:00+00:00,176.04,178.15,175.976,177.83,175.3415201710373,175.341520171037,-3.126388037344441e-13,-1.7830277930149104e-13,0,0,0,0
2025-08-19 16:30:00+00:00,177.838,178.18,177.35,177.935,175.58428603129437,175.58428603129414,-2.2737367544323206e-13,-1.2949545804042356e-13,0,0,0,0
2025-08-19 19:30:00+00:00,177.93,177.93,177.515,177.81,175.82578696178115,175.82578696178098,-1.7053025658242404e-13,-9.698819469495212e-14,0,0,0,0
2025-08-20 13:30:00+00:00,178.5,180.61,178.0,178.6,176.07817760611033,176.07817760611016,-1.7053025658242404e-13,-9.684917171502248e-14,0,0,0,0
2025-08-20 16:30:00+00:00,178.59,179.23,178.386,179.1,176.3457455816665,176.34574558166634,-1.7053025658242404e-13,-9.670222324895881e-14,0,0,0,0
2025-08-20 19:30:00+00:00,179.1,179.51,178.55,178.845,176.64564150327004,176.64564150326981,-2.2737367544323206e-13,-1.2871739914342746e-13,0,0,0,0
2025-08-21 13:30:00+00:00,178.55,180.03,178.16,179.65,176.98296478391893,176.9829647839187,-2.2737367544323206e-13,-1.2847206832637022e-13,0,0,0,0
2025-08-21 16:30:00+00:00,179.67,180.08,179.35,179.38,177.33802491841732,177.3380249184171,-2.2737367544323206e-13,-1.2821484594058897e-13,0,0,0,0
2025-08-21 19:30:00+00:00,179.39,179.45,178.89,179.005,177.68119741542026,177.68119741542003,-2.2737367544323206e-13,-1.2796721248542146e-13,0,0,0,0
2025-08-22 13:30:00+00:00,180.035,181.16,177.4702,179.067,177.99863790693348,177.99863790693325,-2.2737367544323206e-13,-1.2773899739733643e-13,0,0,0,0
2025-08-22 16:30:00+00:00,179.06,179.5402,178.92,179.18,178.2815026529252,178.28150265292498,-2.2737367544323206e-13,-1.2753632432966334e-13,0,0,0,0
2025-08-22 19:30:00+00:00,179.18,179.51,179.03,179.28,178.52809867305888,178.52809867305862,-2.5579538487363607e-13,-1.4328018209731674e-13,0,0,0,0
2025-08-25 13:30:00+00:00,179.52,180.26,178.29,178.82,178.73776845426804,178.7377684542678,-2.2737367544323206e-13,-1.2721076099895924e-13,0,0,0,0
2025-08-25 16:30:00+00:00,178.81,178.91,178.53,178.67,178.90915807475955,178.90915807475938,-1.7053025658242404e-13,-9.53166726720416e-14,0,0,0,0
2025-08-25 19:30:00+00:00,178.66,178.745,178.37,178.41,179.04186992341425,179.04186992341405,-1.9895196601282805e-13,-1.1112035754426069e-13,0,0,0,0
2025-08-26 13:30:00+00:00,176.745,177.16,175.77,176.73,179.14150489070917,179.14150489070897,-1.9895196601282805e-13,-1.1105855459582349e-13,0,0,0,0
2025-08-26 16:30:00+00:00,176.73,176.87,176.42,176.5742,179.19845950326285,179.19845950326265,-1.9895196601282805e-13,-1.1102325687638263e-13,0,0,0,0
2025-08-26 19:30:00+00:00,176.57,176.74,176.13,176.5,179.20680200761856,179.2068020076184,-1.7053025658242404e-13,-9.51583615532486e-14,0,0,0,0
2025-08-27 13:30:00+00:00,176.97,177.69,176.16,177.29,179.1738238907719,179.17382389077173,-1.7053025658242404e-13,-9.517587607349545e-14,0,1,0,1
2025-08-27 16:30:00+00:00,177.26,177.305,176.715,176.885,179.10836001267714,179.10836001267694,-1.9895196601282805e-13,-1.110791065245343e-13,0,0,0,0
2025-08-27 19:30:00+00:00,176.88,177.05,176.58,176.68,179.01826884948534,179.01826884948514,-1.9895196601282805e-13,-1.1113500722102421e-13,0,0,0,0
2025-08-28 13:30:00+00:00,176.37,176.49,174.63,175.47,178.8943540098699,178.89435400986972,-1.7053025658242404e-13,-9.53245604235311e-14,0,0,0,0
2025-08-28 16:30:00+00:00,175.49,176.02,175.36,175.97,178.73849642421058,178.73849642421044,-1.4210854715202004e-13,-7.950640180766961e-14,0,0,0,0
2025-08-28 19:30:00+00:00,175.96,175.96,175.27,175.43,178.52429861398917,178.52429861398906,-1.1368683772161603e-13,-6.368143642307945e-14,0,0,0,0
2025-08-29 13:30:00+00:00,175.965,176.68,175.45,176.04,178.28281193808522,178.2828119380851,-1.1368683772161603e-13,-6.37676938599654e-14,0,0,0,0
2025-08-29 16:30:00+00:00,176.035,177.405,175.97,177.285,178.0394938107041,178.03949381070402,-8.526512829121202e-14,-4.789113160581549e-14,0,0,0,0
2025-08-29 19:30:00+00:00,177.285,177.32,176.8,177.2,177.81144712682558,177.81144712682556,-2.842170943040401e-14,-1.598418430852316e-14,0,0,0,0
2025-09-02 13:30:00+00:00,177.47,179.2,176.89,177.765,177.61217129326437,177.61217129326437,0.0,0.0,0,0,0,0
2025-09-02 16:30:00+00:00,177.75,178.36,177.7,178.0,177.44881131494998,177.44881131494998,0.0,0.0,0,0,0,0
2025-09-02 19:30:00+00:00,177.99,178.38,177.68,178.06,177.32381002938013,177.32381002938013,0.0,0.0,0,0,0,0
2025-09-03 13:30:00+00:00,177.67,178.29,176.69,176.82,177.23508165469954,177.23508165469954,0.0,0.0,0,0,0,0
2025-09-03 16:30:00+00:00,176.835,177.61,176.53,177.35,177.17077665143464,177.17077665143464,0.0,0.0,0,0,0,0
2025-09-03 19:30:00+00:00,177.34,178.0,177.335,177.92,177.12159635749538,177.12159635749538,0.0,0.0,0,0,0,0
2025-09-04 13:30:00+00:00,178.0,178.675,177.55,177.945,177.08717576575617,177.08717576575617,0.0,0.0,0,0,0,0
2025-09-04 16:30:00+00:00,177.945,178.64,177.57,178.535,177.07041101951785,177.07041101951785,0.0,0.0,0,0,0,0
2025-09-04 19:30:00+00:00,178.53,178.9,178.38,178.7,177.08226413120818,177.08226413120818,0.0,0.0,0,0,0,0
2025-09-05 13:30:00+00:00,178.0,179.505,177.0008,178.91,177.1196616578589,177.1196616578589,0.0,0.0,0,0,0,0
2025-09-05 16:30:00+00:00,178.92,179.04,176.56,177.73,177.1743441736391,177.1743441736391,0.0,0.0,0,0,0,0
2025-09-05 19:30:00+00:00,177.73,178.4,177.72,178.39,177.2369122647513,177.2369122647513,0.0,0.0,0,0,0,0
2025-09-08 13:30:00+00:00,177.36,179.445,176.7,178.27,177.30280800659077,177.30280800659077,0.0,0.0,0,0,0,0
2025-09-08 16:30:00+00:00,178.27,178.64,177.46,177.66,177.37028934408053,177.37028934408053,0.0,0.0,0,0,0,0
2025-09-08 19:30:00+00:00,177.665,178.53,177.655,178.19,177.44044855665152,177.44044855665152,0.0,0.0,0,0,0,0
2025-09-09 13:30:00+00:00,178.0,178.09,176.45,176.8,177.50612004297182,177.50612004297182,0.0,0.0,0,0,0,0
2025-09-09 16:30:00+00:00,176.82,177.37,176.65,177.09,177.55966908965064,177.55966908965064,0.0,0.0,0,0,0,0
2025-09-09 19:30:00+00:00,177.07,177.36,176.93,176.98,177.59656630371913,177.59656630371913,0.0,0.0,0,0,0,0
2025-09-10 13:30:00+00:00,176.3,176.605,174.33,174.915,177.6103184976368,177.6103184976368,0.0,0.0,0,0,0,0
2025-09-10 16:30:00+00:00,174.88,175.833,174.76,175.472,177.58969527796057,177.58969527796057,0.0,0.0,0,0,0,0
2025-09-10 19:30:00+00:00,175.49,175.88,175.41,175.76,177.5251558386237,177.5251558386237,0.0,0.0,0,0,0,0
2025-09-11 13:30:00+00:00,175.75,177.8,175.625,177.78,177.44115868677488,177.44115868677488,0.0,0.0,0,0,0,0
2025-09-11 16:30:00+00:00,177.77,178.29,177.23,178.11,177.3574376164408,177.3574376164408,0.0,0.0,0,0,0,0
2025-09-11 19:30:00+00:00,178.13,178.845,178.12,178.5,177.29148691519748,177.29148691519748,0.0,0.0,0,0,0,0
2025-09-12 13:30:00+00:00,177.705,178.8,176.72,177.93,177.24939346718853,177.24939346718853,0.0,0.0,0,0,0,0
2025-09-12 16:30:00+00:00,177.95,178.525,177.75,178.389,177.2291457726653,177.2291457726653,0.0,0.0,0,0,0,0
2025-09-12 19:30:00+00:00,178.385,178.395,177.95,178.08,177.225460420053,177.225460420053,0.0,0.0,0,0,0,0
2025-09-15 13:30:00+00:00,177.76,178.99,176.93,177.375,177.23586538222105,177.23586538222105,0.0,0.0,0,0,0,0
2025-09-15 16:30:00+00:00,177.39,177.705,177.01,177.69,177.25536559688487,177.25536559688487,0.0,0.0,0,0,0,0
2025-09-15 19:30:00+00:00,177.685,177.765,177.25,177.46,177.27777772974468,177.27777772974468,0.0,0.0,0,0,0,0
2025-09-16 13:30:00+00:00,177.57,177.615,175.65,176.9804,177.29786060530887,177.29786060530887,0.0,0.0,0,0,0,0
2025-09-16 16:30:00+00:00,176.99,177.27,176.1,176.63,177.30934726825524,177.30934726825524,0.0,0.0,0,0,0,0
2025-09-16 19:30:00+00:00,176.645,176.7,176.24,176.49,177.30784178490862,177.30784178490862,0.0,0.0,0,0,0,0
2025-09-17 13:30:00+00:00,176.71,178.51,176.585,177.05,177.29688453537014,177.29688453537014,0.0,0.0,0,0,0,0
2025-09-17 16:30:00+00:00,177.035,177.65,176.725,177.09,177.28216230290323,177.28216230290323,0.0,0.0,0,0,0,0
2025-09-17 19:30:00+00:00,177.09,177.2,176.74,177.2,177.26788108711705,177.26788108711705,0.0,0.0,0,0,0,0
2025-09-18 13:30:00+00:00,176.6,177.02,175.37,175.52,177.2508521514534,177.2508521514534,0.0,0.0,0,0,0,0
2025-09-18 16:30:00+00:00,175.51,175.63,174.395,174.67,177.21838428783073,177.21838428783073,0.0,0.0,0,0,0,0
2025-09-18 19:30:00+00:00,174.65,174.73,173.87,174.15,177.15975834834927,177.15975834834927,0.0,0.0,0,0,0,0
2025-09-19 13:30:00+00:00,174.69,176.395,173.33,176.16,177.0757930296809,177.0757930296809,0.0,0.0,0,0,0,0
2025-09-19 16:30:00+00:00,176.155,177.16,175.92,176.57,176.97314071249554,176.97314071249554,0.0,0.0,0,0,0,0
2025-09-19 19:30:00+00:00,176.555,176.61,175.55,176.2,176.869039821998,176.869039821998,0.0,0.0,0,0,0,0
2025-09-22 13:30:00+00:00,176.09,176.64,174.81,174.82,176.7691454612695,176.7691454612695,0.0,0.0,0,0,0,0
2025-09-22 16:30:00+00:00,174.87,175.59,174.51,174.56,176.66487845072714,176.66487845072714,0.0,0.0,0,0,0,0
2025-09-22 19:30:00+00:00,174.56,174.56,174.12,174.21,176.54591401750864,176.54591401750864,0.0,0.0,0,0,0,0
2025-09-23 13:30:00+00:00,174.89,176.97,174.83,176.394307,176.41763850241006,176.41763850241006,0.0,0.0,0,0,0,0
2025-09-23 16:30:00+00:00,176.375,176.82,175.9101,176.075,176.29343504576954,176.29343504576954,0.0,0.0,0,0,0,0
2025-09-23 19:30:00+00:00,176.07,176.6,175.9,176.57,176.1862440593661,176.1862440593661,0.0,0.0,0,0,0,0
2025-09-24 13:30:00+00:00,176.14,176.77,175.74,176.469,176.09982731941608,176.09982731941608,0.0,0.0,0,0,0,0
2025-09-24 16:30:00+00:00,176.43,176.95,176.32,176.48445,176.0336303135944,176.0336303135944,0.0,0.0,0,0,0,0
2025-09-24 19:30:00+00:00,176.505,176.75,176.4095,176.65,175.98506180382202,175.98506180382202,0.0,0.0,0,0,0,0
2025-09-25 13:30:00+00:00,177.2,178.4,175.91,176.58,175.95436756953745,175.95436756953745,0.0,0.0,0,0,0,0
2025-09-25 16:30:00+00:00,176.575,177.48,176.57,177.265,175.94264110678392,175.94264110678392,0.0,0.0,0,0,0,0
2025-09-25 19:30:00+00:00,177.28,177.815,177.23,177.745,175.95026323112188,175.95026323112188,0.0,0.0,0,0,0,0
2025-09-26 13:30:00+00:00,178.6,179.59,177.32,179.13,175.98389362923535,175.98389362923535,0.0,0.0,0,0,0,0
2025-09-26 16:30:00+00:00,179.1318,179.745,178.95,179.53,176.05605105083797,176.05605105083797,0.0,0.0,1,0,1,0
2025-09-26 19:30:00+00:00,179.52,179.91,179.47,179.69,176.18350520959186,176.18350520959186,0.0,0.0,0,0,0,0
2025-09-29 13:30:00+00:00,179.825,181.04,179.8,181.0,176.39262422075964,176.3926242207596,-5.684341886080802e-14,-3.222550779088535e-14,0,0,0,0
2025-09-29 16:30:00+00:00,181.0346,181.55,180.51,181.38,176.70558286301505,176.705582863015,-5.684341886080802e-14,-3.2168434035767807e-14,0,0,0,0
2025-09-29 19:30:00+00:00,181.375,181.865,181.36,181.66,177.09937598721328,177.0993759872132,-8.526512829121202e-14,-4.814535783421858e-14,0,0,0,0
2025-09-30 13:30:00+00:00,181.7,184.08,181.07,183.88,177.57241899407933,177.57241899407924,-8.526512829121202e-14,-4.8017101289843304e-14,0,0,0,0
2025-09-30 16:30:00+00:00,183.9,185.99,183.77,185.93,178.17965650241297,178.17965650241285,-1.1368683772161603e-13,-6.380461156634705e-14,0,0,0,0
2025-09-30 19:30:00+00:00,185.94,185.99,185.04,185.39,178.98950852862146,178.98950852862134,-1.1368683772161603e-13,-6.351592261254622e-14,0,0,0,0
2025-10-01 13:30:00+00:00,186.0,186.56,184.11,184.25,179.96780247980138,179.9678024798012,-1.7053025658242404e-13,-9.475598092140035e-14,0,0,0,0
2025-10-01 16:30:00+00:00,184.24,186.265,183.91,186.219,181.07825532176747,181.07825532176727,-1.9895196601282805e-13,-1.0987071068213013e-13,0,0,0,0
2025-10-01 19:30:00+00:00,186.19,186.32,185.815,186.035,182.1747550470584,182.17475504705823,-1.7053025658242404e-13,-9.360806141244631e-14,0,0,0,0
2025-10-02 13:30:00+00:00,184.19,186.59,184.09,186.21,183.1489326270868,183.14893262708668,-1.1368683772161603e-13,-6.207343722449973e-14,0,0,0,0
2025-10-02 16:30:00+00:00,186.215,186.42,185.55,185.59,183.97923441518083,183.9792344151807,-1.1368683772161603e-13,-6.179329862035522e-14,0,0,0,0
2025-10-02 19:30:00+00:00,185.59,186.1,185.315,186.005,184.65553056991791,184.65553056991786,-5.684341886080802e-14,-3.078349112283146e-14,0,0,0,0
2025-10-03 13:30:00+00:00,187.06,189.7825,186.91,189.04,185.21651648748076,185.21651648748076,0.0,0.0,0,0,0,0
2025-10-03 16:30:00+00:00,189.03,189.318,188.6,188.705,185.752391362264,185.75239136226406,5.684341886080802e-14,3.060171578084775e-14,0,0,0,0
2025-10-03 19:30:00+00:00,188.68,189.1,188.465,188.65,186.3027246146269,186.30272461462695,5.684341886080802e-14,3.0511319133088594e-14,0,0,0,0
2025-10-06 13:30:00+00:00,188.0,189.92,187.5924,188.205,186.84633292175707,186.84633292175715,8.526512829121202e-14,4.5633824843068905e-14,0,0,0,0
2025-10-06 16:30:00+00:00,188.195,188.33,187.37,187.79,187.3213460294089,187.32134602940894,5.684341886080802e-14,3.03454038024496e-14,0,0,0,0
2025-10-06 19:30:00+00:00,187.79,188.35,187.79,188.165,187.70271949240745,187.70271949240743,-2.842170943040401e-14,-1.5141874080068223e-14,0,0,0,0
2025-10-07 13:30:00+00:00,183.77,189.23,182.94,188.405,187.99384202473487,187.99384202473482,-5.684341886080802e-14,-3.023685150991752e-14,0,0,0,0
2025-10-07 16:30:00+00:00,188.41,188.42,187.29,187.74,188.19450854814377,188.19450854814366,-1.1368683772161603e-13,-6.040922160729932e-14,0,0,0,0
2025-10-07 19:30:00+00:00,187.74,189.04,187.66,188.9,188.3241785064143,188.32417850641417,-1.4210854715202004e-13,-7.545953380977038e-14,0,0,0,0
2025-10-08 13:30:00+00:00,188.87,189.51,188.27,189.08,188.41639742233593,188.4163974223358,-1.4210854715202004e-13,-7.542260073760103e-14,0,0,0,0
2025-10-08 16:30:00+00:00,189.06,190.215,189.0401,190.03,188.5008350842556,188.5008350842554,-1.9895196601282805e-13,-1.0554434197806127e-13,0,0,0,0
2025-10-08 19:30:00+00:00,190.044,190.18,189.65,189.72,188.5961767689302,188.59617676892995,-2.5579538487363607e-13,-1.356312674286282e-13,0,0,0,0
2025-10-09 13:30:00+00:00,190.0,192.1,189.73,191.16,188.7109894199479,188.71098941994762,-2.8421709430404007e-13,-1.506097208104599e-13,0,0,0,0
2025-10-09 16:30:00+00:00,191.13,191.35,190.385,190.635,188.85118328713853,188.8511832871382,-3.126388037344441e-13,-1.6554770708483877e-13,0,0,0,0
2025-10-09 19:30:00+00:00,190.63,191.165,190.5,191.06,189.0211764882893,189.02117648828906,-2.5579538487363607e-13,-1.353263108535798e-13,0,0,0,0
2025-10-10 13:30:00+00:00,192.01,192.07,190.31,191.3,189.21280416184425,189.21280416184405,-1.9895196601282805e-13,-1.0514720020884705e-13,0,0,0,0
2025-10-10 16:30:00+00:00,191.31,191.63,189.85,190.18,189.4091900484215,189.40919004842135,-1.4210854715202004e-13,-7.502727144110099e-14,0,0,0,0
2025-10-10 19:30:00+00:00,190.18,191.185,190.09,190.7,189.6021650206889,189.60216502068877,-1.1368683772161603e-13,-5.996072761574786e-14,0,0,0,0
2025-10-13 13:30:00+00:00,189.83,191.07,189.28,190.41,189.77977202467713,189.77977202467707,-5.684341886080802e-14,-2.9952306430959694e-14,0,0,0,0
2025-10-13 16:30:00+00:00,190.42,191.3,189.94,190.335,189.93658411106168,189.93658411106162,-5.684341886080802e-14,-2.992757773698296e-14,0,0,0,0
2025-10-13 19:30:00+00:00,190.335,190.97,190.23,190.86,190.07390371206617,190.07390371206608,-8.526512829121202e-14,-4.4858934670156543e-14,0,0,0,0
2025-10-14 13:30:00+00:00,192.92,194.4,185.88,187.995,190.1927090792667,190.1927090792667,0.0,0.0,0,0,0,0
2025-10-14 16:30:00+00:00,187.97,191.07,187.65,190.14,190.28759417729947,190.2875941772995,2.842170943040401e-14,1.4936186225530933e-14,0,0,0,0
2025-10-14 19:30:00+00:00,190.13,190.965,189.895,190.81,190.35613793512593,190.356137935126,5.684341886080802e-14,2.986161595702286e-14,0,0,0,0
2025-10-15 13:30:00+00:00,191.48,193.57,190.38,190.38,190.4083400538941,190.4083400538942,8.526512829121202e-14,4.478014369910381e-14,0,0,0,0
2025-10-15 16:30:00+00:00,190.33,191.67,189.3,191.55,190.4597207348316,190.45972073483173,1.4210854715202004e-13,7.461343879101414e-14,0,0,0,0
2025-10-15 19:30:00+00:00,191.55,191.63,190.86,191.17,190.5173850208783,190.51738502087844,1.4210854715202004e-13,7.459085538910096e-14,0,0,0,0
2025-10-16 13:30:00+00:00,191.335,193.05,190.43,191.63,190.58123324111733,190.58123324111753,1.9895196601282805e-13,1.0439221251187955e-13,0,0,0,0
2025-10-16 16:30:00+00:00,191.63,192.47,191.435,191.875,190.65463434862684,190.65463434862704,1.9895196601282805e-13,1.0435202201748157e-13,0,0,0,0
2025-10-16 19:30:00+00:00,191.87,192.13,191.27,192.12,190.7391927169248,190.739192716925,1.9895196601282805e-13,1.0430576075054056e-13,0,0,0,0
2025-10-17 13:30:00+00:00,192.5,193.6,191.677414,192.795,190.8361018803401,190.83610188034035,2.5579538487363607e-13,1.3403930511744962e-13,0,0,0,0
2025-10-17 16:30:00+00:00,192.82,193.38,192.5,193.37,190.95133401429464,190.95133401429493,2.8421709430404007e-13,1.4884268589753006e-13,0,0,0,0
2025-10-17 19:30:00+00:00,193.37,193.39,192.97,193.24,191.08465138179616,191.08465138179645,2.8421709430404007e-13,1.4873884022017074e-13,0,0,0,0
2025-10-20 13:30:00+00:00,193.5,193.97,192.3346,193.28,191.23687250355735,191.2368725035577,3.410605131648481e-13,1.7834453612417435e-13,0,0,0,0
2025-10-20 16:30:00+00:00,193.3,194.48,193.1175,193.93,191.40652291348755,191.40652291348792,3.694822225952521e-13,1.9303533493592154e-13,0,0,0,0
2025-10-20 19:30:00+00:00,193.94,194.14,193.63,193.73,191.59053165125133,191.59053165125167,3.410605131648481e-13,1.7801532791071023e-13,0,0,0,0
2025-10-21 13:30:00+00:00,193.01,193.55,191.77,192.485,191.77975598156252,191.77975598156286,3.410605131648481e-13,1.7783968460030642e-13,0,0,0,0
2025-10-21 16:30:00+00:00,192.51,192.655,191.93,192.23,191.95862880473203,191.95862880473237,3.410605131648481e-13,1.776739682339513e-13,0,0,0,0
2025-10-21 19:30:00+00:00,192.23,192.4543,191.875,191.88,192.11446061805603,192.11446061805637,3.410605131648481e-13,1.7752984968836502e-13,0,0,0,0
2025-10-22 13:30:00+00:00,192.0,193.45,191.775,193.29,192.24381705235132,192.24381705235166,3.410605131648481e-13,1.7741039394363014e-13,0,0,0,0
2025-10-22 16:30:00+00:00,193.29,193.45,192.62,192.67,192.3534924604941,192.35349246049444,3.410605131648481e-13,1.7730923873653903e-13,0,0,0,0
2025-10-22 19:30:00+00:00,192.67,192.97,192.6,192.96,192.4506319760882,192.45063197608857,3.694822225952521e-13,1.919880536641521e-13,0,0,0,0
2025-10-23 13:30:00+00:00,192.56,194.0,191.54,191.91,192.53655577637016,192.53655577637048,3.126388037344441e-13,1.6237893239223197e-13,0,0,0,0
2025-10-23 16:30:00+00:00,191.9126,192.37,191.85,192.1,192.60778315297648,192.60778315297682,3.410605131648481e-13,1.7707514596851197e-13,0,0,0,0
2025-10-23 19:30:00+00:00,192.105,192.5,191.875,192.48,192.6618792724101,192.66187927241035,2.5579538487363607e-13,1.3276906975040959e-13,0,0,0,0
2025-10-24 13:30:00+00:00,192.2,192.31,189.87,190.21,192.6973954781795,192.69739547817971,2.2737367544323206e-13,1.1799519909389706e-13,0,0,0,0
2025-10-24 16:30:00+00:00,190.21,191.13,189.42,190.64,192.7045608446217,192.70456084462188,1.7053025658242404e-13,8.849310874376406e-14,0,0,0,0
2025-10-24 19:30:00+00:00,190.63,190.89,190.19,190.41,192.67491813192416,192.67491813192424,8.526512829121202e-14,4.425336162999231e-14,0,0,0,0
2025-10-27 13:30:00+00:00,189.99,190.55,189.53,190.11,192.60454108061097,192.60454108061097,0.0,0.0,0,0,0,0
2025-10-27 16:30:00+00:00,190.12,190.68,189.97,190.48,192.50340597649844,192.5034059764985,5.684341886080802e-14,2.9528526299294504e-14,0,0,0,0
2025-10-27 19:30:00+00:00,190.48,190.8,190.24,190.3,192.3730152141902,192.37301521419027,8.526512829121202e-14,4.43228111782086e-14,0,0,0,0
2025-10-28 13:30:00+00:00,189.26,189.505,187.0,187.34,192.18960570490876,192.18960570490881,5.684341886080802e-14,2.957673941435022e-14,0,1,0,1
2025-10-28 16:30:00+00:00,187.36,187.86,186.62,187.53,191.9292303012186,191.92923030121867,5.684341886080802e-14,2.961686386778945e-14,0,0,0,0
2025-10-28 19:30:00+00:00,187.525,187.6,186.66,186.93,191.5697849578593,191.5697849578593,0.0,0.0,0,0,0,0
2025-10-29 13:30:00+00:00,186.7,187.1,184.66,186.01,191.0747597448603,191.07475974486027,-2.842170943040401e-14,-1.4874654019377105e-14,0,0,0,0
2025-10-29 16:30:00+00:00,186.02,186.28,185.11,185.835,190.4616539377847,190.4616539377847,0.0,0.0,0,0,0,0
2025-10-29 19:30:00+00:00,185.85,186.61,185.66,186.58,189.8285290482844,189.8285290482844,0.0,0.0,0,0,0,0
2025-10-30 13:30:00+00:00,187.08,189.3,186.91,188.96,189.24403444590507,189.24403444590507,0.0,0.0,0,0,0,0
2025-10-30 16:30:00+00:00,188.975,189.375,188.5,189.095,188.7367736000626,188.7367736000626,0.0,0.0,0,0,0,0
2025-10-30 19:30:00+00:00,189.11,189.29,188.57,189.06,188.32887509201345,188.32887509201345,0.0,0.0,0,0,0,0
2025-10-31 13:30:00+00:00,187.46,189.03,186.76,188.6,188.0220335191876,188.0220335191876,0.0,0.0,0,0,0,0
2025-10-31 16:30:00+00:00,188.595,189.043,187.64,188.91,187.7943322039179,187.7943322039179,0.0,0.0,0,0,0,0
2025-10-31 19:30:00+00:00,188.91,189.5,188.84,188.87,187.62701828839775,187.62701828839778,2.842170943040401e-14,1.5147983318008903e-14,0,0,0,0
2025-11-03 14:30:00+00:00,189.0,189.03,187.02,187.05,187.51549648338647,187.51549648338647,0.0,0.0,0,0,0,0
2025-11-03 17:30:00+00:00,187.06,187.4924,185.52,186.36,187.440796158723,187.440796158723,0.0,0.0,0,0,0,0
2025-11-03 20:30:00+00:00,186.355,186.58,185.845,186.27,187.37293864043056,187.37293864043056,0.0,0.0,0,0,0,0
2025-11-04 14:30:00+00:00,186.83,187.62,185.62,187.62,187.30088920264353,187.30088920264353,0.0,0.0,0,0,0,0
2025-11-04 17:30:00+00:00,187.63,187.82,186.33,186.76,187.22797693288348,187.22797693288348,0.0,0.0,0,0,0,0
2025-11-04 20:30:00+00:00,186.78,186.98,186.34,186.87,187.16053027820905,187.16053027820902,-2.842170943040401e-14,-1.5185738888512396e-14,0,0,0,0
2025-11-05 14:30:00+00:00,186.64,187.83,185.724,186.47,187.0991335659878,187.0991335659878,0.0,0.0,0,0,0,0
2025-11-05 17:30:00+00:00,186.5,186.5867,185.4,186.43,187.0398733811809,187.0398733811809,0.0,0.0,0,0,0,0
2025-11-05 20:30:00+00:00,186.431,186.67,185.98,186.02,186.97974656435443,186.97974656435443,0.0,0.0,0,0,0,0
2025-11-06 14:30:00+00:00,186.76,187.38,185.44,186.485,186.91824010918023,186.91824010918026,2.842170943040401e-14,1.5205423191338998e-14,0,0,0,0
2025-11-06 17:30:00+00:00,186.46,187.52,185.372,186.715,186.8579830215472,186.8579830215472,0.0,0.0,0,0,0,0
2025-11-06 20:30:00+00:00,186.73,187.19,186.46,187.03,186.80259784689463,186.80259784689466,2.842170943040401e-14,1.5214836280648913e-14,0,0,0,0
2025-11-07 14:30:00+00:00,187.74,188.35,186.28,186.995,186.75686483505535,186.75686483505535,0.0,0.0,0,0,0,0
2025-11-07 17:30:00+00:00,187.02,187.055,185.7,186.7,186.72143087833905,186.72143087833902,-2.842170943040401e-14,-1.522145010174144e-14,0,0,0,0
2025-11-07 20:30:00+00:00,186.71,186.71,186.01,186.53,186.6938348714444,186.69383487144438,-2.842170943040401e-14,-1.5223700048785714e-14,0,0,0,0
2025-11-10 14:30:00+00:00,186.0,187.48,185.12,186.765,186.6681088931975,186.6681088931975,0.0,0.0,0,0,0,0
2025-11-10 17:30:00+00:00,186.75,188.24,186.6,188.0,186.64619315432833,186.64619315432833,0.0,0.0,0,0,0,0
2025-11-10 20:30:00+00:00,187.99,188.42,187.94,188.41,186.63583054479835,186.63583054479835,0.0,0.0,0,0,0,0
2025-11-11 14:30:00+00:00,189.385,192.5486,189.05,192.52,186.66269234069023,186.66269234069023,0.0,0.0,0,0,0,0
2025-11-11 17:30:00+00:00,192.52,193.09,191.8,193.01,186.76293259287743,186.76293259287743,0.0,0.0,0,0,0,0
2025-11-11 20:30:00+00:00,193.015,193.92,192.96,193.83,187.00708677750032,187.00708677750026,-5.684341886080802e-14,-3.039639825438268e-14,1,0,1,0
2025-11-12 14:30:00+00:00,193.36,194.82,193.07,194.41,187.48943784701527,187.48943784701515,-1.1368683772161603e-13,-6.063639585627242e-14,0,0,0,0
2025-11-12 17:30:00+00:00,194.395,195.545,194.02,194.31,188.1729101270378,188.17291012703768,-1.1368683772161603e-13,-6.0416155356722e-14,0,0,0,0
2025-11-12 20:30:00+00:00,194.305,194.68,194.25,194.41,188.96628459157736,188.96628459157725,-1.1368683772161603e-13,-6.016249828234349e-14,0,0,0,0
2025-11-13 14:30:00+00:00,194.21,196.0,193.45,194.9551,189.8070245665871,189.80702456658702,-8.526512829121202e-14,-4.492200880652853e-14,0,0,0,0
2025-11-13 17:30:00+00:00,194.93,195.97,194.68,195.42,190.67143909297445,190.67143909297442,-2.842170943040401e-14,-1.4906117856773046e-14,0,0,0,0
2025-11-13 20:30:00+00:00,195.43,195.46,194.59,195.31,191.50952202412296,191.50952202412296,0.0,0.0,0,0,0,0
2025-11-14 14:30:00+00:00,195.0,196.0,193.55,195.85,192.31422693658277,192.31422693658277,0.0,0.0,0,0,0,0
2025-11-14 17:30:00+00:00,195.85,197.18,195.7157,196.7383,193.05723433096608,193.05723433096608,0.0,0.0,0,0,0,0
2025-11-14 20:30:00+00:00,196.745,196.91,195.84,195.96,193.73710052473092,193.73710052473092,0.0,0.0,0,0,0,0
2025-11-17 14:30:00+00:00,196.96,199.82,195.9,199.81,194.38346934697913,194.38346934697913,0.0,0.0,0,0,0,0
2025-11-17 17:30:00+00:00,199.8193,200.275,198.905,199.35,195.0405105505932,195.0405105505932,0.0,0.0,0,0,0,0
2025-11-17 20:30:00+00:00,199.345,199.83,198.42,199.52,195.7238066176476,195.7238066176476,0.0,0.0,0,0,0,0
2025-11-18 14:30:00+00:00,199.01,200.01,198.5344,199.263,196.4495215592754,196.4495215592754,0.0,0.0,0,0,0,0
2025-11-18 17:30:00+00:00,199.265,200.01,199.0,199.69,197.15029066616896,197.15029066616898,2.842170943040401e-14,1.4416265547652667e-14,0,0,0,0
2025-11-18 20:30:00+00:00,199.707,200.3,199.55,200.025,197.796533810967,197.796533810967,0.0,0.0,0,0,0,0
2025-11-19 14:30:00+00:00,200.0,202.17,199.38,202.12,198.3899858624624,198.38998586246242,2.842170943040401e-14,1.4326181488872073e-14,0,0,0,0
2025-11-19 17:30:00+00:00,202.12,203.0,201.735,202.5,198.9744900477151,198.9744900477151,0.0,0.0,0,0,0,0
2025-11-19 20:30:00+00:00,202.5,203.48,202.45,202.67,199.58001588837757,199.58001588837755,-2.842170943040401e-14,-1.4240759178163352e-14,0,0,0,0
2025-11-20 14:30:00+00:00,202.0,203.98,201.57,203.47,200.199206809812,200.19920680981198,-2.842170943040401e-14,-1.4196714304370072e-14,0,0,0,0
2025-11-20 17:30:00+00:00,203.42,204.37,202.5,204.26,200.81513239662385,200.81513239662382,-2.842170943040401e-14,-1.4153171173509551e-14,0,0,0,0
2025-11-20 20:30:00+00:00,204.27,204.51,203.07,203.07,201.40091615806023,201.40091615806026,2.842170943040401e-14,1.4112006028859641e-14,0,0,0,0
2025-11-21 14:30:00+00:00,203.96,206.68,202.99,206.51,201.96501313016373,201.96501313016373,0.0,0.0,0,0,0,0
2025-11-21 17:30:00+00:00,206.485,206.9399,205.02,205.29,202.54323102616596,202.54323102616596,0.0,0.0,0,0,0,0
2025-11-21 20:30:00+00:00,205.29,205.7,203.8,204.12,203.08815274234692,203.08815274234692,0.0,0.0,0,0,0,0
2025-11-24 14:30:00+00:00,203.71,205.69,203.0,204.9402,203.5737105565072,203.5737105565072,0.0,0.0,0,0,0,0
2025-11-24 17:30:00+00:00,204.94,205.11,204.3,204.46,203.97438696124607,203.97438696124607,0.0,0.0,0,0,0,0
2025-11-24 20:30:00+00:00,204.4426,206.12,204.13,205.92,204.2938080057766,204.2938080057766,0.0,0.0,0,0,0,0
2025-11-25 14:30:00+00:00,205.18,207.72,205.1788,206.95,204.5668320696273,204.5668320696273,0.0,0.0,0,0,0,0
2025-11-25 17:30:00+00:00,206.96,207.64,206.5509,206.73,204.84520121042965,204.84520121042965,0.0,0.0,0,0,0,0
2025-11-25 20:30:00+00:00,206.73,207.1866,206.2475,206.68,205.13440417598753,205.13440417598753,0.0,0.0,0,0,0,0
2025-11-26 14:30:00+00:00,206.485,207.62,205.9426,207.13,205.42291800096072,205.42291800096072,0.0,0.0,0,0,0,0
2025-11-26 17:30:00+00:00,207.1184,207.3795,206.72,206.95,205.7038721928403,205.7038721928403,0.0,0.0,0,0,0,0
2025-11-26 20:30:00+00:00,206.95,207.81,206.795,207.47,205.97042568997156,205.97042568997156,0.0,0.0,0,0,0,0
2025-11-28 14:30:00+00:00,207.0,207.46,204.63,205.55,206.20564866628095,206.20564866628098,2.842170943040401e-14,1.3783186646065709e-14,0,0,0,0
2025-11-28 17:30:00+00:00,205.56,206.96,205.56,206.92,206.39662163542127,206.39662163542127,0.0,0.0,0,0,0,0
2025-12-01 14:30:00+00:00,206.5,207.7,205.57,206.13,206.5423927082657,206.5423927082657,0.0,0.0,0,0,0,0
2025-12-01 17:30:00+00:00,206.13,206.85,206.075,206.24,206.65282091897177,206.65282091897177,0.0,0.0,0,0,0,0
2025-12-01 20:30:00+00:00,206.22,206.42,205.365,205.52,206.73346941079316,206.73346941079316,0.0,0.0,0,0,0,0
2025-12-02 14:30:00+00:00,205.24,205.3799,203.54,203.7638,206.7839958857024,206.7839958857024,0.0,0.0,0,0,0,0
2025-12-02 17:30:00+00:00,203.76,205.155,203.1,205.0,206.79764593129744,206.79764593129744,0.0,0.0,0,0,0,0
2025-12-02 20:30:00+00:00,204.98,205.61,204.91,205.36,206.76974072715169,206.76974072715166,-2.842170943040401e-14,-1.3745584499188691e-14,0,0,0,0
2025-12-03 14:30:00+00:00,205.9,207.02,205.345,205.56,206.7181029424908,206.71810294249082,2.842170943040401e-14,1.3749018119768138e-14,0,1,0,1
2025-12-03 17:30:00+00:00,205.58,206.07,204.99,205.76,206.6573771071175,206.6573771071175,0.0,0.0,0,0,0,0
2025-12-03 20:30:00+00:00,205.76,206.12,205.18,205.38,206.59141801797537,206.59141801797537,0.0,0.0,0,0,0,0
2025-12-04 14:30:00+00:00,204.59,204.86,201.7401,202.4912,206.5142789188023,206.5142789188023,0.0,0.0,0,0,0,0
2025-12-04 17:30:00+00:00,202.44,203.22,201.76,201.76,206.40507326915724,206.40507326915724,0.0,0.0,0,0,0,0
2025-12-04 20:30:00+00:00,201.75,202.49,201.71,202.48,206.2407025522119,206.2407025522119,0.0,0.0,0,0,0,0
2025-12-05 14:30:00+00:00,202.98,203.45,200.81,202.17,206.0035020471308,206.0035020471308,0.0,0.0,0,0,0,0
2025-12-05 17:30:00+00:00,202.2,202.445,201.82,202.295,205.7082953155524,205.7082953155524,0.0,0.0,0,0,0,0
2025-12-05 20:30:00+00:00,202.29,202.29,201.34,201.91,205.37194953382337,205.37194953382337,0.0,0.0,0,0,0,0
2025-12-08 14:30:00+00:00,202.66,203.255,200.99,202.54,205.0165724088149,205.0165724088149,0.0,0.0,0,0,0,0
2025-12-08 17:30:00+00:00,202.54,202.895,201.475,201.49,204.65444371499575,204.65444371499578,2.842170943040401e-14,1.3887658100395036e-14,0,0,0,0
2025-12-08 20:30:00+00:00,201.45,201.88,201.32,201.68,204.2907863176434,204.2907863176434,0.0,0.0,0,0,0,0
2025-12-09 14:30:00+00:00,202.92,205.54,201.84,201.85,203.9503716868508,203.95037168685081,2.842170943040401e-14,1.3935600702921606e-14,0,0,0,0
2025-12-09 17:30:00+00:00,201.82,201.94,200.8,200.82,203.6358805366071,203.6358805366071,0.0,0.0,0,0,0,0
2025-12-09 20:30:00+00:00,200.81,200.81,199.905,200.04,203.3360500706423,203.3360500706423,0.0,0.0,0,0,0,0
2025-12-10 14:30:00+00:00,200.59,204.1,200.1799,203.99,203.0512512828864,203.0512512828864,0.0,0.0,0,0,0,0
2025-12-10 17:30:00+00:00,203.97,206.23,203.85,205.3,202.7997986441013,202.79979864410126,-2.842170943040401e-14,-1.4014663535382505e-14,0,0,0,0
2025-12-10 20:30:00+00:00,205.27,206.8,205.04,206.52,202.6129089302926,202.6129089302926,0.0,0.0,0,0,0,0
2025-12-11 14:30:00+00:00,207.9,211.235,207.83,210.26,202.536567188729,202.536567188729,0.0,0.0,0,0,0,0
2025-12-11 17:30:00+00:00,210.27,210.5,209.14,209.57,202.59002611781463,202.59002611781463,0.0,0.0,1,0,1,0
2025-12-11 20:30:00+00:00,209.59,210.48,209.565,210.09,202.76920322406696,202.76920322406696,0.0,0.0,0,0,0,0
2025-12-12 14:30:00+00:00,210.28,211.43,208.9632,210.485,203.06848931762684,203.06848931762684,0.0,0.0,0,0,0,0
2025-12-12 17:30:00+00:00,210.47,211.594,210.42,211.26,203.4701808750195,203.47018087501954,2.842170943040401e-14,1.3968488801738421e-14,0,0,0,0
2025-12-12 20:30:00+00:00,211.26,212.27,211.17,211.64,204.01143846138095,204.01143846138092,-2.842170943040401e-14,-1.3931429357469186e-14,0,0,0,0
2025-12-15 14:30:00+00:00,210.345,214.38,209.0057,214.07,204.69772490801407,204.69772490801395,-1.1368683772161603e-13,-5.553888680135746e-14,0,0,0,0
2025-12-15 17:30:00+00:00,214.055,214.81,213.66,214.69,205.51452181278972,205.51452181278952,-1.9895196601282805e-13,-9.680676784196314e-14,0,0,0,0
2025-12-15 20:30:00+00:00,214.71,215.185,214.13,214.25,206.45547536964935,206.45547536964918,-1.7053025658242404e-13,-8.25990477012524e-14,0,0,0,0
2025-12-16 14:30:00+00:00,214.0,214.73,209.755,209.86,207.3900125697612,207.39001256976104,-1.7053025658242404e-13,-8.222684133598844e-14,0,0,0,0
2025-12-16 17:30:00+00:00,209.93,210.16,208.81,209.35,208.2527994053945,208.2527994053944,-1.1368683772161603e-13,-5.459078487598526e-14,0,0,0,0
2025-12-16 20:30:00+00:00,209.395,209.7,209.105,209.26,208.9955215825724,208.9955215825723,-8.526512829121202e-14,-4.079758630498907e-14,0,0,0,0
2025-12-17 14:30:00+00:00,209.385,210.54,208.46,210.315,209.59970046589055,209.59970046589055,0.0,0.0,0,0,0,0
2025-12-17 17:30:00+00:00,210.34,211.515,209.87,210.99,210.0752472222704,210.07524722227046,5.684341886080802e-14,2.7058599055539733e-14,0,0,0,0
2025-12-17 20:30:00+00:00,210.9963,211.32,210.35,210.43,210.4570317437052,210.45703174370533,1.4210854715202004e-13,6.752378192099563e-14,0,0,0,0
2025-12-18 14:30:00+00:00,209.8,211.06,208.285,208.3,210.7579018131225,210.75790181312257,8.526512829121202e-14,4.0456432502737663e-14,0,0,0,0
2025-12-18 17:30:00+00:00,208.3,209.21,207.756,208.68,210.969937431698,210.969937431698,0.0,0.0,0,0,0,0
2025-12-18 20:30:00+00:00,208.66,209.07,208.13,208.31,211.0958609022834,211.09586090228336,-2.842170943040401e-14,-1.346388759538988e-14,0,0,0,0
2025-12-19 14:30:00+00:00,207.56,209.24,207.31,208.215,211.1509146073061,211.15091460730608,-2.842170943040401e-14,-1.3460377135122566e-14,0,0,0,0
2025-12-19 17:30:00+00:00,208.205,208.59,207.88,207.915,211.14764830141928,211.1476483014192,-8.526512829121202e-14,-4.03817560731217e-14,0,0,0,0
2025-12-19 20:30:00+00:00,207.91,207.989,206.03,206.475,211.08348139168544,211.08348139168532,-1.1368683772161603e-13,-5.38587088729408e-14,0,0,0,0
2025-12-22 14:30:00+00:00,206.13,207.53,205.5,206.7207,210.95919152498251,210.9591915249824,-1.1368683772161603e-13,-5.389044056331286e-14,0,0,0,0
2025-12-22 17:30:00+00:00,206.75,208.08,206.7,207.875,210.78620801822643,210.7862080182263,-1.4210854715202004e-13,-6.741833276858991e-14,0,1,0,1
2025-12-22 20:30:00+00:00,207.87,207.91,207.25,207.28,210.57694623898257,210.57694623898243,-1.4210854715202004e-13,-6.748533003738304e-14,0,0,0,0
2025-12-23 14:30:00+00:00,205.02,206.53,203.28,205.4944,210.3243136189435,210.32431361894334,-1.7053025658242404e-13,-8.107966865465844e-14,0,0,0,0
2025-12-23 17:30:00+00:00,205.5,205.89,205.01,205.09,210.0194141220815,210.0194141220813,-2.2737367544323206e-13,-1.0826317004725227e-13,0,0,0,0
2025-12-23 20:30:00+00:00,205.09,205.96,205.06,205.78,209.659269919726,209.6592699197257,-3.126388037344441e-13,-1.491175676869173e-13,0,0,0,0
2025-12-24 14:30:00+00:00,206.0,207.74,205.57,207.635,209.26113084394888,209.26113084394848,-3.979039320256561e-13,-1.9014708102785834e-13,0,0,0,0
2025-12-24 17:30:00+00:00,207.65,207.94,207.515,207.745,208.8738210909412,208.87382109094074,-4.547473508864641e-13,-2.1771390426590249e-13,0,0,0,0
2025-12-26 14:30:00+00:00,207.53,208.04,206.81,207.02,208.527119361654,208.52711936165352,-4.831690603168681e-13,-2.317056226528001e-13,0,0,0,0
2025-12-26 17:30:00+00:00,207.005,207.3,206.7101,207.285,208.22420336598896,208.22420336598847,-4.831690603168681e-13,-2.320426984501977e-13,0,0,0,0
2025-12-26 20:30:00+00:00,207.27,207.82,207.25,207.63,207.96034257502117,207.9603425750207,-4.831690603168681e-13,-2.323371150163239e-13,0,0,0,0
2025-12-29 14:30:00+00:00,208.0,209.47,207.9,208.33,207.7355660972054,207.73556609720495,-4.547473508864641e-13,-2.1890683402459588e-13,0,0,0,0
2025-12-29 17:30:00+00:00,208.33,208.55,207.99,208.09,207.558464401678,207.55846440167758,-4.263256414560601e-13,-2.0540026767157632e-13,0,0,0,0
2025-12-29 20:30:00+00:00,208.09,208.1593,207.38,207.58,207.42809672412687,207.4280967241265,-3.694822225952521e-13,-1.781254460848919e-13,0,0,0,0
2025-12-30 14:30:00+00:00,207.51,207.69,206.52,207.0701,207.33009608140688,207.33009608140657,-3.126388037344441e-13,-1.5079277424908365e-13,0,0,0,0
2025-12-30 17:30:00+00:00,207.0999,207.57,206.99,207.53,207.25113696399083,207.25113696399055,-2.8421709430404007e-13,-1.3713656700152231e-13,0,0,0,0
2025-12-30 20:30:00+00:00,207.54,207.69,206.86,206.93,207.1860082608696,207.18600826086936,-2.5579538487363607e-13,-1.234617081630155e-13,0,0,0,0
2025-12-31 14:30:00+00:00,206.91,207.26,206.37,207.18,207.1317366229013,207.13173662290106,-2.2737367544323206e-13,-1.0977249510401331e-13,0,0,0,0
2025-12-31 17:30:00+00:00,207.17,207.42,207.07,207.18,207.08594456693623,207.08594456693606,-1.7053025658242404e-13,-8.234757648040361e-14,0,0,0,0
2025-12-31 20:30:00+00:00,207.15,207.5,206.8,206.96,207.0478289353464,207.04782893534625,-1.4210854715202004e-13,-6.863561327001185e-14,0,0,0,0
2026-01-02 14:30:00+00:00,206.82,207.3,203.68,206.71,207.0141459894241,207.014145989424,-8.526512829121202e-14,-4.118806851758239e-14,0,0,0,0
2026-01-02 17:30:00+00:00,206.68,207.2,205.835,206.1,206.97761572277523,206.97761572277517,-5.684341886080802e-14,-2.746355863763732e-14,0,0,0,0
2026-01-02 20:30:00+00:00,206.105,207.385,206.105,207.33,206.93763194299152,206.93763194299152,0.0,0.0,0,0,0,0
2026-01-05 14:30:00+00:00,205.87,205.935,200.9101,202.66,206.88843025914207,206.8884302591421,2.842170943040401e-14,1.3737698814188813e-14,0,0,0,0
2026-01-05 17:30:00+00:00,202.67,203.85,202.62,203.82,206.81041617663757,206.81041617663757,0.0,0.0,0,0,0,0
2026-01-05 20:30:00+00:00,203.85,204.39,203.67,204.31,206.6943075606425,206.6943075606425,0.0,0.0,0,0,0,0
2026-01-06 14:30:00+00:00,204.6,206.705,204.115,205.37,206.5515660029164,206.5515660029164,0.0,0.0,0,0,0,0
2026-01-06 17:30:00+00:00,205.365,206.005,205.01,205.06,206.40069675189017,206.40069675189017,0.0,0.0,0,0,0,0
2026-01-06 20:30:00+00:00,205.04,205.29,204.7,204.78,206.25515786297484,206.25515786297484,0.0,0.0,0,0,0,0
2026-01-07 14:30:00+00:00,205.26,208.26,205.03,206.995,206.1219909959876,206.1219909959876,0.0,0.0,0,0,0,0
2026-01-07 17:30:00+00:00,206.98,207.83,206.0,206.9,206.010721329757,206.010721329757,0.0,0.0,0,0,0,0
2026-01-07 20:30:00+00:00,206.895,207.54,206.76,207.48,205.93075709506635,205.93075709506635,0.0,0.0,0,0,0,0
2026-01-08 14:30:00+00:00,206.93,208.98,206.53,206.682,205.8835651795791,205.8835651795791,0.0,0.0,0,0,0,0
2026-01-08 17:30:00+00:00,206.725,206.86,204.97,205.43,205.8662219761911,205.8662219761911,0.0,0.0,0,0,0,0
2026-01-08 20:30:00+00:00,205.48,206.28,205.48,205.7,205.8619868982161,205.86198689821606,-2.842170943040401e-14,-1.380619601444753e-14,0,0,0,0
2026-01-09 14:30:00+00:00,205.91,206.7,204.51,205.6622,205.85928311918292,205.85928311918292,0.0,0.0,0,0,0,0
2026-01-09 17:30:00+00:00,205.6301,205.835,204.62,204.85,205.85199390926232,205.85199390926232,0.0,0.0,0,0,0,0
2026-01-09 20:30:00+00:00,204.85,204.85,204.01,204.37,205.83368245505247,205.83368245505247,0.0,0.0,0,0,0,0
2026-01-12 14:30:00+00:00,205.55,208.61,203.85,207.64,205.8073685837215,205.80736858372154,2.842170943040401e-14,1.3809859980228154e-14,0,0,0,0
2026-01-12 17:30:00+00:00,207.655,209.82,207.37,209.65,205.79065845218943,205.79065845218946,2.842170943040401e-14,1.3810981336165516e-14,0,0,0,0
2026-01-12 20:30:00+00:00,209.64,209.9,209.025,209.74,205.8170049059705,205.81700490597046,-2.842170943040401e-14,-1.3809213404591492e-14,0,0,0,0
2026-01-13 14:30:00+00:00,209.91,213.49,208.86,213.29,205.9202783750437,205.9202783750437,0.0,0.0,1,0,1,0
2026-01-13 17:30:00+00:00,213.26,214.39,212.87,213.61,206.12595777976117,206.12595777976117,0.0,0.0,0,0,0,0
2026-01-13 20:30:00+00:00,213.595,214.0,213.19,213.66,206.54610388494137,206.54610388494135,-2.842170943040401e-14,-1.376046746746509e-14,0,0,0,0
2026-01-14 14:30:00+00:00,214.73,218.45,214.145,217.2,207.19446168604503,207.19446168604503,0.0,0.0,0,0,0,0
2026-01-14 17:30:00+00:00,217.195,218.67,216.755,218.67,208.05091963989,208.05091963989,0.0,0.0,0,0,0,0
2026-01-14 20:30:00+00:00,218.665,218.86,217.945,218.61,209.09301736183383,209.09301736183383,0.0,0.0,0,0,0,0
2026-01-15 14:30:00+00:00,218.23,218.7797,215.9106,218.13,210.2099634536937,210.20996345369366,-2.842170943040401e-14,-1.352062907173518e-14,0,0,0,0
2026-01-15 17:30:00+00:00,218.16,219.59,218.16,219.48,211.38570663294803,211.38570663294803,0.0,0.0,0,0,0,0
2026-01-15 20:30:00+00:00,219.51,219.75,219.23,219.6,212.55479729779435,212.55479729779435,0.0,0.0,0,0,0,0
2026-01-16 14:30:00+00:00,219.04,220.11,218.84,219.515,213.6833831310178,213.6833831310178,0.0,0.0,0,0,0,0
2026-01-16 17:30:00+00:00,219.515,219.53,218.135,218.89,214.73831473905787,214.73831473905787,0.0,0.0,0,0,0,0
2026-01-16 20:30:00+00:00,218.891,219.35,218.43,218.69,215.687962051746,215.68796205174598,-2.842170943040401e-14,-1.3177234909190395e-14,0,0,0,0
2026-01-20 14:30:00+00:00,217.09,218.09,214.5,217.48,216.5038632454176,216.50386324541762,2.842170943040401e-14,1.312757611081823e-14,0,0,0,0
2026-01-20 17:30:00+00:00,217.46,218.725,217.04,218.665,217.1635020806264,217.16350208062642,2.842170943040401e-14,1.308770081440843e-14,0,0,0,0
2026-01-20 20:30:00+00:00,218.68,218.71,217.76,218.29,217.6739290729854,217.6739290729854,0.0,0.0,0,0,0,0
2026-01-21 14:30:00+00:00,211.0,218.1175,210.5,216.13,218.0672868175029,218.06728681750286,-2.842170943040401e-14,-1.3033458546301671e-14,0,0,0,0
2026-01-21 17:30:00+00:00,216.07,218.32,214.59,217.32,218.3265838923041,218.3265838923041,0.0,0.0,0,0,0,0
2026-01-21 20:30:00+00:00,217.31,218.675,217.2525,218.08,218.4703033806538,218.4703033806538,0.0,0.0,0,0,0,0
2026-01-22 14:30:00+00:00,218.77,222.17,218.1,219.61,218.55570713572376,218.55570713572376,0.0,0.0,0,0,0,0
2026-01-22 17:30:00+00:00,219.57,220.12,218.91,219.295,218.63170313715824,218.63170313715824,0.0,0.0,0,0,0,0
2026-01-22 20:30:00+00:00,219.29,219.35,218.39,218.59,218.7107763221164,218.7107763221164,0.0,0.0,0,0,0,0
2026-01-23 14:30:00+00:00,219.8,220.48,218.05,218.31,218.7856839619409,218.7856839619409,0.0,0.0,0,0,0,0
2026-01-23 17:30:00+00:00,218.3201,221.05,217.8435,220.98,218.85374801336735,218.85374801336738,2.842170943040401e-14,1.2986622202452771e-14,0,0,0,0
2026-01-23 20:30:00+00:00,220.99,221.21,220.12,220.16,218.92315779607097,218.92315779607094,-2.842170943040401e-14,-1.2982504782284887e-14,0,0,0,0
2026-01-26 14:30:00+00:00,220.21,222.03,220.0,220.59,219.0031110053868,219.00311100538678,-2.842170943040401e-14,-1.297776515590453e-14,0,0,0,0
2026-01-26 17:30:00+00:00,220.6159,221.42,220.405,221.24,219.0990221038776,219.0990221038776,0.0,0.0,0,0,0,0
2026-01-26 20:30:00+00:00,221.265,221.63,221.23,221.43,219.21442427377073,219.21442427377073,0.0,0.0,0,0,0,0
2026-01-27 14:30:00+00:00,222.0,225.5,220.7,224.66,219.3566279921401,219.35662799214006,-2.842170943040401e-14,-1.2956850080418997e-14,0,0,0,0
2026-01-27 17:30:00+00:00,224.635,225.37,224.3,224.51,219.5447905346452,219.5447905346452,0.0,0.0,0,0,0,0
2026-01-27 20:30:00+00:00,224.5,224.995,224.08,224.44,219.79145898015824,219.79145898015824,0.0,0.0,0,0,0,0
2026-01-28 14:30:00+00:00,226.4,228.57,226.075,227.355,220.11995521643055,220.11995521643055,0.0,0.0,0,0,0,0
2026-01-28 17:30:00+00:00,227.35,227.59,226.24,227.435,220.5338885838041,220.5338885838041,0.0,0.0,0,0,0,0
2026-01-28 20:30:00+00:00,227.42,228.0,227.29,227.75,221.06812116100951,221.06812116100954,2.842170943040401e-14,1.2856539098056456e-14,0,0,0,0
2026-01-29 14:30:00+00:00,228.81,230.0,227.1115,227.375,221.6925521085127,221.6925521085127,0.0,0.0,0,0,0,0
2026-01-29 17:30:00+00:00,227.385,228.6699,227.08,228.45,222.3682667025607,222.3682667025607,0.0,0.0,0,0,0,0
2026-01-29 20:30:00+00:00,228.45,228.55,227.13,227.25,223.15769550287712,223.15769550287712,0.0,0.0,0,0,0,0
2026-01-30 14:30:00+00:00,228.26,228.5,225.33,226.755,223.9291107637056,223.92911076370558,-2.842170943040401e-14,-1.2692279861904669e-14,0,0,0,0
2026-01-30 17:30:00+00:00,226.77,227.935,226.62,227.45,224.6334999656167,224.6334999656167,0.0,0.0,0,0,0,0
2026-01-30 20:30:00+00:00,227.44,228.05,226.92,227.33,225.2543444629167,225.2543444629167,0.0,0.0,0,0,0,0
2026-02-02 14:30:00+00:00,228.32,231.19,227.25,228.88,225.80823911010177,225.80823911010177,0.0,0.0,0,0,0,0
2026-02-02 17:30:00+00:00,228.9,230.86,228.85,230.84,226.35294891057003,226.35294891057003,0.0,0.0,0,0,0,0
2026-02-02 20:30:00+00:00,230.8,230.94,230.3001,230.78,226.92759556145657,226.92759556145657,0.0,0.0,0,0,0,0
2026-02-03 14:30:00+00:00,231.5,235.2,230.48,234.35,227.5741463032518,227.5741463032518,0.0,0.0,0,0,0,0
2026-02-03 17:30:00+00:00,234.35,234.97,233.105,234.365,228.3260287434446,228.3260287434446,0.0,0.0,0,0,0,0
2026-02-03 20:30:00+00:00,234.36,234.615,233.04,233.08,229.14337514746984,229.14337514746984,0.0,0.0,0,0,0,0
2026-02-04 14:30:00+00:00,235.0,235.6,232.94,234.7124,229.984473705989,229.984473705989,0.0,0.0,0,0,0,0
2026-02-04 17:30:00+00:00,234.695,235.83,234.54,234.58,230.8112178788751,230.8112178788751,0.0,0.0,0,0,0,0
2026-02-04 20:30:00+00:00,234.57,234.9021,234.165,234.42,231.5813048571956,231.5813048571956,0.0,0.0,0,0,0,0
2026-02-05 14:30:00+00:00,235.0,239.58,234.99,237.85,232.30458351776556,232.30458351776556,0.0,0.0,0,0,0,0
2026-02-05 17:30:00+00:00,237.865,238.5,237.25,238.1,233.0253363954176,233.02533639541758,-2.842170943040401e-14,-1.2196832271567065e-14,0,0,0,0
2026-02-05 20:30:00+00:00,238.13,238.29,237.55,237.76,233.74953453192217,233.74953453192217,0.0,0.0,0,0,0,0
2026-02-06 14:30:00+00:00,238.96,240.24,237.98,238.845,234.48900416094193,234.48900416094193,0.0,0.0,0,0,0,0
2026-02-06 17:30:00+00:00,238.88,240.935,238.26,240.46,235.23374763596357,235.23374763596357,0.0,0.0,0,0,0,0
2026-02-06 20:30:00+00:00,240.48,240.63,239.95,240.01,235.98205555539803,235.98205555539803,0.0,0.0,0,0,0,0
2026-02-09 14:30:00+00:00,240.25,240.74,237.27,237.665,236.68168249605847,236.68168249605847,0.0,0.0,0,0,0,0
2026-02-09 17:30:00+00:00,237.64,239.1,237.04,238.97,237.3004719900952,237.30047199009522,2.842170943040401e-14,1.1977097724268462e-14,0,0,0,0
2026-02-09 20:30:00+00:00,238.965,239.5,238.385,238.59,237.81000296608383,237.81000296608383,0.0,0.0,0,0,0,0
2026-02-10 14:30:00+00:00,239.98,240.5,237.88,238.63,238.2148439791318,238.2148439791318,0.0,0.0,0,0,0,0
2026-02-10 17:30:00+00:00,238.66,240.34,238.615,239.81,238.5378544318768,238.53785443187678,-2.842170943040401e-14,-1.1914968170605754e-14,0,0,0,0
2026-02-10 20:30:00+00:00,239.82,239.83,238.25,238.3,238.80251200536048,238.80251200536048,0.0,0.0,0,0,0,0
2026-02-11 14:30:00+00:00,239.34,241.0,237.4,240.725,239.0162700073826,239.0162700073826,0.0,0.0,0,0,0,0
2026-02-11 17:30:00+00:00,240.71,241.1946,240.28,241.13,239.1972867028298,239.1972867028298,0.0,0.0,0,0,0,0
2026-02-11 20:30:00+00:00,241.14,241.26,240.73,240.78,239.37155389512708,239.37155389512708,0.0,0.0,0,0,0,0
2026-02-12 14:30:00+00:00,240.48,244.91,239.68,244.57,239.5661781171585,239.5661781171585,0.0,0.0,0,0,0,0
2026-02-12 17:30:00+00:00,244.6155,246.33,243.845,246.23,239.84488377022168,239.84488377022166,-2.842170943040401e-14,-1.1850037817622503e-14,0,0,0,0
2026-02-12 20:30:00+00:00,246.25,246.3499,244.4,244.56,240.22739929925817,240.22739929925814,-2.842170943040401e-14,-1.1831168931316727e-14,0,0,0,0
2026-02-13 14:30:00+00:00,244.59,244.95,242.67,243.52,240.6625501748668,240.6625501748668,0.0,0.0,0,0,0,0
2026-02-13 17:30:00+00:00,243.56,244.615,243.23,243.6574,241.12075798042804,241.12075798042804,0.0,0.0,0,0,0,0
2026-02-13 20:30:00+00:00,243.645,243.775,242.61,243.43,241.55174905646993,241.55174905646993,0.0,0.0,0,0,0,0
2026-02-17 14:30:00+00:00,244.13,244.49,241.87,243.04,241.9390522479269,241.9390522479269,0.0,0.0,0,0,0,0
2026-02-17 17:30:00+00:00,242.99,244.09,242.62,243.41,242.27706393305075,242.27706393305075,0.0,0.0,0,0,0,0
2026-02-17 20:30:00+00:00,243.41,243.97,242.78,243.36,242.5691776665332,242.56917766653322,2.842170943040401e-14,1.1716950069178265e-14,0,0,0,0
2026-02-18 14:30:00+00:00,243.24,244.61,242.82,243.58,242.82144268881336,242.82144268881336,0.0,0.0,0,0,0,0
2026-02-18 17:30:00+00:00,243.61,244.57,243.55,244.19,243.0409181624183,243.0409181624183,0.0,0.0,0,0,0,0
2026-02-18 20:30:00+00:00,244.19,245.065,244.04,244.94,243.23850068783003,243.23850068783005,2.842170943040401e-14,1.168470836238222e-14,0,0,0,0
2026-02-19 14:30:00+00:00,244.62,245.9,244.27,245.46,243.43044519237668,243.43044519237668,0.0,0.0,0,0,0,0
2026-02-19 17:30:00+00:00,245.4701,246.96,245.24,246.54,243.63501621105007,243.63501621105007,0.0,0.0,0,0,0,0
2026-02-19 20:30:00+00:00,246.565,246.92,246.4601,246.89,243.86841408554207,243.86841408554207,0.0,0.0,0,0,0,0
2026-02-20 14:30:00+00:00,246.47,246.88,240.28,243.2,244.09933026516725,244.09933026516723,-2.842170943040401e-14,-1.1643501602208106e-14,0,0,0,0
2026-02-20 17:30:00+00:00,243.23,244.39,242.765,244.12,244.3023888919667,244.3023888919667,0.0,0.0,0,0,0,0
2026-02-20 20:30:00+00:00,244.12,244.27,242.08,242.52,244.45812025096657,244.45812025096657,0.0,0.0,0,0,0,0
2026-02-23 14:30:00+00:00,243.63,246.81,242.6,245.5,244.5653757982797,244.5653757982797,0.0,0.0,0,0,0,0
2026-02-23 17:30:00+00:00,245.46,246.26,245.09,245.9009,244.64436812749705,244.64436812749702,-2.842170943040401e-14,-1.1617561298444425e-14,0,0,0,0
2026-02-23 20:30:00+00:00,245.92,245.98,245.24,245.84,244.71903997157065,244.71903997157065,0.0,0.0,0,0,0,0
2026-02-24 14:30:00+00:00,245.345,247.25,244.54,246.64,244.79741989080185,244.79741989080185,0.0,0.0,0,0,0,0
2026-02-24 17:30:00+00:00,246.67,246.99,245.31,246.04,244.88231078313825,244.88231078313825,0.0,0.0,0,0,0,0
2026-02-24 20:30:00+00:00,246.04,246.41,245.77,246.28,244.97556306262865,244.97556306262862,-2.842170943040401e-14,-1.160185492588823e-14,0,0,0,0
2026-02-25 14:30:00+00:00,244.86,247.25,243.72,244.61,245.06986859210056,245.06986859210056,0.0,0.0,0,0,0,0
2026-02-25 17:30:00+00:00,244.61,245.35,244.47,245.11,245.15619723880113,245.15619723880113,0.0,0.0,0,0,0,0
2026-02-25 20:30:00+00:00,245.11,245.6,244.985,245.17,245.2274186032011,245.2274186032011,0.0,0.0,0,0,0,0
2026-02-26 14:30:00+00:00,245.11,245.47,242.16,242.85,245.28138678841833,245.28138678841833,0.0,0.0,0,0,0,0
2026-02-26 17:30:00+00:00,242.88,243.59,242.0201,243.49,245.3088625782416,245.30886257824162,2.842170943040401e-14,1.1586091562973541e-14,0,0,0,0
2026-02-26 20:30:00+00:00,243.5,243.7,243.23,243.48,245.30478076428335,245.30478076428338,2.842170943040401e-14,1.1586284352816919e-14,0,0,0,0
2026-02-27 14:30:00+00:00,244.03,247.66,242.5,247.52,245.2736531795138,245.27365317951381,2.842170943040401e-14,1.1587754763697506e-14,0,0,0,0
2026-02-27 17:30:00+00:00,247.49,248.57,247.41,247.859063,245.24490259378896,245.24490259378896,0.0,0.0,0,0,0,0
2026-02-27 20:30:00+00:00,247.88,248.94,247.6,248.45,245.25227730923697,245.25227730923694,-2.842170943040401e-14,-1.1588764737367662e-14,0,0,0,0
2026-03-02 14:30:00+00:00,249.19,251.71,247.47,247.7499,245.31019372446573,245.31019372446573,0.0,0.0,0,0,0,0
2026-03-02 17:30:00+00:00,247.74,248.93,246.87,248.17,245.410493878248,245.410493878248,0.0,0.0,0,0,0,0
2026-03-02 20:30:00+00:00,248.17,249.215,248.035,248.44,245.5631300558318,245.5631300558318,0.0,0.0,0,0,0,0
2026-03-03 14:30:00+00:00,246.46,247.0,244.36,246.23,245.73041449629216,245.73041449629216,0.0,0.0,0,0,0,0
2026-03-03 17:30:00+00:00,246.225,247.88,245.7863,247.705,245.89470840825683,245.89470840825683,0.0,0.0,0,0,0,0
2026-03-03 20:30:00+00:00,247.705,247.8499,246.61,246.79,246.04521076264209,246.04521076264209,0.0,0.0,0,0,0,0
2026-03-04 14:30:00+00:00,245.75,246.3,243.18,245.745,246.17899574789388,246.17899574789388,0.0,0.0,0,0,0,0
2026-03-04 17:30:00+00:00,245.71,246.57,244.575,245.85,246.28835849139756,246.28835849139756,0.0,0.0,0,0,0,0
2026-03-04 20:30:00+00:00,245.82,246.18,245.17,245.21,246.3686476930732,246.3686476930732,0.0,0.0,0,0,0,0
2026-03-05 14:30:00+00:00,242.63,243.0,236.07,236.22,246.3853792569633,246.3853792569633,0.0,0.0,0,0,0,0
2026-03-05 17:30:00+00:00,236.24,238.94,235.93,238.72,246.28196528282743,246.28196528282746,2.842170943040401e-14,1.1540312908322312e-14,0,0,0,0
2026-03-05 20:30:00+00:00,238.69,239.73,238.5,239.59,246.0495783616664,246.0495783616664,0.0,0.0,0,1,0,1
2026-03-06 14:30:00+00:00,238.115,239.0,235.43,237.45,245.6896395773527,245.6896395773527,0.0,0.0,0,0,0,0
2026-03-06 17:30:00+00:00,237.5299,240.2,237.335,240.11,245.25103905489573,245.25103905489573,0.0,0.0,0,0,0,0
2026-03-06 20:30:00+00:00,240.11,240.79,239.9,240.38,244.77839534714224,244.77839534714226,2.842170943040401e-14,1.1611200159269216e-14,0,0,0,0
2026-03-09 13:30:00+00:00,240.87,243.16,240.04,242.8699,244.311758827736,244.31175882773599,-2.842170943040401e-14,-1.16333776019533e-14,0,0,0,0
2026-03-09 16:30:00+00:00,242.835,243.64,241.16,243.61,243.87836007890132,243.87836007890132,0.0,0.0,0,0,0,0
2026-03-09 19:30:00+00:00,243.62,244.09,242.15,242.59,243.49668936642868,243.49668936642868,0.0,0.0,0,0,0,0
2026-03-10 13:30:00+00:00,242.3,244.63,240.82,243.26,243.1751256900504,243.17512569005038,-2.842170943040401e-14,-1.168775356844275e-14,0,0,0,0
2026-03-10 16:30:00+00:00,243.22,245.0,243.17,243.77,242.91229069150185,242.91229069150185,0.0,0.0,0,0,0,0
2026-03-10 19:30:00+00:00,243.745,243.94,242.94,243.7,242.70967494683111,242.70967494683111,0.0,0.0,0,0,0,0
2026-03-11 13:30:00+00:00,242.87,243.69,241.36,242.52,242.5597002049418,242.5597002049418,0.0,0.0,0,0,0,0
2026-03-11 16:30:00+00:00,242.645,243.13,241.87,242.695,242.44769519143244,242.44769519143244,0.0,0.0,0,0,0,0
2026-03-11 19:30:00+00:00,242.72,243.45,242.63,243.03,242.3599604195184,242.3599604195184,0.0,0.0,0,0,0,0
2026-03-12 13:30:00+00:00,241.46,244.1,240.3,243.2,242.29544728122647,242.29544728122647,0.0,0.0,0,0,0,0
2026-03-12 16:30:00+00:00,243.2,244.4,243.06,244.17,242.25311261775025,242.25311261775025,0.0,0.0,0,0,0,0
2026-03-12 19:30:00+00:00,244.15,244.225,242.04,242.06,242.2329333680076,242.23293336800762,2.842170943040401e-14,1.1733214404510755e-14,0,0,0,0
2026-03-13 13:30:00+00:00,244.21,245.5899,242.4,243.6199,242.2338252201293,242.23382522012926,-2.842170943040401e-14,-1.1733171205373924e-14,0,0,0,0
2026-03-13 16:30:00+00:00,243.53,243.92,242.3,242.56,242.25379891160944,242.25379891160946,2.842170943040401e-14,1.1732203811909742e-14,0,0,0,0
2026-03-13 19:30:00+00:00,242.52,242.715,241.5,241.56,242.28597473255985,242.28597473255985,0.0,0.0,0,0,0,0
2026-03-16 13:30:00+00:00,243.92,245.055,241.67,242.18,242.31876950338503,242.31876950338506,2.842170943040401e-14,1.1729058169390785e-14,0,0,0,0
2026-03-16 16:30:00+00:00,242.21,243.38,241.885,242.355,242.34937919575077,242.34937919575077,0.0,0.0,0,0,0,0
2026-03-16 19:30:00+00:00,242.37,243.27,241.93,243.19,242.3804708494738,242.3804708494738,0.0,0.0,0,0,0,0
2026-03-17 13:30:00+00:00,243.58,244.14,240.46,240.81,242.40906868706628,242.40906868706628,0.0,0.0,0,0,0,0
2026-03-17 16:30:00+00:00,240.74,240.9,238.11,238.19,242.42233010136985,242.42233010136985,0.0,0.0,0,0,0,0
2026-03-17 19:30:00+00:00,238.2,238.44,237.22,238.1,242.38484518400907,242.38484518400907,0.0,0.0,0,0,0,0
2026-03-18 13:30:00+00:00,237.87,239.11,235.4169,238.085,242.26601642214712,242.26601642214712,0.0,0.0,0,0,0,0
2026-03-18 16:30:00+00:00,238.04,238.09,236.8,237.02,242.05952850766187,242.05952850766187,0.0,0.0,0,0,0,0
2026-03-18 19:30:00+00:00,237.05,237.4,236.88,237.27,241.78005131987592,241.78005131987592,0.0,0.0,0,0,0,0
2026-03-19 13:30:00+00:00,238.34,239.26,236.31,238.12,241.44555416982703,241.44555416982703,0.0,0.0,0,0,0,0
2026-03-19 16:30:00+00:00,238.11,238.79,237.5001,237.66,241.08692450644145,241.08692450644145,0.0,0.0,0,0,0,0
2026-03-19 19:30:00+00:00,237.68,238.11,237.54,237.62,240.72622326229003,240.72622326229003,0.0,0.0,0,0,0,0
2026-03-20 13:30:00+00:00,236.83,238.29,235.13,236.16,240.36429000139245,240.36429000139245,0.0,0.0,0,0,0,0
2026-03-20 16:30:00+00:00,236.13,236.7075,234.85,235.04,239.9827928032364,239.98279280323638,-2.842170943040401e-14,-1.1843228049148994e-14,0,0,0,0
2026-03-20 19:30:00+00:00,235.03,235.94,234.5,235.56,239.5745608060853,239.5745608060853,0.0,0.0,0,0,0,0
2026-03-23 13:30:00+00:00,237.4,238.31,234.25,234.57,239.1236116671409,239.12361166714086,-2.842170943040401e-14,-1.188578126277505e-14,0,0,0,0
2026-03-23 16:30:00+00:00,234.525,236.06,234.52,235.56,238.6584261020748,238.6584261020748,0.0,0.0,0,0,0,0
2026-03-23 19:30:00+00:00,235.58,236.54,235.39,235.41,238.19329488168577,238.19329488168574,-2.842170943040401e-14,-1.1932203819810084e-14,0,0,0,0
2026-03-24 13:30:00+00:00,234.14,235.5376,232.2365,234.98,237.7377041463888,237.73770414638878,-2.842170943040401e-14,-1.1955070203295613e-14,0,0,0,0
2026-03-24 16:30:00+00:00,235.005,236.0,233.99,235.2,237.30310720008595,237.303107200086,5.684341886080802e-14,2.395392944133663e-14,0,0,0,0
2026-03-24 19:30:00+00:00,235.2288,235.36,234.375,235.27,236.88391007325384,236.88391007325396,1.1368683772161603e-13,4.799263811816496e-14,0,0,0,0
2026-03-25 13:30:00+00:00,236.8,241.4,235.73,241.14,236.5185314762436,236.51853147624377,1.7053025658242404e-13,7.210016717000987e-14,0,0,0,0
2026-03-25 16:30:00+00:00,241.19,241.455,239.92,239.92,236.2392156399421,236.23921563994233,2.2737367544323206e-13,9.624721908566517e-14,0,0,0,0
2026-03-25 19:30:00+00:00,239.91,240.17,239.59,239.99,236.0653632125864,236.06536321258667,2.8421709430404007e-13,1.2039762650316942e-13,0,0,0,0
2026-03-26 13:30:00+00:00,240.0,240.83,238.93,240.62,235.9859682623177,235.98596826231795,2.5579538487363607e-13,1.0839431969501619e-13,0,0,0,0
2026-03-26 16:30:00+00:00,240.68,241.6535,239.9501,240.08,236.0008343958661,236.00083439586635,2.5579538487363607e-13,1.083874917342736e-13,0,0,0,0
2026-03-26 19:30:00+00:00,240.08,240.08,239.105,239.21,236.08487691579393,236.08487691579424,3.126388037344441e-13,1.3242644248066562e-13,0,0,1,0
2026-03-27 13:30:00+00:00,241.19,242.66,239.1301,241.91,236.2355221571296,236.23552215712996,3.694822225952521e-13,1.5640417631582724e-13,1,0,0,0
2026-03-27 16:30:00+00:00,241.94,242.68,240.2114,240.38,236.44428910620104,236.4442891062014,3.694822225952521e-13,1.562660802643856e-13,0,0,0,0
2026-03-27 19:30:00+00:00,240.385,240.555,239.21,240.36,236.69041946296713,236.69041946296753,3.979039320256561e-13,1.6811154964720175e-13,0,0,0,0
2026-03-30 13:30:00+00:00,243.49,244.21,240.51,242.07,236.9741430898902,236.97414308989056,3.694822225952521e-13,1.5591668262942016e-13,0,0,0,0
2026-03-30 16:30:00+00:00,242.14,243.19,241.77,241.905,237.2936420995245,237.29364209952482,3.126388037344441e-13,1.3175186699832382e-13,0,0,0,0
2026-03-30 19:30:00+00:00,241.9,242.68,241.74,242.47,237.65893365924228,237.65893365924256,2.8421709430404007e-13,1.1959032632518387e-13,0,0,0,0
2026-03-31 13:30:00+00:00,243.01,245.33,242.65,244.085,238.08856776194688,238.08856776194713,2.5579538487363607e-13,1.0743707153944216e-13,0,0,0,0
2026-03-31 16:30:00+00:00,244.09,244.56,242.65,243.8,238.57495757525916,238.5749575752594,2.2737367544323206e-13,9.530492125163907e-14,0,0,0,0
2026-03-31 19:30:00+00:00,243.8,244.9,243.8,244.38,239.10655691873168,239.10655691873185,1.7053025658242404e-13,7.131977423788692e-14,0,0,0,0
2026-04-01 13:30:00+00:00,245.6,247.2,244.181,244.285,239.68315482634225,239.6831548263424,1.4210854715202004e-13,5.929016882933722e-14,0,0,0,0
2026-04-01 16:30:00+00:00,244.25,245.19,243.74,244.25,240.27289869727397,240.27289869727412,1.4210854715202004e-13,5.914464258037952e-14,0,0,0,0
2026-04-01 19:30:00+00:00,244.29,245.08,243.98,244.19,240.87357471256297,240.8735747125631,1.4210854715202004e-13,5.899715123238392e-14,0,0,0,0
2026-04-02 13:30:00+00:00,245.11,247.21,244.065,244.2,241.4585152276703,241.45851522767046,1.7053025658242404e-13,7.062507463099064e-14,0,0,0,0
2026-04-02 16:30:00+00:00,244.275,244.86,242.72,242.77,242.00049781211737,242.00049781211752,1.4210854715202004e-13,5.872241934904996e-14,0,0,0,0
2026-04-02 19:30:00+00:00,242.775,243.11,241.87,243.03,242.4793879237526,242.47938792375268,8.526512829121202e-14,3.516386651306773e-14,0,0,0,0
2026-04-06 13:30:00+00:00,242.65,243.5193,241.53,242.07,242.88478364600056,242.88478364600056,0.0,0.0,0,0,0,0
2026-04-06 16:30:00+00:00,242.07,242.1599,240.63,240.745,243.2114213562473,243.21142135624723,-8.526512829121202e-14,-3.505802803821402e-14,0,0,0,0
2026-04-06 19:30:00+00:00,240.73,241.15,240.5,240.88,243.4575691252711,243.45756912527094,-1.7053025658242404e-13,-7.004516523972918e-14,0,0,0,0
