dt,open,high,low,close,tv_ss,py_ss,ss_diff,ss_pct,tv_buy,tv_sell,py_buy,py_sell
2024-12-23 20:30:00+00:00,343.0039,343.26,342.2344,342.76,346.0459453499709,0.8054082610316716,-345.2405370889392,-99.76725395229899,0,0,0,0
2024-12-24 14:30:00+00:00,343.0,344.95,340.83,343.84,345.22087172157285,4.303013622868482,-340.91785809870436,-98.7535476631497,0,0,0,0
2024-12-24 17:30:00+00:00,343.86,344.38,343.103,344.12,344.5095215869714,11.729337890243679,-332.7801836967277,-96.5953516070578,0,0,0,0
2024-12-26 14:30:00+00:00,344.88,344.88,341.0312,343.6165,343.91297429926834,22.89149520504859,-321.0214790942197,-93.34381168617129,0,0,0,0
2024-12-26 17:30:00+00:00,343.665,343.76,341.56,343.575,343.4224723029589,37.01329291175581,-306.4091793912031,-89.22222746125257,0,0,0,0
2024-12-26 20:30:00+00:00,343.58,343.75,341.7,341.84,343.0255965367673,53.3077746256475,-289.7178219111198,-84.45953445927942,0,0,0,0
2024-12-27 14:30:00+00:00,340.35,342.27,335.27,335.9,342.6847635431318,71.12062513609514,-271.56413840703664,-79.24604980952309,0,0,0,0
2024-12-27 17:30:00+00:00,335.87,339.61,335.48,337.71,342.34597106703796,89.90710872755028,-252.43886233948768,-73.73793871523473,0,0,0,0
2024-12-27 20:30:00+00:00,337.62,338.86,337.26,338.67,341.97875583815784,109.2171625030609,-232.76159333509693,-68.0631733291795,0,0,0,0
2024-12-30 14:30:00+00:00,333.47,337.4068,331.61,337.03,341.57184526208476,128.67866875023282,-212.89317651185195,-62.32749550786338,0,0,0,0
2024-12-30 17:30:00+00:00,336.942,338.1078,336.425,336.48,341.14639708032746,147.97684599621402,-193.16955108411344,-56.62365270081662,0,0,0,0
2024-12-30 20:30:00+00:00,336.495,336.82,335.693,335.91,340.718049918557,166.85505601264632,-173.8629939059107,-51.028407196938865,0,0,0,0
2024-12-31 14:30:00+00:00,336.27,337.15,333.53,333.5301,340.28448422637524,185.10467390048677,-155.17981032588847,-45.60296384911122,0,0,0,0
2024-12-31 17:30:00+00:00,333.655,335.22,332.41,335.22,339.84285103324675,202.55321540063173,-137.28963563261502,-40.39797665750633,0,0,0,0
2024-12-31 20:30:00+00:00,335.155,335.19,333.46,334.5,339.3940148009882,219.0687422067196,-120.3252725942686,-35.45297422667403,0,0,0,0
2025-01-02 14:30:00+00:00,336.31,338.92,330.43,330.54,338.91874205970475,234.55795460534665,-104.3607874543581,-30.792273929770946,0,0,0,0
2025-01-02 17:30:00+00:00,330.52,330.76,327.81,330.34,338.3547355243954,248.94900530792017,-89.4057302164752,-26.42366747960856,0,0,0,0
2025-01-02 20:30:00+00:00,330.375,330.82,329.825,330.74,337.70345259380457,262.18820428265883,-75.51524831114574,-22.361408428351712,0,0,0,0
2025-01-03 14:30:00+00:00,332.1,333.44,329.27,331.5796,337.01336228380404,274.25918373446575,-62.75417854933829,-18.620679644296136,0,0,0,0
2025-01-03 17:30:00+00:00,331.505,333.3588,330.94,332.86,336.3062844641605,285.184086200043,-51.122198264117515,-15.201083246354113,0,0,0,0
2025-01-03 20:30:00+00:00,332.815,333.08,331.93,333.0,335.6313656101925,294.9842141533856,-40.64715145680691,-12.110653419685198,0,0,0,0
2025-01-06 14:30:00+00:00,334.02,336.6,330.66,331.345,335.0184733759939,303.6553555887531,-31.36311778724081,-9.36160847227124,0,0,0,0
2025-01-06 17:30:00+00:00,331.32,332.11,327.28,328.48,334.457817702473,311.18508914843346,-23.27272855403953,-6.958344915932713,0,0,0,0
2025-01-06 20:30:00+00:00,328.54,330.63,328.3,330.49,333.915134921004,317.55211847623104,-16.36301644477294,-4.900351835996898,0,0,0,0
2025-01-07 14:30:00+00:00,330.5,331.5,323.92,326.2,333.3436618277726,322.73797652809617,-10.605685299676452,-3.1816070062721185,0,0,0,0
2025-01-07 17:30:00+00:00,326.195,327.24,323.58,323.8775,332.69971696292,326.7590713143485,-5.94064564857149,-1.785587827606594,0,0,0,0
2025-01-07 20:30:00+00:00,323.83,325.2456,322.91,324.87,331.98419879729704,329.7768437729818,-2.207355024315234,-0.6648976163058294,0,0,0,0
2025-01-08 14:30:00+00:00,327.74,328.8,323.11,323.28,331.20932498327466,331.9239224961375,0.7145975128628379,0.2157540440321007,0,0,0,0
2025-01-08 17:30:00+00:00,323.39,327.92,323.22,326.2,330.4133950476146,333.33754740935683,2.9241523617422445,0.8849981282752948,0,0,0,0
2025-01-08 20:30:00+00:00,326.21,327.34,325.83,326.82,329.66278166770513,334.26465429036784,4.601872622662711,1.3959333229497912,0,0,0,0
2025-01-10 14:30:00+00:00,322.765,322.765,316.02,318.71,328.92217613427454,334.57366063181144,5.651484497536899,1.7181828735165054,0,0,0,0
2025-01-10 17:30:00+00:00,318.705,321.67,318.43,318.655,328.1343886312618,334.37273763223334,6.238349000971539,1.9011567263624507,0,0,0,0
2025-01-10 20:30:00+00:00,318.54,318.8865,317.38,317.87,327.2339545870311,333.6727448801763,6.438790293145189,1.9676412557098284,0,0,0,0
2025-01-13 14:30:00+00:00,314.6,320.55,313.8,318.473,326.2303901604385,332.5746781861821,6.3442880257435945,1.9447262477979153,0,0,0,1
2025-01-13 17:30:00+00:00,318.41,318.8351,317.42,318.295,325.17728811594674,331.2247976888377,6.047509572890988,1.8597576749378204,0,0,0,0
2025-01-13 20:30:00+00:00,318.295,319.6,318.07,318.99,324.144547129727,329.7737166999376,5.629169570210593,1.7366232503543313,0,0,0,0
2025-01-14 14:30:00+00:00,325.0,329.935,322.6003,323.6476,323.21551714628055,328.40188209476776,5.18636494848721,1.604615086020134,0,0,0,0
2025-01-14 17:30:00+00:00,323.49,325.28,321.5,322.64,322.44014039981204,327.1665038804992,4.726363480687155,1.4658111346889582,0,0,0,0
2025-01-14 20:30:00+00:00,322.7,323.71,321.88,323.52,321.8403922878455,326.0967856725959,4.2563933847504245,1.3225168396338578,0,0,0,0
2025-01-15 14:30:00+00:00,329.88,331.53,322.6,323.6375,321.38940754174297,325.1833121044959,3.793904562752914,1.1804696961769505,0,0,0,0
2025-01-15 17:30:00+00:00,323.65,324.26,322.0,322.1794,321.0881014389131,324.42968311563004,3.3415816767169417,1.0407055452201728,0,0,0,0
2025-01-15 20:30:00+00:00,322.11,322.2,320.78,320.79,320.9034744493887,323.8090533810055,2.9055789316168443,0.9054370435229109,0,0,0,0
2025-01-16 14:30:00+00:00,322.94,327.72,319.55,324.715,320.78330872423834,323.2796911583605,2.496382434122154,0.7782145661039276,0,0,0,0
2025-01-16 17:30:00+00:00,324.64,324.75,321.79,322.165,320.7213242209533,322.83732086640185,2.115996645448547,0.6597617575284086,0,0,0,0
2025-01-16 20:30:00+00:00,322.17,322.29,319.95,319.99,320.70689024818154,322.47305512873214,1.7661648805506047,0.5507099891691895,0,0,0,0
2025-01-17 14:30:00+00:00,328.72,329.5699,323.07,327.9301,320.72691942180967,322.17478517881614,1.4478657570064684,0.45143256438112767,0,0,0,0
2025-01-17 17:30:00+00:00,327.89,328.89,325.1001,325.6,320.80075979503516,321.96150200333994,1.1607422083047823,0.36182651470227173,0,0,0,0
2025-01-17 20:30:00+00:00,325.58,326.49,323.95,324.33,320.93552443067045,321.8391210990706,0.9035966684001551,0.28155084109280426,1,0,0,0
2025-01-21 14:30:00+00:00,329.4,329.52,322.45,326.22,321.12066555175295,321.7959291154699,0.6752635637169533,0.21028343428371646,0,0,0,0
2025-01-21 17:30:00+00:00,326.22,328.14,325.94,327.67,321.34679100061015,321.82114179629474,0.47435079568458605,0.14761336007356782,0,0,0,0
2025-01-21 20:30:00+00:00,327.7283,328.43,326.59,326.92,321.63683335900737,321.9390318748108,0.3021985158034113,0.09395643920735308,0,0,0,0
2025-01-22 14:30:00+00:00,331.25,335.2288,327.28,333.09,322.0133274864198,322.1714502893826,0.15812280296279368,0.04910442812944199,0,0,0,0
2025-01-22 17:30:00+00:00,333.25,333.71,331.24,332.505,322.5152429479546,322.5560055274724,0.040762579517775066,0.012638962160418899,0,0,0,0
2025-01-22 20:30:00+00:00,332.545,333.5,331.83,332.58,323.1506148031413,323.0980304633563,-0.05258433978502808,-0.016272393545363268,0,0,0,0
2025-01-23 14:30:00+00:00,332.33,333.99,329.6,332.13,323.8823495086017,323.75716086661134,-0.12518864199034851,-0.03865250520143696,0,0,0,0
2025-01-23 17:30:00+00:00,332.19,335.21,331.81,334.776,324.6831215127129,324.50403084166805,-0.17909067104483256,-0.0551586020888432,0,0,0,0
2025-01-23 20:30:00+00:00,334.79,335.46,334.35,334.72,325.51027207301047,325.29155616916483,-0.21871590384563433,-0.06719170564195816,0,0,1,0
2025-01-24 14:30:00+00:00,336.3,338.65,333.91,335.76,326.3903445138838,326.14605670754565,-0.24428780633814995,-0.07484529197761197,0,0,0,0
2025-01-24 17:30:00+00:00,335.72,336.09,331.785,332.66,327.2875504236374,327.0281785502811,-0.25937187335631506,-0.07924892744028514,0,0,0,0
2025-01-24 20:30:00+00:00,332.71,333.96,332.23,333.82,328.1602451956616,327.89388762246284,-0.26635757319877484,-0.08116692289767224,0,0,0,0
2025-01-27 14:30:00+00:00,332.36,353.15,330.5,350.73,329.0698966861387,328.8071849140208,-0.262711772117882,-0.07983464144350222,0,0,0,0
2025-01-27 17:30:00+00:00,350.79,352.58,344.2,346.12,330.19325246567485,329.9438048867968,-0.2494475788780619,-0.0755459346959227,0,0,0,0
2025-01-27 20:30:00+00:00,346.17,348.57,345.925,347.195,331.6024384663234,331.3722905545792,-0.23014791174421134,-0.06940477060683149,0,0,0,0
2025-01-28 14:30:00+00:00,354.77,367.09,350.455,361.99,333.48692376558665,333.2818180750741,-0.20510569051253924,-0.06150336816705633,0,0,0,0
2025-01-28 17:30:00+00:00,361.92,365.365,360.5,361.99,336.11263800058396,335.93716754975696,-0.17547045082699242,-0.05220584738223606,0,0,0,0
2025-01-28 20:30:00+00:00,361.92,362.34,359.36,359.87,339.1674149915682,339.02163878046565,-0.14577621110254313,-0.0429806062313407,0,0,0,0
2025-01-29 14:30:00+00:00,358.76,360.18,351.82,354.66,342.2308644123457,342.11257112159785,-0.1182932907478289,-0.03456534843838637,0,0,0,0
2025-01-29 17:30:00+00:00,354.66,356.12,351.5,355.98,345.09637320584073,345.0029243463067,-0.09344885953402127,-0.02707906161571902,0,0,0,0
2025-01-29 20:30:00+00:00,356.06,357.0,353.85,353.97,347.62038269261717,347.54891298119645,-0.07146971142071834,-0.0205597010356885,0,0,0,0
2025-01-30 14:30:00+00:00,340.9,348.0,340.0,344.54,349.7640699621898,349.71180287040585,-0.052267091783960495,-0.014943528015788092,0,0,0,0
2025-01-30 17:30:00+00:00,344.46,345.98,344.04,344.52,351.45592556387874,351.4201899934646,-0.03573557041414688,-0.010167866811980035,0,0,0,0
2025-01-30 20:30:00+00:00,344.57,344.6,341.3,343.57,352.7089056560767,352.68730339926225,-0.02160225681444672,-0.006124670080066219,0,0,0,0
2025-01-31 14:30:00+00:00,348.0,349.5,343.22,347.44,353.54911784833075,353.5393888382231,-0.009729010107662361,-0.0027518128646091024,0,0,0,0
2025-01-31 17:30:00+00:00,347.5,347.76,340.345,340.5562,354.0776113909694,354.077799921914,0.0001885309445697203,5.324565533219949e-05,0,0,0,0
2025-01-31 20:30:00+00:00,340.67,342.15,340.1,341.5,354.3305950868679,354.33892072228457,0.008325635416667865,0.002349680081853148,0,0,0,0
2025-02-03 14:30:00+00:00,335.65,338.9,331.2601,338.02,354.34862362477577,354.36361179709957,0.014988172323796789,0.004229781442489235,0,0,0,0
2025-02-03 17:30:00+00:00,338.095,341.46,336.36,340.815,354.1233161965442,354.1436068525513,0.020290656007091457,0.005729827740523534,0,1,0,0
2025-02-03 20:30:00+00:00,340.815,340.93,338.94,339.14,353.6900314371589,353.7144115421473,0.02438010498838139,0.006893071000422886,0,0,0,0
2025-02-04 14:30:00+00:00,345.62,346.93,338.6722,339.985,353.09166710338695,353.1190053317501,0.02733822836313493,0.0077425300311973,0,0,0,0
2025-02-04 17:30:00+00:00,340.005,342.49,339.5648,342.025,352.38959410427157,352.41890774705394,0.029313642782369698,0.008318532463162302,0,0,0,1
2025-02-04 20:30:00+00:00,342.0,344.33,342.0,344.12,351.6449471153928,351.6754683403185,0.030521224925678325,0.008679557370594816,0,0,0,0
2025-02-05 14:30:00+00:00,345.72,346.97,338.8725,343.07,350.88218965427154,350.9132141769224,0.03102452265085276,0.00884186304281263,0,0,0,0
2025-02-05 17:30:00+00:00,343.1098,347.26,343.04,346.67,350.1353504134305,350.1663288595674,0.03097844613688494,0.008847563121034885,0,0,0,0
2025-02-05 20:30:00+00:00,346.67,348.04,345.74,347.97,349.4232831598713,349.45357169211303,0.030288532241740995,0.008668149405454219,0,0,0,0
2025-02-06 14:30:00+00:00,337.475,337.475,329.1,334.59,348.71823375747556,348.74708337205317,0.028849614577609373,0.008273044476840729,0,0,0,0
2025-02-06 17:30:00+00:00,334.6,335.0,330.59,331.935,347.8921226066444,347.9189996807465,0.026877074102060305,0.007725692062435615,0,0,0,0
2025-02-06 20:30:00+00:00,331.95,332.61,330.31,330.84,346.8577778886888,346.88236177803134,0.02458388934252298,0.007087599272579169,0,0,0,0
2025-02-07 14:30:00+00:00,332.0,333.82,326.26,326.96,345.6102752694187,345.632382315707,0.022107046288283527,0.006396524603051832,0,0,0,0
2025-02-07 17:30:00+00:00,326.94,327.29,323.72,324.62,344.1320024863225,344.1515168973096,0.019514410987085284,0.0056706179158274835,0,0,0,0
2025-02-07 20:30:00+00:00,324.66,326.24,324.645,325.84,342.5418863468964,342.5588740609746,0.01698771407819777,0.004959310015883459,0,0,0,0
2025-02-10 14:30:00+00:00,327.92,331.75,327.92,329.195,340.9089255039846,340.923514748158,0.014589244173407678,0.004279513700569613,0,0,0,0
2025-02-10 17:30:00+00:00,329.2738,330.665,327.25,327.44,339.3114649723603,339.3238156449279,0.01235067256760658,0.003639921972165793,0,0,0,0
2025-02-10 20:30:00+00:00,327.445,327.45,326.65,327.15,337.7732994769842,337.7835736387199,0.010274161735651433,0.003041732946790103,0,0,0,0
2025-02-11 14:30:00+00:00,324.02,326.1199,321.26,322.495,336.2943378512839,336.3027160695952,0.00837821831129304,0.0024913349314248804,0,0,0,0
2025-02-11 17:30:00+00:00,322.495,326.44,321.42,324.89,334.86137072477226,334.8680452479607,0.006674523188451076,0.0019932198133229793,0,0,0,0
2025-02-11 20:30:00+00:00,324.97,325.07,324.27,324.42,333.4864064522164,333.4915677658639,0.005161313647533916,0.0015476833680995795,0,0,0,0
2025-02-12 14:30:00+00:00,319.55,325.06,316.97,324.1493,332.1570021803555,332.160841348619,0.0038391682634824065,0.0011558293934137219,0,0,0,0
2025-02-12 17:30:00+00:00,324.14,327.0,324.0101,325.56,330.9029049397015,330.90560056464557,0.0026956249440672764,0.0008146271621757096,0,0,0,0
2025-02-12 20:30:00+00:00,325.6595,326.45,324.91,326.17,329.7495607424498,329.75128569689616,0.001724954446387983,0.0005231104607096823,0,0,0,0
2025-02-13 14:30:00+00:00,326.2,329.05,323.22,325.51,328.73013025129075,328.7310423563309,0.0009121050401290631,0.0002774631699965634,0,0,0,0
2025-02-13 17:30:00+00:00,325.51,329.23,325.11,328.83,327.86173496965904,327.8619815261085,0.0002465564494400496,7.52013495758712e-05,0,0,0,0
2025-02-13 20:30:00+00:00,328.9,330.3473,328.6,329.86,327.1548588911274,327.15456703231393,-0.0002918588134548372,-8.921121160910643e-05,0,0,0,0
2025-02-14 14:30:00+00:00,328.03,328.5,322.62,325.445,326.6263314937796,326.62562684238276,-0.0007046513968589352,-0.00021573624932084046,0,0,0,0
2025-02-14 17:30:00+00:00,325.4885,327.1199,325.38,326.39,326.23564531493616,326.2346404267811,-0.0010048881550801525,-0.00030802524785728723,0,0,0,0
2025-02-14 20:30:00+00:00,326.385,326.54,325.32,326.4,325.9204164857109,325.9191867621052,-0.0012297236057179362,-0.0003773079388452027,0,0,0,0
2025-02-18 14:30:00+00:00,328.59,329.16,323.0,327.48,325.66677321030517,325.6653824332612,-0.0013907770439800515,-0.00042705524738378275,0,0,0,0
2025-02-18 17:30:00+00:00,327.615,328.58,325.86,328.05,325.47083227429084,325.46933229293853,-0.0014999813523104422,-0.0004608650618026292,0,0,0,0
2025-02-18 20:30:00+00:00,328.05,329.1,328.0,328.98,325.3320783744094,325.330508642128,-0.0015697322813821302,-0.00048250153788265517,0,0,0,0
2025-02-19 14:30:00+00:00,329.74,329.74,323.71,325.288,325.2521609882562,325.2505566462684,-0.0016043419877860288,-0.00049326097724035,0,0,0,0
2025-02-19 17:30:00+00:00,325.235,325.3554,323.0821,323.17,325.21079771224805,325.2091896691463,-0.001608043101725798,-0.0004944617808012086,0,0,0,0
2025-02-19 20:30:00+00:00,323.225,325.24,322.87,324.46,325.17690751858066,325.1753260926162,-0.0015814259644457707,-0.0004863278811873834,0,0,0,0
2025-02-20 14:30:00+00:00,322.24,324.45,318.4175,319.305,325.1187406357518,325.1172125911813,-0.0015280445704775047,-0.0004699958444380959,0,0,0,0
2025-02-20 17:30:00+00:00,319.305,320.36,318.21,319.635,325.0054952017126,325.0040411245198,-0.001454077192818204,-0.00044740080222820236,0,0,0,0
2025-02-20 20:30:00+00:00,319.595,319.685,318.4,318.42,324.82530665238534,324.8239389713876,-0.001367680997759635,-0.00042105124500760365,0,0,0,0
2025-02-21 14:30:00+00:00,318.97,318.97,311.235,311.9446,324.530252516285,324.52898530514426,-0.0012672111407141529,-0.0003904755044833807,0,0,0,0
2025-02-21 17:30:00+00:00,311.87,311.87,306.86,308.44,324.0483157879413,324.0471611912669,-0.0011545966743824465,-0.00035630386523533724,0,0,0,0
2025-02-21 20:30:00+00:00,308.47,309.8,307.84,309.78,323.3484635645073,323.34742706795305,-0.0010364965542635218,-0.0003205509445869821,0,0,0,0
2025-02-24 14:30:00+00:00,311.51,312.73,303.525,309.775,322.3453391445612,322.3444268935427,-0.0009122510185193278,-0.0002830042528116758,0,0,0,0
2025-02-24 17:30:00+00:00,309.79,311.27,308.91,309.81,321.14942928381873,321.1486408541951,-0.0007884296236397859,-0.0002455024209129153,0,0,0,0
2025-02-24 20:30:00+00:00,309.68,310.645,308.11,308.3,319.8547159107575,319.85404705515487,-0.0006688556026119841,-0.0002091123154796946,0,0,0,0
2025-02-25 14:30:00+00:00,306.25,308.42,300.62,304.4,318.42556054191255,318.4250074839631,-0.0005530579494461563,-0.00017368516161357607,0,0,0,0
2025-02-25 17:30:00+00:00,304.4599,307.76,304.27,307.1,316.8873531786741,316.8869081934373,-0.0004449852368111351,-0.00014042379171889328,0,0,0,0
2025-02-25 20:30:00+00:00,307.17,307.19,305.81,305.97,315.3292482077088,315.328900422551,-0.0003477851578281843,-0.00011029270510266674,0,0,0,0
2025-02-26 14:30:00+00:00,312.66,313.7,308.6,309.06,313.8759843208136,313.8757218140985,-0.0002625067151029725,-8.363389625714838e-05,0,0,0,0
2025-02-26 17:30:00+00:00,309.06,309.5669,306.45,308.44,312.5878376726947,312.5876486983002,-0.00018897439451848186,-6.045481357350623e-05,0,0,0,0
2025-02-26 20:30:00+00:00,308.44,308.95,307.01,307.33,311.4821037426932,311.4819769303692,-0.0001268123239697161,-4.0712555375082565e-05,0,0,0,0
2025-02-27 14:30:00+00:00,296.34,304.495,292.67,303.0628,310.4879793339595,310.48790338567653,-7.594828298351786e-05,-2.4460941498101672e-05,0,0,0,0
2025-02-27 17:30:00+00:00,303.0,304.92,295.56,297.6784,309.44437044045924,309.4443345812694,-3.5859189836173755e-05,-1.1588250833302359e-05,0,0,0,0
2025-02-27 20:30:00+00:00,297.81,298.36,293.51,295.02,308.2434907857348,308.243485420715,-5.365019831060636e-06,-1.740513584693975e-06,0,0,0,0
2025-02-28 14:30:00+00:00,295.955,301.9799,292.1536,297.325,306.91754690080694,306.9175641982502,1.729744326439686e-05,5.635860001835361e-06,0,0,0,0
2025-02-28 17:30:00+00:00,297.44,297.45,292.755,296.225,305.4946883913582,305.4947214455986,3.305424041855076e-05,1.0819906752750532e-05,0,0,0,0
2025-02-28 20:30:00+00:00,296.09,298.14,294.59,297.66,304.091042268592,304.09108597619974,4.3707607744636334e-05,1.4373198045745482e-05,0,0,0,0
2025-03-03 14:30:00+00:00,300.55,303.07,296.0,299.12,302.79283485643566,302.7928855881155,5.073167983482563e-05,1.67545839910245e-05,0,0,0,0
2025-03-03 17:30:00+00:00,299.21,299.57,291.06,291.5,301.6262900680475,301.62634455823536,5.449018783565407e-05,1.8065463664775696e-05,0,0,0,0
2025-03-03 20:30:00+00:00,291.43,293.16,291.09,293.15,300.555884924369,300.55594067572315,5.575135412527743e-05,1.854941357721428e-05,0,0,0,0
2025-03-04 14:30:00+00:00,290.0,291.65,282.235,285.35,299.4961149788661,299.4961700306033,5.505173720621315e-05,1.838145286462159e-05,0,0,0,0
2025-03-04 17:30:00+00:00,285.35,291.38,283.4,290.68,298.39606809294787,298.396121115818,5.302287013364548e-05,1.7769292495211196e-05,0,0,0,0
2025-03-04 20:30:00+00:00,290.74,290.75,286.43,287.33,297.252807135206,297.25285714532515,5.0010119139187736e-05,1.6824103234268377e-05,0,0,0,0
2025-03-05 14:30:00+00:00,287.22,289.7,285.621,288.01,296.0888322520185,296.08887844359367,4.619157516572159e-05,1.5600580006477664e-05,0,0,0,0
2025-03-05 17:30:00+00:00,288.1,292.6835,286.94,291.705,294.97331553401534,294.97335754095855,4.2006943203887204e-05,1.4240929938980566e-05,0,0,0,0
2025-03-05 20:30:00+00:00,291.61,292.59,290.91,291.76,293.9607222694274,293.96076002189056,3.7752463185825036e-05,1.2842689626821408e-05,0,0,0,0
2025-03-06 14:30:00+00:00,288.23,298.08,285.835,291.82,293.08608639821443,293.0861198886595,3.34904450483009e-05,1.142682870410901e-05,0,0,0,0
2025-03-06 17:30:00+00:00,291.915,292.5,284.95,285.8176,292.3484793757375,292.34850865758096,2.9281843467288127e-05,1.0016075175015354e-05,0,0,0,0
2025-03-06 20:30:00+00:00,285.74,286.635,284.8327,286.03,291.6882622308051,291.6882873419038,2.511109869374195e-05,8.608882133855702e-06,0,0,0,0
2025-03-07 14:30:00+00:00,283.18,288.309,275.17,276.94,290.9948274723446,290.99484855827535,2.1085930768549588e-05,7.246153119527027e-06,0,0,0,0
2025-03-07 17:30:00+00:00,276.84,282.8904,276.48,282.195,290.1783138297067,290.1783311430439,1.7313337195901113e-05,5.966447653307949e-06,0,0,0,0
2025-03-07 20:30:00+00:00,282.22,283.58,280.87,282.74,289.2915408635191,289.2915547632563,1.3899737155043113e-05,4.8047506379043e-06,0,0,0,0
2025-03-10 13:30:00+00:00,276.97,278.345,272.0,274.505,288.33251289902364,288.33252375369807,1.0854674428628641e-05,3.764637681505601e-06,0,0,0,0
2025-03-10 16:30:00+00:00,274.43,275.34,270.721,273.2564,287.269618819811,287.26962700445495,8.184643945696735e-06,2.8491157468449625e-06,0,0,0,0
2025-03-10 19:30:00+00:00,273.245,275.03,271.8,272.83,286.0539007849741,286.0539066705387,5.885564632990281e-06,2.0575019661816965e-06,0,0,0,0
2025-03-11 13:30:00+00:00,273.72,280.39,272.0,278.22,284.7830235029362,284.78302742974233,3.92680613003904e-06,1.3788764799733765e-06,0,0,0,0
2025-03-11 16:30:00+00:00,278.24,280.45,274.88,278.11,283.5385710129559,283.53857329876195,2.2858060333419417e-06,8.06171105813147e-07,0,0,0,0
2025-03-11 19:30:00+00:00,278.11,279.22,276.98,276.98,282.38383111368944,282.3838320674016,9.537121741232113e-07,3.3773611270938563e-07,0,0,0,0
2025-03-12 13:30:00+00:00,281.85,284.7099,279.09,282.42,281.3719823461508,281.37198220722905,-1.3892173456042656e-07,-4.9372980707624825e-08,0,0,0,0
2025-03-12 16:30:00+00:00,282.52,285.8,281.68,284.81,280.53272109653267,280.53272006734085,-1.029191821544373e-06,-3.668705089094484e-07,0,0,0,0
2025-03-12 19:30:00+00:00,284.81,285.9268,284.15,284.56,279.8709104880186,279.87090873166363,-1.756354947701766e-06,-6.275589501742648e-07,0,0,0,0
2025-03-13 13:30:00+00:00,282.05,282.555,270.11,272.94,279.4029907009391,279.4029883961204,-2.3048186790219916e-06,-8.249083781243309e-07,0,0,0,0
2025-03-13 16:30:00+00:00,272.925,274.35,269.75,271.89,279.019715243116,279.0197125549639,-2.6881521080213133e-06,-9.634272996368974e-07,0,0,0,0
2025-03-13 19:30:00+00:00,271.96,272.15,270.32,271.74,278.60220729601906,278.60220436489726,-2.9311217986105476e-06,-1.0520813266551712e-06,0,0,0,0
2025-03-14 13:30:00+00:00,275.0,278.6612,272.68,277.8,278.1368084963135,278.1368054313327,-3.064980830913555e-06,-1.1019687927979439e-06,0,0,0,0
2025-03-14 16:30:00+00:00,277.815,279.5,277.28,278.31,277.68167664131425,277.68167352970806,-3.111606190486782e-06,-1.120565904139974e-06,0,0,0,0
2025-03-14 19:30:00+00:00,278.315,279.89,278.16,279.21,277.29993768154884,277.29993459485564,-3.0866931979289802e-06,-1.1131243749047422e-06,0,0,0,0
2025-03-17 13:30:00+00:00,277.37,281.04,276.0785,278.955,277.01290841387106,277.01290540443296,-3.00943810316312e-06,-1.086389121862462e-06,0,0,0,0
2025-03-17 16:30:00+00:00,278.87,282.73,278.62,282.22,276.8145309571229,276.81452806056416,-2.896558726206422e-06,-1.0463896950030718e-06,0,0,0,0
2025-03-17 19:30:00+00:00,282.08,282.31,280.52,280.62,276.7012584361241,276.701255677222,-2.7589020987761614e-06,-9.970688656672839e-07,0,0,0,0
2025-03-18 13:30:00+00:00,280.02,280.5,275.94,277.61,276.66635850979753,276.66635590838257,-2.601414962555282e-06,-9.402715156867033e-07,0,0,0,0
2025-03-18 16:30:00+00:00,277.62,279.2,276.61,278.44,276.6825168535329,276.682514424774,-2.4287588757943013e-06,-8.778143640640695e-07,0,0,0,0
2025-03-18 19:30:00+00:00,278.445,279.29,277.86,278.79,276.72476763348686,276.7247653871326,-2.24635425638553e-06,-8.117647999476341e-07,0,0,0,0
2025-03-19 13:30:00+00:00,277.5,281.3,277.5,279.731,276.791357031403,276.7913549755058,-2.0558971982609364e-06,-7.427606195187978e-07,0,0,0,0
2025-03-19 16:30:00+00:00,279.92,282.22,277.29,279.71,276.8872681765503,276.88726631417944,-1.8623708797349536e-06,-6.726097924255076e-07,1,0,1,0
2025-03-19 19:30:00+00:00,279.57,280.85,279.14,279.15,277.00999182650366,277.0099901546033,-1.6719003497200902e-06,-6.035523623881522e-07,0,0,0,0
2025-03-20 13:30:00+00:00,277.06,282.88,277.06,279.0425,277.15460436296826,277.1546028754648,-1.4875034821670852e-06,-5.367053113139031e-07,0,0,0,0
2025-03-20 16:30:00+00:00,279.19,280.34,277.5,278.7,277.3118942319502,277.3118929205996,-1.3113506156514632e-06,-4.7287932574382063e-07,0,0,0,0
2025-03-20 19:30:00+00:00,278.75,280.22,278.54,278.9,277.47404742767503,277.47404628345487,-1.144220163951104e-06,-4.123701566177466e-07,0,0,0,0
2025-03-21 13:30:00+00:00,276.21,279.71,274.05,279.5799,277.6332172355908,277.6332162493314,-9.862594083642762e-07,-3.5523825937851216e-07,0,0,0,0
2025-03-21 16:30:00+00:00,279.425,281.04,279.08,280.41,277.78318512818083,277.78318428899746,-8.39183371681429e-07,-3.021001329847213e-07,0,0,0,0
2025-03-21 19:30:00+00:00,280.44,281.85,280.24,281.01,277.9369440176645,277.9369433144078,-7.032566600173595e-07,-2.530274132871892e-07,0,0,0,0
2025-03-24 13:30:00+00:00,283.74,286.76,283.22,284.205,278.1525294696796,278.152528892546,-5.771336191173759e-07,-2.0748817931576179e-07,0,0,0,0
2025-03-24 16:30:00+00:00,284.205,285.912,283.55,285.485,278.49246079049584,278.4924603285967,-4.6189916247385554e-07,-1.6585697191326584e-07,0,0,0,0
2025-03-24 19:30:00+00:00,285.485,286.53,285.2869,285.94,278.94364273905313,278.9436423797282,-3.5932492892243317e-07,-1.2881631765975586e-07,0,0,0,0
2025-03-25 13:30:00+00:00,285.21,290.45,285.21,287.465,279.4925933351282,279.4925930655785,-2.695497300919669e-07,-9.644253068587073e-08,0,0,0,0
2025-03-25 16:30:00+00:00,287.52,288.51,287.1,288.19,280.1324863102592,280.132486118007,-1.9225217329221778e-07,-6.862901758537564e-08,0,0,0,0
2025-03-25 19:30:00+00:00,288.17,289.05,287.65,288.63,280.85641833093143,280.8564182039608,-1.2697063311861712e-07,-4.520837867020307e-08,0,0,0,0
2025-03-26 13:30:00+00:00,288.34,289.04,281.26,281.88,281.56703248254007,281.5670324115346,-7.100544507920858e-08,-2.5217954123805892e-08,0,0,0,0
2025-03-26 16:30:00+00:00,281.88,282.28,279.58,280.875,282.21796601175663,282.2179659886301,-2.3126517589844298e-08,-8.194558949121224e-09,0,0,0,0
2025-03-26 19:30:00+00:00,280.8825,281.21,280.3402,280.82,282.76149055386225,282.76149057059615,1.6733906704757828e-08,5.9180288914095405e-09,0,0,0,0
2025-03-27 13:30:00+00:00,280.54,280.8987,276.01,278.295,283.18509941403033,283.1850994638928,4.986247859051218e-08,1.7607733843937467e-08,0,0,0,0
2025-03-27 16:30:00+00:00,278.32,279.83,277.33,279.49,283.4834130961113,283.48341317298787,7.6876574439666e-08,2.711854411517263e-08,0,0,0,0
2025-03-27 19:30:00+00:00,279.47,279.47,277.42,277.71,283.6552686227742,283.65526872089873,9.812453072299832e-08,3.459288142237597e-08,0,0,0,0
2025-03-28 13:30:00+00:00,276.71,277.205,270.39,270.6962,283.6695891746466,283.6695892879918,1.1334520877426257e-07,3.995677122248005e-08,0,0,0,0
2025-03-28 16:30:00+00:00,270.63,271.2297,269.41,269.5675,283.4820059711964,283.4820060942276,1.2303121366130654e-07,4.3400008138014696e-08,0,1,0,1
2025-03-28 19:30:00+00:00,269.63,270.43,269.19,269.95,283.06945768791303,283.06945781598415,1.2807112170776236e-07,4.5243709001259354e-08,0,0,0,0
2025-03-31 13:30:00+00:00,264.55,266.23,259.19,266.175,282.36859124319585,282.36859137175617,1.2856031617047847e-07,4.552925507913634e-08,0,0,0,0
2025-03-31 16:30:00+00:00,266.21,268.45,264.75,266.73,281.44649365086116,281.44649377683345,1.2597229215316474e-07,4.4758877795591e-08,0,0,0,0
2025-03-31 19:30:00+00:00,266.6,268.36,266.47,268.26,280.37785460648985,280.37785472772373,1.2123388160034665e-07,4.323946403345526e-08,0,0,0,0
2025-04-01 13:30:00+00:00,268.86,270.68,265.82,269.51,279.22589263000935,279.22589274477184,1.147624857367191e-07,4.110023058957004e-08,0,0,0,0
2025-04-01 16:30:00+00:00,269.52,269.855,267.44,269.17,278.05115164229255,278.05115174924424,1.0695168839447433e-07,3.8464752892685596e-08,0,0,0,0
2025-04-01 19:30:00+00:00,269.13,270.82,269.0301,270.31,276.8880833516887,276.8880834496583,9.796963240660261e-08,3.5382393933568727e-08,0,0,0,0
2025-04-02 13:30:00+00:00,265.96,272.21,265.75,271.43,275.77788767114504,275.7778877593656,8.822058816804201e-08,3.198972510560449e-08,0,0,0,0
2025-04-02 16:30:00+00:00,271.43,273.63,270.09,271.33,274.7594997643065,274.7594998425351,7.822859515727032e-08,2.847166166206307e-08,0,0,0,0
2025-04-02 19:30:00+00:00,271.265,272.98,270.92,271.51,273.8617397762333,273.8617398444237,6.819038844696479e-08,2.4899567388523027e-08,0,0,0,0
2025-04-03 13:30:00+00:00,260.14,262.57,254.45,258.92,273.02017271211025,273.02017277006223,5.795197921543149e-08,2.122626274818884e-08,0,0,0,0
2025-04-03 16:30:00+00:00,258.9149,260.32,256.1965,256.4625,272.0269273805882,272.02692742859574,4.8007564146246295e-08,1.7648092638667253e-08,0,0,0,0
2025-04-03 19:30:00+00:00,256.465,257.0699,254.74,255.17,270.73835775734176,270.73835779604633,3.8704570215486456e-08,1.4295931517091018e-08,0,0,0,0
2025-04-04 13:30:00+00:00,247.7,250.29,240.79,243.6901,269.02168741809027,269.02168744827964,3.0189369226718554e-08,1.122190910199773e-08,0,0,0,0
2025-04-04 16:30:00+00:00,243.6,246.505,241.48,243.57,266.82053142761094,266.820531450264,2.2653068754152628e-08,8.490002112261911e-09,0,0,0,0
2025-04-04 19:30:00+00:00,243.45,245.04,239.53,240.62,264.16272043420406,264.1627204503873,1.618326450625318e-08,6.126248427352944e-09,0,0,0,0
2025-04-07 13:30:00+00:00,230.0,252.95,230.0,242.07,261.19857238118914,261.1985723919788,1.0789676707645413e-08,4.1308329556637565e-09,0,0,0,0
2025-04-07 16:30:00+00:00,241.91,246.68,238.535,241.615,258.1660865836371,258.16608659005,6.412903985619778e-09,2.4840226191143096e-09,0,0,0,0
2025-04-07 19:30:00+00:00,241.68,244.7,241.66,244.27,255.28429156818387,255.28429157111682,2.932949882961111e-09,1.1488955567709695e-09,0,0,0,0
2025-04-08 13:30:00+00:00,253.95,257.3855,249.31,250.24,252.7354314588777,252.73543145897182,9.410427992406767e-11,3.723430441899843e-11,0,0,0,0
2025-04-08 16:30:00+00:00,250.4,250.67,241.58,244.06,250.599189887815,250.59918988568862,-2.126370191035676e-09,-8.485143914421996e-10,0,0,0,0
2025-04-08 19:30:00+00:00,243.93,244.47,240.266,244.13,248.82902169752035,248.82902169368822,-3.832127504210803e-09,-1.5400645302818354e-09,0,0,0,0
2025-04-09 13:30:00+00:00,240.9,246.437,240.9,244.205,247.34379996071357,247.34379995565197,-5.061593810751219e-09,-2.0463799018027414e-09,0,0,0,0
2025-04-09 16:30:00+00:00,244.125,268.17,242.66,264.95,246.10318038969845,246.1031803837171,-5.981348749628523e-09,-2.4304231827305936e-09,0,0,0,0
2025-04-09 19:30:00+00:00,264.95,267.0,263.8,265.14,245.18175069804215,245.18175069138994,-6.6522147790237796e-09,-2.7131769636543752e-09,0,0,0,0
2025-04-10 13:30:00+00:00,260.0,261.24,248.13,249.48,244.68591401152364,244.6859140044458,-7.0778298777440796e-09,-2.8926184436635548e-09,0,0,0,0
2025-04-10 16:30:00+00:00,249.5,256.2,248.66,252.41,244.54000511057205,244.54000510328433,-7.287724201887613e-09,-2.9801766784916726e-09,0,0,0,0
2025-04-10 19:30:00+00:00,252.32,255.35,250.47,255.02,244.60413569452405,244.6041356871992,-7.324842954403721e-09,-2.9945703630912495e-09,0,0,0,0
2025-04-11 13:30:00+00:00,254.27,255.515,247.675,251.64,244.8209801960192,244.82098018881175,-7.207461294456152e-09,-2.9439720765293076e-09,1,0,1,0
2025-04-11 16:30:00+00:00,251.84,256.41,251.7008,254.59,245.14503484236215,245.145034835389,-6.973152721911902e-09,-2.8445008998024016e-09,0,0,0,0
2025-04-11 19:30:00+00:00,254.5801,256.25,254.04,254.82,245.5413462176666,245.54134621099706,-6.669523600066896e-09,-2.716252762642476e-09,0,0,0,0
2025-04-14 13:30:00+00:00,260.0,260.0,253.2273,254.05,246.00708637694868,246.00708637063255,-6.316128065009252e-09,-2.567457774501363e-09,0,0,0,0
2025-04-14 16:30:00+00:00,254.135,256.75,253.14,255.71,246.531829419434,246.53182941350508,-5.928910695729428e-09,-2.404927067507517e-09,0,0,0,0
2025-04-14 19:30:00+00:00,255.59,255.78,253.81,254.47,247.11901961793993,247.1190196124336,-5.506336719918181e-09,-2.2282124331956688e-09,0,0,0,0
2025-04-15 13:30:00+00:00,254.37,256.72,253.8,256.04,247.74706584136908,247.74706583630956,-5.0595190259628e-09,-2.042211482416659e-09,0,0,0,0
2025-04-15 16:30:00+00:00,255.99,256.26,254.47,254.89,248.4007712980086,248.4007712934099,-4.59871785096766e-09,-1.851329940296577e-09,0,0,0,0
2025-04-15 19:30:00+00:00,254.87,255.55,254.48,254.86,249.0634772969032,249.06347729276774,-4.135443987252074e-09,-1.6603975950766562e-09,0,0,0,0
2025-04-16 13:30:00+00:00,251.93,256.61,251.39,254.74,249.7140144943836,249.71401449070294,-3.6806682146561798e-09,-1.4739534030994337e-09,0,0,0,0
2025-04-16 16:30:00+00:00,254.75,254.78,246.69,247.13,250.31914366204043,250.3191436587961,-3.2443381314806174e-09,-1.2960807088173991e-09,0,0,0,0
2025-04-16 19:30:00+00:00,247.05,249.86,247.05,249.78,250.84037889256783,250.84037888973677,-2.8310580546531128e-09,-1.128629316839624e-09,0,0,0,0
2025-04-17 13:30:00+00:00,249.77,251.56,246.9,250.195,251.25202755176073,251.25202754931772,-2.443016455799807e-09,-9.723370114084027e-10,0,0,0,0
2025-04-17 16:30:00+00:00,250.12,250.4399,247.13,247.3822,251.5524162388926,251.55241623681084,-2.0817481072299415e-09,-8.27560370262141e-10,0,0,0,0
2025-04-17 19:30:00+00:00,247.33,248.37,246.8,247.03,251.75401158775057,251.75401158600155,-1.7490151549282018e-09,-6.947317915204583e-10,0,0,0,0
2025-04-21 13:30:00+00:00,240.43,242.48,232.85,234.3,251.7392000616685,251.73920006022814,-1.4403553905140143e-09,-5.721617412628509e-10,0,0,0,0
2025-04-21 16:30:00+00:00,234.4,236.335,232.77,233.6,251.19316539289008,251.1931653917399,-1.1501697372295894e-09,-4.5788257631556735e-10,0,1,0,1
2025-04-21 19:30:00+00:00,233.64,236.3,233.62,236.23,250.2774286727493,250.27742867185754,-8.917595550883561e-10,-3.563084213456492e-10,0,0,0,0
2025-04-22 13:30:00+00:00,238.23,244.22,235.597,243.88,249.221364364158,249.22136436349282,-6.651816875091754e-10,-2.6690395873815344e-10,0,0,0,0
2025-04-22 16:30:00+00:00,243.895,244.09,240.6,241.815,248.1365066653472,248.13650666487817,-4.690434707299573e-10,-1.890263859330217e-10,0,0,0,0
2025-04-22 19:30:00+00:00,241.82,243.51,241.49,243.38,247.12004254253375,247.12004254223282,-3.0092905944911763e-10,-1.2177444465975374e-10,0,0,0,0
2025-04-23 13:30:00+00:00,252.61,257.79,249.5,250.59,246.22890674054287,246.22890674038672,-1.5614887161063962e-10,-6.341614137741241e-11,0,0,0,0
2025-04-23 16:30:00+00:00,250.61,253.2777,250.1,250.39,245.5262188841285,245.52621888409473,-3.376499080331996e-11,-1.3752091714186627e-11,0,0,0,0
2025-04-23 19:30:00+00:00,250.38,251.56,249.765,250.35,245.04069094982555,245.04069094989325,6.770051186322235e-11,2.762827332913646e-11,0,0,0,0
2025-04-24 13:30:00+00:00,258.2,263.43,257.0,263.3,244.77592094627283,244.77592094642299,1.5015189092082437e-10,6.134259053764606e-11,0,0,0,0
2025-04-24 16:30:00+00:00,263.25,264.98,262.78,263.775,244.792194665828,244.79219466604283,2.148397015844239e-10,8.776411432468548e-11,0,0,0,0
2025-04-24 19:30:00+00:00,263.775,264.78,263.615,264.53,245.1091429756071,245.1091429758713,2.6417978915560525e-10,1.077804711601052e-10,1,0,1,0
2025-04-25 13:30:00+00:00,264.72,268.1399,264.2,267.86,245.74201334686504,245.74201334716417,2.991384917550022e-10,1.2172867296108946e-10,0,0,0,0
2025-04-25 16:30:00+00:00,267.86,269.03,266.01,267.75,246.65010209598572,246.65010209630753,3.218190158804646e-10,1.304759305371081e-10,0,0,0,0
2025-04-25 19:30:00+00:00,267.73,268.3,266.8818,267.94,247.799653862481,247.7996538628147,3.3369929042237345e-10,1.3466495421642654e-10,0,0,0,0
2025-04-28 13:30:00+00:00,268.145,269.5,263.49,263.55,249.15192950966704,249.1519295100029,3.3585934033908416e-10,1.3480101920143985e-10,0,0,0,0
2025-04-28 16:30:00+00:00,263.66,265.95,263.33,265.7612,250.6167685634264,250.6167685637566,3.3020342016243376e-10,1.3175631545136035e-10,0,0,0,0
2025-04-28 19:30:00+00:00,265.69,266.29,265.205,265.52,252.11956679829945,252.11956679861783,3.183799890393857e-10,1.2628134860079935e-10,0,0,0,0
2025-04-29 13:30:00+00:00,265.4,267.87,265.17,266.69,253.6264880452455,253.62648804554718,3.0166802389430813e-10,1.18941844844097e-10,0,0,0,0
2025-04-29 16:30:00+00:00,266.65,268.27,265.75,268.1342,255.1328728751417,255.13287287542244,2.807496457535308e-10,1.1004056144929845e-10,0,0,0,0
2025-04-29 19:30:00+00:00,268.135,268.575,267.52,267.67,256.78905722619953,256.7890572264517,2.5215740606654435e-10,9.819632066502924e-11,0,0,0,0
2025-04-30 13:30:00+00:00,264.8,266.7,263.0,265.54,258.45931301506084,258.4593130152808,2.1998403099132702e-10,8.511360199216664e-11,0,0,0,0
2025-04-30 16:30:00+00:00,265.42,267.175,265.07,265.63,260.0285660078895,260.0285660080762,1.8673063095775433e-10,7.181158355966505e-11,0,0,0,0
2025-04-30 19:30:00+00:00,265.68,268.87,265.5,267.93,261.4320990738843,261.4320990740388,1.5450041246367618e-10,5.909772098031936e-11,0,0,0,0
2025-05-01 13:30:00+00:00,273.4,274.6,270.715,272.47,262.7211569575247,262.7211569576489,1.241460267920047e-10,4.725391294317265e-11,0,0,0,0
2025-05-01 16:30:00+00:00,272.555,272.7,270.6,271.375,263.9744529797556,263.97445297985234,9.674749890109524e-11,3.665032650281309e-11,0,0,0,0
2025-05-01 19:30:00+00:00,271.36,271.44,269.0,269.19,265.16067353180244,265.1606735318752,7.275957614183426e-11,2.7439806654853638e-11,0,0,0,0
2025-05-02 13:30:00+00:00,274.46,276.32,272.25,275.82,266.28970659927063,266.2897065993228,5.218225851422176e-11,1.9596047921127074e-11,0,0,0,0
2025-05-02 16:30:00+00:00,275.89,276.28,274.4,274.89,267.39225419149835,267.3922541915333,3.495870259939693e-11,1.3073939895940496e-11,0,0,0,0
2025-05-02 19:30:00+00:00,274.82,275.33,273.97,274.95,268.45011227954,268.4501122795607,2.0691004465334117e-11,7.707578994710329e-12,0,0,0,0
2025-05-05 13:30:00+00:00,273.37,276.165,273.37,275.05,269.45334590772995,269.45334590773894,8.981260180007666e-12,3.333141085983455e-12,0,0,0,0
2025-05-05 16:30:00+00:00,275.07,275.27,273.59,273.875,270.3793708873742,270.3793708873737,-5.115907697472721e-13,-1.8921220508363926e-13,0,0,0,0
2025-05-05 19:30:00+00:00,273.83,274.08,272.31,272.47,271.2084374842244,271.2084374842163,-8.128608897095546e-12,-2.9971814197588778e-12,0,0,0,0
2025-05-06 13:30:00+00:00,269.82,274.7976,268.54,273.57,271.92717715305935,271.92717715304514,-1.4210854715202004e-11,-5.2259780960411895e-12,0,0,0,0
2025-05-06 16:30:00+00:00,273.46,273.67,272.15,273.0675,272.5278872137294,272.5278872137105,-1.887201506178826e-11,-6.924801441324764e-12,0,0,0,0
2025-05-06 19:30:00+00:00,273.13,273.85,272.71,273.22,273.0131692210598,273.01316922103763,-2.2168933355715126e-11,-8.120096704113514e-12,0,0,0,0
2025-05-07 13:30:00+00:00,273.71,277.47,273.71,276.71,273.4041928815647,273.40419288154055,-2.4158453015843406e-11,-8.836167712434662e-12,0,0,0,0
2025-05-07 16:30:00+00:00,276.66,278.3,274.6,276.1132,273.7482537177766,273.7482537177515,-2.5124791136477143e-11,-9.178064442515051e-12,0,0,0,0
2025-05-07 19:30:00+00:00,276.13,278.79,275.9,278.12,274.0827903971426,274.0827903971175,-2.5124791136477143e-11,-9.166861990886632e-12,0,0,0,0
2025-05-08 13:30:00+00:00,279.21,282.95,278.38,282.13,274.44909630921006,274.44909630918573,-2.432898327242583e-11,-8.86466146167062e-12,0,0,0,0
2025-05-08 16:30:00+00:00,282.13,283.045,281.13,281.885,274.8906387722533,274.8906387722304,-2.290789780090563e-11,-8.333458681321195e-12,0,0,0,0
2025-05-08 19:30:00+00:00,281.88,282.05,279.38,279.79,275.43613859855367,275.4361385985326,-2.1088908397359774e-11,-7.656550990244862e-12,0,0,0,0
2025-05-09 13:30:00+00:00,281.62,282.48,275.82,276.05,276.0068748151061,276.0068748150869,-1.91562321560923e-11,-6.940490945714612e-12,0,0,0,0
2025-05-09 16:30:00+00:00,276.0,276.48,273.88,274.95,276.5265285485972,276.52652854858,-1.716671249596402e-11,-6.207980328710891e-12,0,0,0,0
2025-05-09 19:30:00+00:00,274.97,275.69,274.64,275.41,276.95799833319813,276.9579983331829,-1.5234036254696548e-11,-5.500486119331723e-12,0,0,0,0
2025-05-12 13:30:00+00:00,285.0,286.82,283.23,285.8771,277.2972087946878,277.2972087946744,-1.3358203432289883e-11,-4.8172873756476805e-12,0,0,0,0
2025-05-12 16:30:00+00:00,285.74,288.33,285.62,287.505,277.6726662606741,277.6726662606626,-1.1482370609883219e-11,-4.135218192165799e-12,0,0,0,0
2025-05-12 19:30:00+00:00,287.45,288.97,287.45,288.9,278.1808807160062,278.1808807159965,-9.663381206337363e-12,-3.473776192477682e-12,0,0,0,0
2025-05-13 13:30:00+00:00,291.0,292.7406,289.11,292.0825,278.8812086104459,278.88120861043797,-7.958078640513122e-12,-2.8535729173597107e-12,0,0,0,0
2025-05-13 16:30:00+00:00,292.075,292.46,289.04,289.675,279.74550145892647,279.74550145892005,-6.423306331271306e-12,-2.296124977085433e-12,0,0,0,0
2025-05-13 19:30:00+00:00,289.705,290.91,288.93,289.16,280.7140799124488,280.71407991244376,-5.059064278611913e-12,-1.802212514666087e-12,0,0,0,0
2025-05-14 13:30:00+00:00,293.5,296.05,290.87,292.54,281.772574575248,281.77257457524416,-3.808509063674137e-12,-1.3516251783606664e-12,0,0,0,0
2025-05-14 16:30:00+00:00,292.54,292.64,289.79,289.91,282.8666857943496,282.8666857943469,-2.7284841053187847e-12,-9.645830500175809e-13,0,0,0,0
2025-05-14 19:30:00+00:00,289.89,291.04,289.26,290.67,283.95796511949226,283.95796511949044,-1.8189894035458565e-12,-6.405840395357137e-13,0,0,0,0
2025-05-15 13:30:00+00:00,289.57,291.97,287.95,290.17,284.9968738418802,284.99687384187916,-1.0231815394945443e-12,-3.590150045162313e-13,0,0,0,0
2025-05-15 16:30:00+00:00,290.17,291.08,289.22,289.8195,285.95083737941843,285.95083737941803,-3.979039320256561e-13,-1.391511686666932e-13,0,0,0,0
2025-05-15 19:30:00+00:00,289.88,290.9,289.88,290.76,286.8069041602061,286.8069041602062,1.1368683772161603e-13,3.963880787824837e-14,0,0,0,0
2025-05-16 13:30:00+00:00,291.09,291.87,289.72,291.08,287.5702420442848,287.57024204428535,5.684341886080801e-13,1.9766794525302216e-13,0,0,0,0
2025-05-16 16:30:00+00:00,291.15,292.17,290.89,291.48,288.25255279328894,288.25255279328985,9.094947017729282e-13,3.155200857579718e-13,0,0,0,0
2025-05-16 19:30:00+00:00,291.465,291.57,290.68,291.12,288.8632724236222,288.86327242362336,1.1368683772161603e-12,3.9356625980090893e-13,0,0,0,0
2025-05-19 13:30:00+00:00,288.1,289.9,287.4156,288.94,289.39884944519736,289.3988494451986,1.2505552149377763e-12,4.321216954853825e-13,0,0,0,0
2025-05-19 16:30:00+00:00,288.945,289.4,287.84,288.35,289.8403359274465,289.84033592744777,1.2505552149377763e-12,4.314634852102911e-13,0,0,0,0
2025-05-19 19:30:00+00:00,288.345,288.719,286.91,287.52,290.16855618116153,290.1685561811627,1.1937117960769683e-12,4.113856483235543e-13,0,0,0,0
2025-05-20 13:30:00+00:00,288.09,288.44,285.21,286.0,290.36647857503,290.366478575031,1.0231815394945443e-12,3.5237591629577746e-13,0,0,0,0
2025-05-20 16:30:00+00:00,285.995,287.6,285.995,286.92,290.4380802366246,290.43808023662535,7.389644451905042e-13,2.54430977022179e-13,0,0,0,0
2025-05-20 19:30:00+00:00,286.92,288.07,286.92,287.98,290.4369106083303,290.4369106083309,5.684341886080801e-13,1.957169243459706e-13,0,0,0,0
2025-05-21 13:30:00+00:00,284.41,287.34,283.71,286.83,290.3813934310614,290.3813934310617,3.410605131648481e-13,1.1745260573860367e-13,0,0,0,0
2025-05-21 16:30:00+00:00,286.76,287.63,281.1121,281.32,290.2516017568785,290.2516017568786,1.1368683772161603e-13,3.9168375655285027e-14,0,1,0,1
2025-05-21 19:30:00+00:00,281.37,282.915,281.37,282.17,289.98576325728175,289.9857632572815,-2.2737367544323206e-13,-7.84085649203065e-14,0,0,0,0
2025-05-22 13:30:00+00:00,282.5,285.42,281.0296,284.5,289.6144979602567,289.61449796025624,-4.547473508864641e-13,-1.570181583067255e-13,0,0,0,0
2025-05-22 16:30:00+00:00,284.5,286.35,283.93,285.65,289.190111026913,289.1901110269124,-5.684341886080801e-13,-1.9656072836985075e-13,0,0,0,0
2025-05-22 19:30:00+00:00,285.68,286.125,283.0015,283.25,288.7180043817626,288.71800438176194,-6.821210263296962e-13,-2.362585692535299e-13,0,0,0,0
2025-05-23 13:30:00+00:00,279.0,280.465,278.06,279.5425,288.19852498413263,288.19852498413195,-6.821210263296962e-13,-2.366844266004664e-13,0,0,0,0
2025-05-23 16:30:00+00:00,279.49,280.74,271.89,274.1,287.5384357276224,287.53843572762173,-6.821210263296962e-13,-2.372277725597184e-13,0,0,0,0
2025-05-23 19:30:00+00:00,274.1,274.7,271.65,273.14,286.63682859077954,286.6368285907789,-6.252776074688882e-13,-2.1814280130819237e-13,0,0,0,0
2025-05-27 13:30:00+00:00,273.165,276.85,270.29,276.53,285.54876670253554,285.548766702535,-5.684341886080801e-13,-1.9906728898613473e-13,0,0,0,0
2025-05-27 16:30:00+00:00,276.53,278.58,276.5,277.37,284.3974539591645,284.39745395916395,-5.684341886080801e-13,-1.9987316366401063e-13,0,0,0,0
2025-05-27 19:30:00+00:00,277.365,277.43,276.0501,277.24,283.2598923922998,283.2598923922993,-4.547473508864641e-13,-1.6054067769561367e-13,0,0,0,0
2025-05-28 13:30:00+00:00,277.71,278.81,273.58,276.3,282.1885893851891,282.1885893851887,-3.979039320256561e-13,-1.410063861521044e-13,0,0,0,0
2025-05-28 16:30:00+00:00,276.36,276.36,273.98,274.91,281.1897162309839,281.18971623098355,-3.410605131648481e-13,-1.2129195823245655e-13,0,0,0,0
2025-05-28 19:30:00+00:00,274.9765,276.54,274.07,276.36,280.26221051466496,280.2622105146646,-3.410605131648481e-13,-1.2169336441703467e-13,0,0,0,0
2025-05-29 13:30:00+00:00,263.59,266.5,254.5,260.44,279.28842420620424,279.2884242062039,-3.410605131648481e-13,-1.2211766890597525e-13,0,0,0,0
2025-05-29 16:30:00+00:00,260.51,266.82,259.9401,265.155,278.168890448263,278.1688904482627,-3.410605131648481e-13,-1.2260915036733139e-13,0,0,0,0
2025-05-29 19:30:00+00:00,265.155,267.785,265.155,266.93,276.9153572338422,276.9153572338418,-3.979039320256561e-13,-1.4369153664874014e-13,0,0,0,0
2025-05-30 13:30:00+00:00,268.08,269.7399,262.07,262.083,275.5882333221767,275.58823332217617,-5.115907697472721e-13,-1.8563592631663503e-13,0,0,0,0
2025-05-30 16:30:00+00:00,262.2198,264.88,260.7,264.7781,274.2413767983471,274.2413767983465,-6.252776074688882e-13,-2.2800265035449486e-13,0,0,0,0
2025-05-30 19:30:00+00:00,264.74,265.48,263.32,265.44,272.9230808575202,272.9230808575195,-6.821210263296962e-13,-2.499316013092342e-13,0,0,0,0
2025-06-02 13:30:00+00:00,263.11,263.79,259.14,261.11,271.64093826726537,271.64093826726463,-7.389644451905042e-13,-2.720372157098953e-13,0,0,0,0
2025-06-02 16:30:00+00:00,261.06,262.565,260.87,261.525,270.3985890245143,270.3985890245135,-7.958078640513122e-13,-2.9430917776688705e-13,0,0,0,0
2025-06-02 19:30:00+00:00,261.53,261.77,260.82,261.4,269.1888785821171,269.1888785821162,-9.094947017729282e-13,-3.378648874958938e-13,0,0,0,0
2025-06-03 13:30:00+00:00,262.0,264.3808,261.36,263.56,268.03636140417984,268.03636140417893,-9.094947017729282e-13,-3.3931765712991254e-13,0,0,0,0
2025-06-03 16:30:00+00:00,263.56,264.18,262.53,263.49,266.9825258235071,266.98252582350625,-8.526512829121202e-13,-3.1936595111688266e-13,0,0,0,0
2025-06-03 19:30:00+00:00,263.49,264.75,263.385,264.51,266.0564915740129,266.05649157401217,-7.389644451905042e-13,-2.777471960254484e-13,0,0,0,0
2025-06-04 13:30:00+00:00,264.19,265.5,261.665,261.7593,265.2626072384981,265.2626072384975,-6.252776074688882e-13,-2.3572022230283666e-13,0,0,0,0
2025-06-04 16:30:00+00:00,261.69,264.25,261.62,263.26,264.58655997341236,264.5865599734118,-5.684341886080801e-13,-2.1483864814040466e-13,0,0,0,0
2025-06-04 19:30:00+00:00,263.28,263.445,262.75,263.2,264.0141619416726,264.0141619416721,-5.115907697472721e-13,-1.9377398772278565e-13,0,0,0,0
2025-06-05 13:30:00+00:00,263.71,268.45,263.635,267.69,263.5454382627604,263.54543826275994,-4.547473508864641e-13,-1.7254988509156867e-13,0,0,0,0
2025-06-05 16:30:00+00:00,267.63,268.75,265.556,266.265,263.2012004877579,263.2012004877575,-3.979039320256561e-13,-1.5117861593650426e-13,0,0,0,0
2025-06-05 19:30:00+00:00,266.32,267.5641,266.21,266.98,262.98833909540497,262.98833909540457,-3.979039320256561e-13,-1.513009791210961e-13,0,0,0,0
2025-06-06 13:30:00+00:00,269.95,272.905,268.21,272.825,262.8886399159596,262.8886399159592,-3.979039320256561e-13,-1.51358359247801e-13,0,0,0,0
2025-06-06 16:30:00+00:00,272.82,273.69,272.0,273.67,262.91428423036245,262.914284230362,-4.547473508864641e-13,-1.729641096594127e-13,0,0,0,0
2025-06-06 19:30:00+00:00,273.66,274.9,273.12,274.67,263.21292249383873,263.2129224938383,-4.547473508864641e-13,-1.727678666297658e-13,1,0,1,0
2025-06-09 13:30:00+00:00,272.85,273.47,269.6631,272.625,263.67645353378646,263.676453533786,-4.547473508864641e-13,-1.7246414869130309e-13,0,0,0,0
2025-06-09 16:30:00+00:00,272.63,274.2,272.63,273.3317,264.2511543934612,264.25115439346075,-4.547473508864641e-13,-1.7208906879905636e-13,0,0,0,0
2025-06-09 19:30:00+00:00,273.285,273.575,272.22,272.25,264.91042714472906,264.91042714472866,-3.979039320256561e-13,-1.502031974786211e-13,0,0,0,0
2025-06-10 13:30:00+00:00,272.07,273.75,269.46,270.2901,265.608147536556,265.60814753655563,-3.410605131648481e-13,-1.2840739876697776e-13,0,0,0,0
2025-06-10 16:30:00+00:00,270.2906,270.92,267.42,267.6446,266.28395097785926,266.283950977859,-2.8421709430404007e-13,-1.0673459412793222e-13,0,0,0,0
2025-06-10 19:30:00+00:00,267.58,268.46,266.8434,268.29,266.9004235000816,266.90042350008133,-2.8421709430404007e-13,-1.0648806419145797e-13,0,0,0,0
2025-06-11 13:30:00+00:00,268.5,269.51,266.9835,268.275,267.42865031400106,267.42865031400083,-2.2737367544323206e-13,-8.502218261815311e-14,0,0,0,0
2025-06-11 16:30:00+00:00,268.26,268.76,265.41,266.17,267.8651538739328,267.86515387393257,-2.2737367544323206e-13,-8.488363348307802e-14,0,0,0,0
2025-06-11 19:30:00+00:00,266.185,266.47,265.519,266.0,268.2126729809803,268.2126729809801,-2.2737367544323206e-13,-8.477365104196838e-14,0,0,0,0
2025-06-12 13:30:00+00:00,264.7,269.02,263.4,267.055,268.47003242948256,268.47003242948233,-2.2737367544323206e-13,-8.469238573320281e-14,0,0,0,0
2025-06-12 16:30:00+00:00,267.05,267.94,266.5,266.8,268.6470951324903,268.6470951324901,-1.7053025658242404e-13,-6.3477424350456e-14,0,0,0,0
2025-06-12 19:30:00+00:00,266.8,266.91,265.79,266.83,268.75693277996226,268.7569327799622,-5.684341886080802e-14,-2.1150493969711688e-14,0,0,0,0
2025-06-13 13:30:00+00:00,263.48,265.7,260.92,261.895,268.81035959807156,268.8103595980716,5.684341886080802e-14,2.114629024930474e-14,0,0,0,0
2025-06-13 16:30:00+00:00,261.9,262.26,258.238,258.37,268.7721805398773,268.77218053987747,1.7053025658242404e-13,6.344788223241086e-14,0,0,0,0
2025-06-13 19:30:00+00:00,258.36,258.84,258.0,258.49,268.572369600038,268.5723696000382,2.2737367544323206e-13,8.466011443464582e-14,0,1,0,1
2025-06-16 13:30:00+00:00,260.39,263.98,259.965,262.15,268.25108626332036,268.25108626332064,2.8421709430404007e-13,1.0595188942685107e-13,0,0,0,0
2025-06-16 16:30:00+00:00,262.17,263.69,262.12,263.03,267.85540376198776,267.8554037619881,3.410605131648481e-13,1.2733008495430963e-13,0,0,0,0
2025-06-16 19:30:00+00:00,263.07,263.86,263.01,263.76,267.41753220574196,267.4175322057423,3.410605131648481e-13,1.275385762300909e-13,0,0,0,0
2025-06-17 13:30:00+00:00,263.85,270.5,263.5,264.125,266.9875700197156,266.9875700197159,3.410605131648481e-13,1.2774396693436427e-13,0,0,0,0
2025-06-17 16:30:00+00:00,264.08,264.89,262.1,262.585,266.58891945557366,266.588919455574,3.410605131648481e-13,1.2793499214496982e-13,0,0,0,0
2025-06-17 19:30:00+00:00,262.58,262.82,262.191,262.63,266.2160532217308,266.21605322173116,3.410605131648481e-13,1.2811417983151433e-13,0,0,0,0
2025-06-18 13:30:00+00:00,264.8,265.075,259.395,259.555,265.8372128222196,265.83721282221995,3.410605131648481e-13,1.2829675331908274e-13,0,0,0,0
2025-06-18 16:30:00+00:00,259.545,260.8605,257.47,258.16,265.41987703263476,265.4198770326351,3.410605131648481e-13,1.2849848209481044e-13,0,0,0,0
2025-06-18 19:30:00+00:00,258.19,259.65,258.15,259.48,264.9468348142417,264.946834814242,2.8421709430404007e-13,1.0727325521865888e-13,0,0,0,0
2025-06-20 13:30:00+00:00,260.69,262.87,259.89,260.665,264.44967347631655,264.4496734763168,2.2737367544323206e-13,8.597994183706e-14,0,0,0,0
2025-06-20 16:30:00+00:00,260.665,260.82,259.2601,260.295,263.95465473735123,263.95465473735135,1.1368683772161603e-13,4.307059401348327e-14,0,0,0,0
2025-06-20 19:30:00+00:00,260.29,261.12,260.05,260.6,263.4810838369182,263.48108383691823,5.684341886080802e-14,2.1574003732272216e-14,0,0,0,0
2025-06-23 13:30:00+00:00,260.05,264.74,258.75,261.98,263.0432436458775,263.0432436458775,0.0,0.0,0,0,0,0
2025-06-23 16:30:00+00:00,261.9,263.27,259.79,262.86,262.6533735687161,262.653373568716,-1.1368683772161603e-13,-4.328398153693349e-14,0,0,0,0
2025-06-23 19:30:00+00:00,262.83,263.41,261.995,263.34,262.32047126495365,262.3204712649534,-2.2737367544323206e-13,-8.667782363564603e-14,0,0,0,0
2025-06-24 13:30:00+00:00,265.715,273.21,265.44,272.79,262.06855182169465,262.06855182169437,-2.8421709430404007e-13,-1.0845143086737656e-13,0,0,0,0
2025-06-24 16:30:00+00:00,272.82,273.38,271.39,271.75,261.9574618136925,261.95746181369213,-3.410605131648481e-13,-1.30196907086928e-13,0,0,0,0
2025-06-24 19:30:00+00:00,271.825,272.12,271.17,271.32,262.05402351390046,262.0540235139001,-3.410605131648481e-13,-1.3014893211389934e-13,0,0,0,0
2025-06-25 13:30:00+00:00,272.0,274.0,268.38,269.59,262.36730388524535,262.36730388524506,-2.8421709430404007e-13,-1.0832793953180668e-13,1,0,1,0
2025-06-25 16:30:00+00:00,269.585,269.695,267.0201,267.885,262.80807009340396,262.80807009340367,-2.8421709430404007e-13,-1.0814625829527503e-13,0,0,0,0
2025-06-25 19:30:00+00:00,267.88,268.15,266.98,267.92,263.28870002476276,263.2887000247625,-2.8421709430404007e-13,-1.0794883877557562e-13,0,0,0,0
2025-06-26 13:30:00+00:00,268.78,269.38,265.16,268.96,263.7700756940938,263.7700756940935,-2.8421709430404007e-13,-1.0775183407600019e-13,0,0,0,0
2025-06-26 16:30:00+00:00,268.96,271.01,268.92,270.24,264.2440318548357,264.2440318548354,-3.410605131648481e-13,-1.2907028051714411e-13,0,0,0,0
2025-06-26 19:30:00+00:00,270.19,270.85,269.78,270.75,264.7179904450612,264.7179904450609,-3.410605131648481e-13,-1.2883918943001752e-13,0,0,0,0
2025-06-27 13:30:00+00:00,271.86,274.17,270.89,273.15,265.227953392255,265.2279533922547,-3.410605131648481e-13,-1.2859146587028164e-13,0,0,0,0
2025-06-27 16:30:00+00:00,273.18,273.35,269.425,270.34,265.77533314148207,265.77533314148184,-2.2737367544323206e-13,-8.555108284717778e-14,0,0,0,0
2025-06-27 19:30:00+00:00,270.36,273.4,270.33,273.31,266.361965202086,266.3619652020859,-1.1368683772161603e-13,-4.2681333138296613e-14,0,0,0,0
2025-06-30 13:30:00+00:00,274.46,276.38,271.91,271.945,267.0023991209897,267.0023991209896,-1.1368683772161603e-13,-4.2578957378618864e-14,0,0,0,0
2025-06-30 16:30:00+00:00,271.97,272.7,270.4,271.85,267.6530627813629,267.6530627813628,-1.1368683772161603e-13,-4.247544808201321e-14,0,0,0,0
2025-06-30 19:30:00+00:00,271.87,272.95,271.72,272.63,268.2907028600848,268.2907028600847,-1.1368683772161603e-13,-4.237449770330073e-14,0,0,0,0
2025-07-01 13:30:00+00:00,272.08,274.0,270.64,272.85,268.8992326064673,268.89923260646725,-5.684341886080802e-14,-2.1139301257879777e-14,0,0,0,0
2025-07-01 16:30:00+00:00,272.83,273.95,272.2088,272.89,269.47287431616064,269.47287431616064,0.0,0.0,0,0,0,0
2025-07-01 19:30:00+00:00,272.905,272.9425,271.71,271.91,270.004995252567,270.004995252567,0.0,0.0,0,0,0,0
2025-07-02 13:30:00+00:00,271.52,271.715,265.65,267.56,270.4738026612399,270.4738026612399,0.0,0.0,0,0,0,0
2025-07-02 16:30:00+00:00,267.58,269.12,266.75,268.8468,270.8489947045366,270.8489947045366,0.0,0.0,0,0,0,0
2025-07-02 19:30:00+00:00,268.84,269.28,268.285,269.1,271.12686688994427,271.12686688994427,0.0,0.0,0,0,0,0
2025-07-03 13:30:00+00:00,269.7,274.73,269.315,273.195,271.3295031748029,271.3295031748029,0.0,0.0,0,0,0,0
2025-07-03 16:30:00+00:00,273.17,273.6,272.0,272.32,271.48907770035487,271.48907770035487,0.0,0.0,0,0,0,0
2025-07-07 13:30:00+00:00,271.51,274.0,269.69,270.4101,271.6303200580603,271.6303200580603,0.0,0.0,0,0,0,0
2025-07-07 16:30:00+00:00,270.47,270.7499,268.2114,268.95,271.7485372600479,271.7485372600479,0.0,0.0,0,0,0,0
2025-07-07 19:30:00+00:00,268.955,269.8,268.64,269.72,271.8261203585582,271.8261203585582,0.0,0.0,0,0,0,0
2025-07-08 13:30:00+00:00,270.79,276.8,269.73,275.36,271.8592166043028,271.8592166043028,0.0,0.0,0,0,0,0
2025-07-08 16:30:00+00:00,275.28,275.326,272.64,273.255,271.88647720462586,271.88647720462586,0.0,0.0,0,0,0,0
2025-07-08 19:30:00+00:00,273.27,274.45,273.27,273.73,271.9346469938702,271.9346469938702,0.0,0.0,0,0,0,0
2025-07-09 13:30:00+00:00,274.36,275.56,269.37,270.05,271.9993770674139,271.9993770674139,0.0,0.0,0,0,0,0
2025-07-09 16:30:00+00:00,270.06,271.37,269.5,271.06,272.0615012147814,272.0615012147814,0.0,0.0,0,0,0,0
2025-07-09 19:30:00+00:00,271.06,271.5,270.75,270.92,272.10224757539356,272.10224757539356,0.0,0.0,0,0,0,0
2025-07-10 13:30:00+00:00,270.9,271.485,264.25,267.075,272.10139159227344,272.10139159227344,0.0,0.0,0,0,0,0
2025-07-10 16:30:00+00:00,267.06,267.08,264.38,264.56,272.02976469866803,272.02976469866803,0.0,0.0,0,0,0,0
2025-07-10 19:30:00+00:00,264.57,264.96,263.21,263.92,271.8465387794646,271.8465387794646,0.0,0.0,0,0,0,0
2025-07-11 13:30:00+00:00,262.58,262.95,259.03,259.57,271.5041854509923,271.5041854509923,0.0,0.0,0,0,0,0
2025-07-11 16:30:00+00:00,259.52,259.86,258.0,258.025,270.95897810218275,270.95897810218275,0.0,0.0,0,1,0,1
2025-07-11 19:30:00+00:00,258.0,258.37,257.26,258.04,270.2096026500819,270.2096026500819,0.0,0.0,0,0,0,0
2025-07-14 13:30:00+00:00,258.6,262.23,257.5,260.435,269.3603207097277,269.3603207097277,0.0,0.0,0,0,0,0
2025-07-14 16:30:00+00:00,260.435,261.6,259.845,259.98,268.46612623504404,268.46612623504404,0.0,0.0,0,0,0,0
2025-07-14 19:30:00+00:00,259.95,260.23,259.115,259.46,267.56028859372543,267.56028859372543,0.0,0.0,0,0,0,0
2025-07-15 13:30:00+00:00,261.0,261.81,257.91,258.78,266.6348499866226,266.6348499866226,0.0,0.0,0,0,0,0
2025-07-15 16:30:00+00:00,258.815,259.31,257.8112,258.1925,265.7023235795864,265.7023235795864,0.0,0.0,0,0,0,0
2025-07-15 19:30:00+00:00,258.175,258.3,257.23,257.27,264.7767382957119,264.7767382957119,0.0,0.0,0,0,0,0
2025-07-16 13:30:00+00:00,258.93,258.98,254.52,255.975,263.85621947646626,263.85621947646626,0.0,0.0,0,0,0,0
2025-07-16 16:30:00+00:00,255.97,258.16,255.455,257.7,262.9499077554167,262.9499077554167,0.0,0.0,0,0,0,0
2025-07-16 19:30:00+00:00,257.71,258.035,257.49,257.79,262.02345947639714,262.02345947639714,0.0,0.0,0,0,0,0
2025-07-17 13:30:00+00:00,257.99,260.2,256.655,259.14,261.15987364207086,261.15987364207086,0.0,0.0,0,0,0,0
2025-07-17 16:30:00+00:00,259.19,259.8545,258.36,259.63,260.40999165748565,260.40999165748565,0.0,0.0,0,0,0,0
2025-07-17 19:30:00+00:00,259.62,259.88,259.18,259.86,259.79351722080503,259.79351722080503,0.0,0.0,0,0,0,0
2025-07-18 13:30:00+00:00,260.3,260.8163,259.3301,259.46,259.31091856875616,259.31091856875616,0.0,0.0,0,0,0,0
2025-07-18 16:30:00+00:00,259.47,262.38,259.12,262.05,258.95271976039044,258.95271976039044,0.0,0.0,0,0,0,0
2025-07-18 19:30:00+00:00,262.04,262.98,262.0388,262.36,258.7009963652033,258.7009963652033,0.0,0.0,0,0,0,0
2025-07-21 13:30:00+00:00,263.62,264.31,261.6375,262.48,258.5474696692387,258.5474696692387,0.0,0.0,0,0,0,0
2025-07-21 16:30:00+00:00,262.485,264.2,262.31,262.73,258.48396979366237,258.48396979366237,0.0,0.0,0,0,0,0
2025-07-21 19:30:00+00:00,262.74,263.03,262.19,262.28,258.5067728248608,258.5067728248608,0.0,0.0,0,0,0,0
2025-07-22 13:30:00+00:00,263.0,265.89,262.22,262.295,258.62770928767577,258.62770928767577,0.0,0.0,0,0,0,0
2025-07-22 16:30:00+00:00,262.1902,263.7988,262.0,263.09,258.8309836527521,258.8309836527521,0.0,0.0,0,0,0,0
2025-07-22 19:30:00+00:00,263.14,263.87,262.73,263.36,259.085692951115,259.085692951115,0.0,0.0,0,0,0,0
2025-07-23 13:30:00+00:00,263.915,268.22,262.5,267.05,259.3981537188238,259.3981537188238,0.0,0.0,0,0,0,0
2025-07-23 16:30:00+00:00,267.05,268.48,266.95,267.22,259.8159698843865,259.8159698843865,0.0,0.0,1,0,1,0
2025-07-23 19:30:00+00:00,267.22,267.44,266.4717,267.42,260.34035704828136,260.34035704828136,0.0,0.0,0,0,0,0
2025-07-24 13:30:00+00:00,267.98,269.3,265.76,266.36,260.9803414297316,260.9803414297316,0.0,0.0,0,0,0,0
2025-07-24 16:30:00+00:00,266.33,266.83637,265.64,266.235,261.6802711796302,261.6802711796302,0.0,0.0,0,0,0,0
2025-07-24 19:30:00+00:00,266.22,268.04,266.17,267.63,262.43215233286634,262.43215233286634,0.0,0.0,0,0,0,0
2025-07-25 13:30:00+00:00,268.01,271.0988,267.01,270.025,263.2140149866503,263.2140149866503,0.0,0.0,0,0,0,0
2025-07-25 16:30:00+00:00,270.0036,270.11,269.16,269.89,264.0371530827774,264.0371530827774,0.0,0.0,0,0,0,0
2025-07-25 19:30:00+00:00,269.91,269.95,269.05,269.19,264.87368076827363,264.87368076827363,0.0,0.0,0,0,0,0
2025-07-28 13:30:00+00:00,269.5,269.95,266.59,269.4,265.66964518460964,265.66964518460964,0.0,0.0,0,0,0,0
2025-07-28 16:30:00+00:00,269.38,270.3075,269.01,269.35,266.3987030679864,266.3987030679864,0.0,0.0,0,0,0,0
2025-07-28 19:30:00+00:00,269.39,270.34,269.36,270.26,267.05302696864135,267.05302696864135,0.0,0.0,0,0,0,0
2025-07-29 13:30:00+00:00,271.595,274.0,267.41,267.96,267.6373669478221,267.6373669478221,0.0,0.0,0,0,0,0
2025-07-29 16:30:00+00:00,267.92,269.09,267.61,268.11,268.14691572030983,268.14691572030983,0.0,0.0,0,0,0,0
2025-07-29 19:30:00+00:00,268.1,268.21,267.3055,267.53,268.570931247822,268.570931247822,0.0,0.0,0,0,0,0
2025-07-30 13:30:00+00:00,266.865,267.65,264.26,267.46,268.90232069939043,268.90232069939043,0.0,0.0,0,0,0,0
2025-07-30 16:30:00+00:00,267.5172,267.77,263.33,264.19,269.1364960797507,269.1364960797507,0.0,0.0,0,0,0,0
2025-07-30 19:30:00+00:00,264.2615,264.97,263.43,264.97,269.2759700350938,269.2759700350938,0.0,0.0,0,0,0,0
2025-07-31 13:30:00+00:00,265.0,265.04,259.83,261.7,269.31907655703833,269.31907655703833,0.0,0.0,0,0,0,0
2025-07-31 16:30:00+00:00,261.71,261.76,259.0,259.42,269.23896075781965,269.23896075781965,0.0,0.0,0,1,0,1
2025-07-31 19:30:00+00:00,259.46,259.82,257.86,258.4,268.9616831546011,268.9616831546011,0.0,0.0,0,0,0,0
2025-08-01 13:30:00+00:00,254.99,255.99,251.32,253.03,268.3360526414264,268.3360526414264,0.0,0.0,0,0,0,0
2025-08-01 16:30:00+00:00,253.01,253.15,250.16,250.645,267.32120431940257,267.32120431940257,0.0,0.0,0,0,0,0
2025-08-01 19:30:00+00:00,250.645,251.0,250.13,250.59,265.9413625608537,265.9413625608537,0.0,0.0,0,0,0,0
2025-08-04 13:30:00+00:00,251.0,253.5,250.64,252.61,264.39853999706077,264.39853999706077,0.0,0.0,0,0,0,0
2025-08-04 16:30:00+00:00,252.65,253.19,251.665,252.88,262.7601241475153,262.7601241475153,0.0,0.0,0,0,0,0
2025-08-04 19:30:00+00:00,252.89,252.91,252.03,252.4,261.0736072771616,261.0736072771616,0.0,0.0,0,0,0,0
2025-08-05 13:30:00+00:00,253.01,253.29,248.86,251.16,259.40748497570667,259.40748497570667,0.0,0.0,0,0,0,0
2025-08-05 16:30:00+00:00,251.1928,251.63,248.93,249.1,257.80948438019067,257.80948438019067,0.0,0.0,0,0,0,0
2025-08-05 19:30:00+00:00,249.115,249.21,247.01,247.455,256.2737257638329,256.2737257638329,0.0,0.0,0,0,0,0
2025-08-06 13:30:00+00:00,249.37,250.26,247.02,247.535,254.7545923086904,254.75459230869038,-2.842170943040401e-14,-1.1156505236209813e-14,0,0,0,0
2025-08-06 16:30:00+00:00,247.57,249.17,247.28,248.635,253.30360598242257,253.30360598242254,-2.842170943040401e-14,-1.1220412484919881e-14,0,0,0,0
2025-08-06 19:30:00+00:00,248.625,249.26,248.47,249.09,252.00815935307216,252.00815935307216,0.0,0.0,0,0,0,0
2025-08-07 13:30:00+00:00,250.69,253.005,239.8857,240.35,250.8686113831566,250.8686113831566,0.0,0.0,0,0,0,0
2025-08-07 16:30:00+00:00,240.29,241.1999,236.9724,240.145,249.7325403173596,249.7325403173596,0.0,0.0,0,0,0,0
2025-08-07 19:30:00+00:00,240.15,240.94,239.58,240.88,248.49247165984548,248.49247165984548,0.0,0.0,0,0,0,0
2025-08-08 13:30:00+00:00,241.29,242.95,237.83,239.77,247.16742710782617,247.16742710782617,0.0,0.0,0,0,0,0
2025-08-08 16:30:00+00:00,239.72,240.92,239.3501,240.36,245.8411491407022,245.8411491407022,0.0,0.0,0,0,0,0
2025-08-08 19:30:00+00:00,240.355,240.535,239.52,240.4,244.6053986597138,244.6053986597138,0.0,0.0,0,0,0,0
2025-08-11 13:30:00+00:00,238.92,241.87,237.12,237.745,243.49267934766675,243.49267934766675,0.0,0.0,0,0,0,0
2025-08-11 16:30:00+00:00,237.785,237.785,232.81,233.46,242.45514142669813,242.45514142669813,0.0,0.0,0,0,0,0
2025-08-11 19:30:00+00:00,233.46,233.46,231.57,232.61,241.3999714016296,241.3999714016296,0.0,0.0,0,0,0,0
2025-08-12 13:30:00+00:00,233.0,233.31,226.48,233.0,240.2427467949932,240.2427467949932,0.0,0.0,0,0,0,0
2025-08-12 16:30:00+00:00,233.0,233.6686,231.15,232.925,239.0547179673821,239.0547179673821,0.0,0.0,0,0,0,0
2025-08-12 19:30:00+00:00,232.9286,233.47,231.16,231.64,237.8342572536478,237.8342572536478,0.0,0.0,0,0,0,0
2025-08-13 13:30:00+00:00,233.01,235.88,229.605,235.55,236.70658775334465,236.70658775334465,0.0,0.0,0,0,0,0
2025-08-13 16:30:00+00:00,235.63,236.95,234.7001,236.28,235.7411931366186,235.7411931366186,0.0,0.0,0,0,0,0
2025-08-13 19:30:00+00:00,236.27,237.35,236.0,237.07,234.976381799636,234.976381799636,0.0,0.0,0,0,0,0
2025-08-14 13:30:00+00:00,237.0,237.0,232.8686,233.78,234.42321647794515,234.42321647794515,0.0,0.0,0,0,0,0
2025-08-14 16:30:00+00:00,233.805,235.25,233.52,233.67,234.02957046569924,234.02957046569924,0.0,0.0,0,0,0,0
2025-08-14 19:30:00+00:00,233.67,233.95,233.145,233.2,233.74349817012256,233.74349817012256,0.0,0.0,0,0,0,0
2025-08-15 13:30:00+00:00,236.0,244.2,234.63,244.17,233.53461702955147,233.53461702955147,0.0,0.0,0,0,0,0
2025-08-15 16:30:00+00:00,244.2,244.5,242.26,242.34,233.4434110545717,233.4434110545717,0.0,0.0,0,0,0,0
2025-08-15 19:30:00+00:00,242.34,242.92,241.95,242.51,233.49192723583175,233.49192723583175,0.0,0.0,0,0,0,0
2025-08-18 13:30:00+00:00,239.77,242.87,239.49,242.55,233.6746937749723,233.6746937749723,0.0,0.0,1,0,1,0
2025-08-18 16:30:00+00:00,242.504,243.8,242.0235,243.1901,233.9700965838754,233.9700965838754,0.0,0.0,0,0,0,0
2025-08-18 19:30:00+00:00,243.27,244.52,243.1,244.04,234.3623400516599,234.3623400516599,0.0,0.0,0,0,0,0
2025-08-19 13:30:00+00:00,245.0,248.5,243.445,243.76,234.84748056000308,234.84748056000308,0.0,0.0,0,0,0,0
2025-08-19 16:30:00+00:00,243.74,245.52,243.7065,245.445,235.41675518709056,235.41675518709056,0.0,0.0,0,0,0,0
2025-08-19 19:30:00+00:00,245.445,246.06,245.35,246.0,236.0667329104895,236.0667329104895,0.0,0.0,0,0,0,0
2025-08-20 13:30:00+00:00,245.7,247.57,244.45,246.2,236.82081082038775,236.82081082038775,0.0,0.0,0,0,0,0
2025-08-20 16:30:00+00:00,246.175,247.02,245.0,246.86,237.68648135271457,237.68648135271454,-2.842170943040401e-14,-1.1957646589175446e-14,0,0,0,0
2025-08-20 19:30:00+00:00,246.86,247.0,245.59,246.59,238.6532086410439,238.6532086410439,0.0,0.0,0,0,0,0
2025-08-21 13:30:00+00:00,245.04,245.3,240.02,244.2232,239.5973539141771,239.5973539141771,0.0,0.0,0,0,0,0
2025-08-21 16:30:00+00:00,244.26,245.87,243.925,245.795,240.48020240470132,240.48020240470132,0.0,0.0,0,0,0,0
2025-08-21 19:30:00+00:00,245.79,246.29,245.605,245.83,241.28544141306045,241.28544141306043,-2.842170943040401e-14,-1.1779288988160883e-14,0,0,0,0
2025-08-22 13:30:00+00:00,245.78,249.53,244.1101,246.78,242.02785803671568,242.02785803671566,-2.842170943040401e-14,-1.1743156205634984e-14,0,0,0,0
2025-08-22 16:30:00+00:00,246.92,248.84,246.7325,248.39,242.72896528746668,242.72896528746668,0.0,0.0,0,0,0,0
2025-08-22 19:30:00+00:00,248.43,248.6,247.64,248.13,243.41952744441912,243.41952744441912,0.0,0.0,0,0,0,0
2025-08-25 13:30:00+00:00,249.37,249.37,246.79,247.02,244.09547712856235,244.09547712856235,0.0,0.0,0,0,0,0
2025-08-25 16:30:00+00:00,247.04,247.81,246.81,247.4,244.73832425746716,244.73832425746716,0.0,0.0,0,0,0,0
2025-08-25 19:30:00+00:00,247.4,248.17,247.32,247.76,245.3184371486149,245.3184371486149,0.0,0.0,0,0,0,0
2025-08-26 13:30:00+00:00,246.7,248.83,242.85,243.975,245.82844724795424,245.82844724795424,0.0,0.0,0,0,0,0
2025-08-26 16:30:00+00:00,243.89,245.055,243.73,244.23,246.25503024777447,246.25503024777447,0.0,0.0,0,0,0,0
2025-08-26 19:30:00+00:00,244.1808,244.35,243.45,243.67,246.58251579743936,246.58251579743936,0.0,0.0,0,0,0,0
2025-08-27 13:30:00+00:00,245.75,249.3166,245.61,248.56,246.80954482217712,246.80954482217714,2.842170943040401e-14,1.1515644360870023e-14,0,0,0,0
2025-08-27 16:30:00+00:00,248.6027,249.82,248.28,249.59,246.9813328158983,246.9813328158983,0.0,0.0,0,0,0,0
2025-08-27 19:30:00+00:00,249.6,250.37,249.36,250.02,247.14801622702407,247.14801622702407,0.0,0.0,0,0,0,0
2025-08-28 13:30:00+00:00,252.43,254.4,250.29,254.37,247.3520743371442,247.3520743371442,0.0,0.0,0,0,0,0
2025-08-28 16:30:00+00:00,254.37,255.65,253.86,254.98,247.63377216125056,247.63377216125056,0.0,0.0,0,0,0,0
2025-08-28 19:30:00+00:00,254.98,255.05,254.25,254.59,248.00867310788504,248.00867310788502,-2.842170943040401e-14,-1.1459965925482137e-14,0,0,0,0
2025-08-29 13:30:00+00:00,255.4,257.64,252.87,254.56,248.46979029251557,248.46979029251557,0.0,0.0,0,0,0,0
2025-08-29 16:30:00+00:00,254.565,256.415,254.3101,256.14,249.0024630820076,249.00246308200758,-2.842170943040401e-14,-1.14142282283543e-14,0,0,0,0
2025-08-29 19:30:00+00:00,256.155,256.63,255.89,256.37,249.64500671205084,249.64500671205084,0.0,0.0,0,0,0,0
2025-09-02 13:30:00+00:00,254.82,254.99,248.75,249.77,250.2758281975703,250.2758281975703,0.0,0.0,0,0,0,0
2025-09-02 16:30:00+00:00,249.76,252.44,249.7024,252.26,250.8488616934609,250.8488616934609,0.0,0.0,0,0,0,0
2025-09-02 19:30:00+00:00,252.255,253.29,252.06,252.94,251.33578728101256,251.33578728101256,0.0,0.0,0,0,0,0
2025-09-03 13:30:00+00:00,255.06,256.5,250.545,254.7134,251.74806964716475,251.74806964716475,0.0,0.0,0,0,0,0
2025-09-03 16:30:00+00:00,254.755,255.92,253.6,255.73,252.11429403236932,252.11429403236932,0.0,0.0,0,0,0,0
2025-09-03 19:30:00+00:00,255.725,258.0,255.5,256.41,252.46674624084733,252.46674624084733,0.0,0.0,0,0,0,0
2025-09-04 13:30:00+00:00,240.06,242.95,234.62,242.03,252.76873413679144,252.76873413679144,0.0,0.0,0,0,0,0
2025-09-04 16:30:00+00:00,242.153,245.22,241.445,243.81,252.9345894640701,252.9345894640701,0.0,0.0,0,0,0,0
2025-09-04 19:30:00+00:00,243.81,245.0,243.21,244.02,252.9309469243214,252.9309469243214,0.0,0.0,0,0,0,0
2025-09-05 13:30:00+00:00,244.83,251.13,244.36,249.88,252.77928696852908,252.77928696852908,0.0,0.0,0,0,0,0
2025-09-05 16:30:00+00:00,249.92,250.3899,248.58,249.975,252.54551602881384,252.54551602881386,2.842170943040401e-14,1.1254093866850232e-14,0,0,0,0
2025-09-05 19:30:00+00:00,249.975,250.87,249.5,250.75,252.29364769214476,252.29364769214476,0.0,0.0,0,0,0,0
2025-09-08 13:30:00+00:00,250.8,252.935,247.3,251.16,252.0515580647061,252.05155806470606,-2.842170943040401e-14,-1.1276149073876247e-14,0,0,0,0
2025-09-08 16:30:00+00:00,251.18,252.06,249.92,250.93,251.8285344108776,251.8285344108776,0.0,0.0,0,0,0,0
2025-09-08 19:30:00+00:00,250.94,252.38,250.93,252.32,251.6301251805459,251.6301251805459,0.0,0.0,0,0,0,0
2025-09-09 13:30:00+00:00,251.32,255.34,251.21,253.355,251.46592016729736,251.46592016729736,0.0,0.0,0,0,0,0
2025-09-09 16:30:00+00:00,253.3586,253.6999,251.75,252.81,251.34635461440297,251.34635461440294,-2.842170943040401e-14,-1.1307786609440386e-14,0,0,0,0
2025-09-09 19:30:00+00:00,252.84,252.99,252.02,252.04,251.27040922300964,251.27040922300964,0.0,0.0,0,0,0,0
2025-09-10 13:30:00+00:00,252.75,253.99,246.12,246.61,251.2223563765153,251.2223563765153,0.0,0.0,0,0,0,0
2025-09-10 16:30:00+00:00,246.61,246.72,242.31,242.65,251.15011956725527,251.15011956725527,0.0,0.0,0,0,0,0
2025-09-10 19:30:00+00:00,242.685,242.99,241.73,242.56,250.9933754677064,250.9933754677064,0.0,0.0,0,0,0,0
2025-09-11 13:30:00+00:00,243.7,246.91,243.5,245.72,250.74250573836673,250.74250573836673,0.0,0.0,0,0,0,0
2025-09-11 16:30:00+00:00,245.695,247.17,245.0,246.2,250.41910304617363,250.41910304617363,0.0,0.0,0,0,0,0
2025-09-11 19:30:00+00:00,246.2,246.5,245.9,246.22,250.06144375837545,250.06144375837542,-2.842170943040401e-14,-1.1365890320087406e-14,0,0,0,0
2025-09-12 13:30:00+00:00,246.095,247.5888,243.35,243.59,249.68792095630823,249.68792095630826,2.842170943040401e-14,1.138289322188613e-14,0,0,0,0
2025-09-12 16:30:00+00:00,243.6,244.05,241.25,242.67,249.2889150629392,249.28891506293922,2.842170943040401e-14,1.140111240936174e-14,0,0,0,0
2025-09-12 19:30:00+00:00,242.66,243.455,242.35,242.78,248.86938977038935,248.86938977038938,2.842170943040401e-14,1.1420331546851264e-14,0,1,0,1
2025-09-15 13:30:00+00:00,243.25,244.71,240.84,242.75,248.429948509235,248.429948509235,0.0,0.0,0,0,0,0
2025-09-15 16:30:00+00:00,242.75,243.24,241.31,241.94,247.97345129829753,247.97345129829753,0.0,0.0,0,0,0,0
2025-09-15 19:30:00+00:00,241.93,242.585,241.2,242.51,247.48724139342505,247.48724139342505,0.0,0.0,0,0,0,0
2025-09-16 13:30:00+00:00,242.52,242.68,237.24,240.375,246.9601081787433,246.9601081787433,0.0,0.0,0,0,0,0
2025-09-16 16:30:00+00:00,240.3,240.9999,239.05,239.19,246.3786920374018,246.3786920374018,0.0,0.0,0,0,0,0
2025-09-16 19:30:00+00:00,239.2,239.7,238.66,239.29,245.73850303522505,245.73850303522502,-2.842170943040401e-14,-1.1565834852640059e-14,0,0,0,0
2025-09-17 13:30:00+00:00,239.97,242.78,239.38,240.97,245.0805864698668,245.0805864698668,0.0,0.0,0,0,0,0
2025-09-17 16:30:00+00:00,240.91,243.0,239.51,242.061,244.4381849210737,244.4381849210737,0.0,0.0,0,0,0,0
2025-09-17 19:30:00+00:00,242.04,242.41,241.48,242.17,243.84667448704013,243.84667448704013,0.0,0.0,0,0,0,0
2025-09-18 13:30:00+00:00,244.7,247.29,244.155,244.92,243.33919064982456,243.33919064982456,0.0,0.0,0,0,0,0
2025-09-18 16:30:00+00:00,244.89,244.95,242.95,243.94,242.94224419594408,242.94224419594406,-2.842170943040401e-14,-1.169895730751569e-14,0,0,0,0
2025-09-18 19:30:00+00:00,243.99,244.96,243.5,244.38,242.64513478912792,242.64513478912792,0.0,0.0,0,0,0,0
2025-09-19 13:30:00+00:00,246.02,246.8413,243.35,245.39,242.42774011245228,242.42774011245228,0.0,0.0,0,0,0,0
2025-09-19 16:30:00+00:00,245.38,246.49,244.98,246.255,242.29659260003436,242.29659260003436,0.0,0.0,0,0,0,0
2025-09-19 19:30:00+00:00,246.24,247.2,245.8101,247.05,242.24005326515444,242.24005326515444,0.0,0.0,0,0,0,0
2025-09-22 13:30:00+00:00,245.28,249.3104,243.16,248.1615,242.25460121122856,242.25460121122856,0.0,0.0,0,0,0,0
2025-09-22 16:30:00+00:00,248.145,250.3347,248.04,250.07,242.3577022330397,242.3577022330397,0.0,0.0,0,0,0,0
2025-09-22 19:30:00+00:00,250.1216,250.48,249.37,249.68,242.56941222041152,242.56941222041152,0.0,0.0,0,0,0,0
2025-09-23 13:30:00+00:00,249.74,251.36,246.13,247.57,242.89326824235752,242.89326824235752,0.0,0.0,0,0,0,0
2025-09-23 16:30:00+00:00,247.565,247.58,244.44,244.615,243.2568620005571,243.25686200055713,2.842170943040401e-14,1.168382638691562e-14,0,0,0,0
2025-09-23 19:30:00+00:00,244.64,244.75,244.13,244.54,243.6151036142389,243.6151036142389,0.0,0.0,0,0,0,0
2025-09-24 13:30:00+00:00,245.665,248.8412,244.11,244.94,243.94052792322245,243.94052792322245,0.0,0.0,0,0,0,0
2025-09-24 16:30:00+00:00,244.96,246.16,243.01,246.065,244.22912617333756,244.22912617333756,0.0,0.0,0,0,0,0
2025-09-24 19:30:00+00:00,246.03,246.215,245.48,245.85,244.4846402025817,244.48464020258166,-2.842170943040401e-14,-1.1625151341554047e-14,0,0,0,0
2025-09-25 13:30:00+00:00,244.44,244.66,241.14,241.41,244.7042114838013,244.70421148380126,-2.842170943040401e-14,-1.1614720179135716e-14,0,0,0,0
2025-09-25 16:30:00+00:00,241.41,241.825,239.485,240.21,244.8680793676537,244.8680793676537,0.0,0.0,0,0,0,0
2025-09-25 19:30:00+00:00,240.21,241.08,239.89,240.96,244.95621370082645,244.95621370082645,0.0,0.0,0,0,0,0
2025-09-26 13:30:00+00:00,240.69,243.5,240.35,243.355,244.96935505798115,244.96935505798115,0.0,0.0,0,0,0,0
2025-09-26 16:30:00+00:00,243.32,244.53,242.83,244.32,244.92964281769284,244.92964281769284,0.0,0.0,0,0,0,0
2025-09-26 19:30:00+00:00,244.335,244.34,243.4,243.53,244.86658952221913,244.86658952221913,0.0,0.0,0,0,0,0
2025-09-29 13:30:00+00:00,244.72,245.5,242.87,243.3,244.7977304904842,244.7977304904842,0.0,0.0,0,0,0,0
2025-09-29 16:30:00+00:00,243.25,245.78,243.12,245.5099,244.72975369810715,244.72975369810715,0.0,0.0,0,0,0,0
2025-09-29 19:30:00+00:00,245.46,245.82,244.87,245.14,244.67013739400844,244.67013739400844,0.0,0.0,0,0,0,0
2025-09-30 13:30:00+00:00,245.05,245.21,235.935,238.23,244.61094397484288,244.61094397484288,0.0,0.0,0,0,0,0
2025-09-30 16:30:00+00:00,238.25,238.7376,236.17,236.559,244.4963807093419,244.4963807093419,0.0,0.0,0,0,0,0
2025-09-30 19:30:00+00:00,236.55,237.14,235.81,236.965,244.2641773535508,244.26417735355082,2.842170943040401e-14,1.1635643727351022e-14,0,0,0,0
2025-10-01 13:30:00+00:00,236.49,242.47,233.91,234.12,243.86636310457104,243.86636310457104,0.0,0.0,0,0,0,0
2025-10-01 16:30:00+00:00,234.16,235.23,233.51,234.75,243.3068557998417,243.3068557998417,0.0,0.0,0,0,0,0
2025-10-01 19:30:00+00:00,234.748,235.94,234.6,235.69,242.65059469157015,242.65059469157015,0.0,0.0,0,0,0,0
2025-10-02 13:30:00+00:00,235.43,238.47,233.6,237.465,241.9588928639403,241.9588928639403,0.0,0.0,0,0,0,0
2025-10-02 16:30:00+00:00,237.43,239.4,237.0,238.42,241.282935554828,241.282935554828,0.0,0.0,0,0,0,0
2025-10-02 19:30:00+00:00,238.381,239.28,238.34,238.8,240.6587153984485,240.65871539844846,-2.842170943040401e-14,-1.1809964739214775e-14,0,0,0,0
2025-10-03 13:30:00+00:00,238.75,242.81,238.5,241.405,240.113869171482,240.113869171482,0.0,0.0,0,0,0,0
2025-10-03 16:30:00+00:00,241.39,241.65,239.43,239.8,239.66779468551937,239.66779468551934,-2.842170943040401e-14,-1.1858793738932515e-14,0,0,0,0
2025-10-03 19:30:00+00:00,239.818,240.53,239.66,240.34,239.31129000213215,239.31129000213218,2.842170943040401e-14,1.1876459915514552e-14,0,0,0,0
2025-10-06 13:30:00+00:00,239.33,239.91,235.41,238.16,239.0289389616002,239.0289389616002,0.0,0.0,0,0,0,0
2025-10-06 16:30:00+00:00,238.17,250.47,237.87,245.75,238.81272400211537,238.81272400211537,0.0,0.0,0,0,0,0
2025-10-06 19:30:00+00:00,245.75,246.44,245.6262,245.79,238.69095769903916,238.69095769903916,0.0,0.0,0,0,0,0
2025-10-07 13:30:00+00:00,246.48,247.36,237.55,238.41,238.67635950307528,238.67635950307528,0.0,0.0,0,0,0,0
2025-10-07 16:30:00+00:00,238.43,239.82,238.35,239.39,238.73592052103743,238.73592052103746,2.842170943040401e-14,1.1905082975521267e-14,0,0,0,0
2025-10-07 19:30:00+00:00,239.41,240.295,239.345,239.77,238.8185222571864,238.8185222571864,0.0,0.0,0,0,0,0
2025-10-08 13:30:00+00:00,239.74,241.2,235.645,240.44,238.89899137272985,238.89899137272985,0.0,0.0,0,0,0,0
2025-10-08 16:30:00+00:00,240.52,241.2817,239.13,241.2817,238.973880118895,238.973880118895,0.0,0.0,0,0,0,0
2025-10-08 19:30:00+00:00,241.29,241.32,239.6615,240.38,239.04995084228136,239.04995084228136,0.0,0.0,0,0,0,0
2025-10-09 13:30:00+00:00,239.27,245.7499,237.1473,245.71,239.14334532310036,239.14334532310036,0.0,0.0,0,0,0,0
2025-10-09 16:30:00+00:00,245.69,245.96,243.72,244.64,239.28026505097776,239.28026505097776,0.0,0.0,0,0,0,0
2025-10-09 19:30:00+00:00,244.6,245.39,244.5,245.33,239.48316099809824,239.48316099809824,0.0,0.0,0,0,0,0
2025-10-10 13:30:00+00:00,246.52,249.05,240.72,242.0,239.76067044375813,239.76067044375813,0.0,0.0,0,0,0,0
2025-10-10 16:30:00+00:00,242.11,242.92,240.81,242.215,240.0719550965129,240.0719550965129,0.0,0.0,0,0,0,0
2025-10-10 19:30:00+00:00,242.25,242.72,241.56,241.72,240.3802002584849,240.3802002584849,0.0,0.0,0,0,0,0
2025-10-13 13:30:00+00:00,242.89,245.815,242.365,244.5878,240.6712821837973,240.6712821837973,0.0,0.0,0,0,0,0
2025-10-13 16:30:00+00:00,244.5691,249.26,244.5691,248.94,240.96859268020512,240.96859268020512,0.0,0.0,0,0,0,0
2025-10-13 19:30:00+00:00,248.905,249.3499,248.294,248.78,241.3126754677367,241.31267546773674,2.842170943040401e-14,1.177795960171349e-14,0,0,0,0
2025-10-14 13:30:00+00:00,248.11,248.28,241.01,246.16,241.70065329968492,241.70065329968492,0.0,0.0,0,0,0,0
2025-10-14 16:30:00+00:00,246.165,246.79,242.08,243.11,242.10144305861675,242.10144305861675,0.0,0.0,0,0,0,0
2025-10-14 19:30:00+00:00,243.14,243.17,239.55,239.77,242.47105269769088,242.47105269769088,0.0,0.0,0,0,0,0
2025-10-15 13:30:00+00:00,240.87,241.317,236.98,238.1225,242.7626698725856,242.7626698725856,0.0,0.0,0,0,0,0
2025-10-15 16:30:00+00:00,238.14,238.955,235.9,236.76,242.9293804897576,242.92938048975762,2.842170943040401e-14,1.1699576795982619e-14,0,0,0,0
2025-10-15 19:30:00+00:00,236.73,237.0,236.0,236.67,242.97511702785948,242.97511702785948,0.0,0.0,0,0,0,0
2025-10-16 13:30:00+00:00,253.19,256.74,245.75,246.505,242.92650460959143,242.92650460959146,2.842170943040401e-14,1.1699715301169255e-14,0,0,0,0
2025-10-16 16:30:00+00:00,246.49,250.3692,243.86,244.2,242.89496568186772,242.89496568186772,0.0,0.0,0,0,0,0
2025-10-16 19:30:00+00:00,244.2,246.4699,242.67,246.0,242.92986335243864,242.92986335243862,-2.842170943040401e-14,-1.1699553541167667e-14,0,0,0,0
2025-10-17 13:30:00+00:00,246.57,250.78,243.47,245.08,243.01740363741197,243.01740363741197,0.0,0.0,0,0,0,0
2025-10-17 16:30:00+00:00,245.144,245.34,242.16,244.12,243.13351307201825,243.13351307201822,-2.842170943040401e-14,-1.1689753942717576e-14,0,0,0,0
2025-10-17 19:30:00+00:00,244.115,244.4,242.97,243.04,243.25471373986727,243.25471373986727,0.0,0.0,0,0,0,0
2025-10-20 13:30:00+00:00,245.0,254.0,244.3,253.12,243.38365297716632,243.38365297716632,0.0,0.0,0,0,0,0
2025-10-20 16:30:00+00:00,253.1518,255.4,252.62,254.47,243.57484734001864,243.57484734001866,2.842170943040401e-14,1.1668573229455292e-14,1,0,1,0
2025-10-20 19:30:00+00:00,254.46,254.89,254.04,254.25,243.8921953228472,243.89219532284721,2.842170943040401e-14,1.1653390299259624e-14,0,0,0,0
2025-10-21 13:30:00+00:00,254.5,267.125,254.0,263.63,244.4220261791283,244.4220261791283,0.0,0.0,0,0,0,0
2025-10-21 16:30:00+00:00,263.6285,265.02,263.21,263.98,245.21692971081612,245.21692971081612,0.0,0.0,0,0,0,0
2025-10-21 19:30:00+00:00,263.94,264.445,263.37,263.4,246.25170271839912,246.25170271839914,2.842170943040401e-14,1.1541731129837354e-14,0,0,0,0
2025-10-22 13:30:00+00:00,262.2,262.4,257.83,259.89,247.42250383788405,247.42250383788405,0.0,0.0,0,0,0,0
2025-10-22 16:30:00+00:00,259.91,260.18,256.5101,257.64,248.63421170749015,248.63421170749015,0.0,0.0,0,0,0,0
2025-10-22 19:30:00+00:00,257.5443,258.96,256.51,256.69,249.82389349452856,249.82389349452856,0.0,0.0,0,0,0,0
2025-10-23 13:30:00+00:00,257.6,258.56,254.5,255.475,250.94029464353943,250.94029464353943,0.0,0.0,0,0,0,0
2025-10-23 16:30:00+00:00,255.44,255.76,254.12,255.3279,251.95400327053596,251.95400327053596,0.0,0.0,0,0,0,0
2025-10-23 19:30:00+00:00,255.33,255.36,254.57,255.03,252.84409884785356,252.84409884785356,0.0,0.0,0,0,0,0
2025-10-24 13:30:00+00:00,257.42,258.5,254.23,254.41,253.60463274823783,253.60463274823786,2.842170943040401e-14,1.1207093940834761e-14,0,0,0,0
2025-10-24 16:30:00+00:00,254.36,255.5,254.0,254.86,254.24507768445596,254.24507768445596,0.0,0.0,0,0,0,0
2025-10-24 19:30:00+00:00,254.81,255.06,254.35,254.88,254.78716940212752,254.78716940212752,0.0,0.0,0,0,0,0
2025-10-27 13:30:00+00:00,257.08,258.1,254.92,255.31,255.2297799966954,255.2297799966954,0.0,0.0,0,0,0,0
2025-10-27 16:30:00+00:00,255.3128,256.31,255.18,255.905,255.589740557622,255.589740557622,0.0,0.0,0,0,0,0
2025-10-27 19:30:00+00:00,255.8601,256.01,255.35,255.47,255.8834635635129,255.88346356351286,-2.842170943040401e-14,-1.1107286510270895e-14,0,0,0,0
2025-10-28 13:30:00+00:00,255.47,258.84,255.12,257.93,256.1180329303021,256.1180329303021,0.0,0.0,0,0,0,0
2025-10-28 16:30:00+00:00,258.07,258.525,256.12,256.305,256.3140301690286,256.3140301690286,0.0,0.0,0,0,0,0
2025-10-28 19:30:00+00:00,256.27,256.29,254.14,254.28,256.480719637093,256.480719637093,0.0,0.0,0,0,0,0
2025-10-29 13:30:00+00:00,252.0,252.745,249.04,252.62,256.59955654780094,256.59955654780094,0.0,0.0,0,0,0,0
2025-10-29 16:30:00+00:00,252.65,253.57,251.7,252.705,256.64730780817194,256.64730780817194,0.0,0.0,0,0,0,0
2025-10-29 19:30:00+00:00,252.705,252.89,251.22,251.59,256.5660728211136,256.5660728211136,0.0,0.0,0,1,0,1
2025-10-30 13:30:00+00:00,250.5,259.13,250.0,258.31,256.4094371018196,256.4094371018196,0.0,0.0,0,0,0,0
2025-10-30 16:30:00+00:00,258.31,259.2808,256.875,257.165,256.242830739708,256.242830739708,0.0,0.0,0,0,0,0
2025-10-30 19:30:00+00:00,257.22,257.96,256.6091,256.65,256.10955703392807,256.10955703392807,0.0,0.0,0,0,0,0
2025-10-31 13:30:00+00:00,254.795,258.08,252.63,256.88,256.0158508138643,256.0158508138643,0.0,0.0,0,0,0,0
2025-10-31 16:30:00+00:00,256.8,260.5,256.59,260.43,255.9557120144532,255.9557120144532,0.0,0.0,0,0,0,0
2025-10-31 19:30:00+00:00,260.3876,261.82,260.33,260.45,255.94806994794823,255.94806994794826,2.842170943040401e-14,1.1104482810198211e-14,0,0,0,0
2025-11-03 14:30:00+00:00,260.0,261.25,255.1,258.02,256.00014664211744,256.00014664211744,0.0,0.0,0,0,0,0
2025-11-03 17:30:00+00:00,258.01,260.505,258.01,259.78,256.10342266519046,256.10342266519046,0.0,0.0,0,0,0,0
2025-11-03 20:30:00+00:00,259.77,261.56,259.32,261.29,256.2491875077365,256.2491875077365,0.0,0.0,0,0,0,0
2025-11-04 14:30:00+00:00,258.15,259.26,253.745,255.33,256.4167915478537,256.4167915478537,0.0,0.0,0,0,0,0
2025-11-04 17:30:00+00:00,255.38,255.57,253.4567,254.82,256.5758926388306,256.5758926388306,0.0,0.0,0,0,0,0
2025-11-04 20:30:00+00:00,254.8,255.22,253.7957,254.48,256.6937024530804,256.6937024530804,0.0,0.0,0,0,0,0
2025-11-05 14:30:00+00:00,254.7,256.83,253.24,254.15,256.7607064717437,256.7607064717437,0.0,0.0,0,0,0,0
2025-11-05 17:30:00+00:00,254.16,254.46,252.01,253.43,256.77709881551027,256.77709881551027,0.0,0.0,0,0,0,0
2025-11-05 20:30:00+00:00,253.445,254.03,252.66,252.71,256.73976743381365,256.73976743381365,0.0,0.0,0,0,0,0
2025-11-06 14:30:00+00:00,250.535,250.535,234.48,238.13,256.57888172666924,256.57888172666924,0.0,0.0,0,0,0,0
2025-11-06 17:30:00+00:00,238.05,241.3,236.7,240.222,256.19256880938747,256.19256880938747,0.0,0.0,0,0,0,0
2025-11-06 20:30:00+00:00,240.2,240.485,239.0,239.33,255.54933914320785,255.54933914320785,0.0,0.0,0,0,0,0
2025-11-07 14:30:00+00:00,236.15,239.95,235.79,237.35,254.63656095378187,254.63656095378187,0.0,0.0,0,0,0,0
2025-11-07 17:30:00+00:00,237.35,240.97,236.75,239.035,253.53107817679637,253.53107817679637,0.0,0.0,0,0,0,0
2025-11-07 20:30:00+00:00,239.06,240.01,238.8217,239.88,252.2624674645232,252.26246746452318,-2.842170943040401e-14,-1.1266721409676642e-14,0,0,0,0
2025-11-10 14:30:00+00:00,240.0,240.3,235.08,238.6325,250.8689021862518,250.8689021862518,0.0,0.0,0,0,0,0
2025-11-10 17:30:00+00:00,238.67,241.355,238.63,240.86,249.46042575313805,249.46042575313805,0.0,0.0,0,0,0,0
2025-11-10 20:30:00+00:00,240.85,241.91,240.38,241.68,248.10706709406284,248.10706709406284,0.0,0.0,0,0,0,0
2025-11-11 14:30:00+00:00,241.9,245.5799,241.16,243.545,246.85899586507423,246.85899586507426,2.842170943040401e-14,1.1513337535383344e-14,0,0,0,0
2025-11-11 17:30:00+00:00,243.56,245.41,243.41,245.31,245.7715471771699,245.77154717716994,2.842170943040401e-14,1.1564279818735724e-14,0,0,0,0
2025-11-11 20:30:00+00:00,245.32,245.7,244.03,244.54,244.87307734622684,244.87307734622684,0.0,0.0,0,0,0,0
2025-11-12 14:30:00+00:00,245.74,248.4316,243.68,246.175,244.16884418251416,244.16884418251414,-2.842170943040401e-14,-1.1640186742727513e-14,0,0,0,0
2025-11-12 17:30:00+00:00,246.12,246.9668,245.8,246.24,243.65912399431173,243.65912399431173,0.0,0.0,0,0,0,0
2025-11-12 20:30:00+00:00,246.22,246.52,245.83,246.04,243.3109606580391,243.31096065803914,2.842170943040401e-14,1.1681228561811171e-14,0,0,0,0
2025-11-13 14:30:00+00:00,245.25,245.895,241.5201,242.16,243.09529099470168,243.09529099470168,0.0,0.0,0,0,0,0
2025-11-13 17:30:00+00:00,242.19,242.72,240.0,240.26,242.95520771253285,242.95520771253283,-2.842170943040401e-14,-1.1698333078759468e-14,0,0,0,0
2025-11-13 20:30:00+00:00,240.29,240.865,239.91,240.3562,242.8221861012257,242.8221861012257,0.0,0.0,0,0,0,0
2025-11-14 14:30:00+00:00,238.31,245.18,237.42,244.4,242.67499368457788,242.67499368457788,0.0,0.0,0,0,0,0
2025-11-14 17:30:00+00:00,244.325,244.73,242.35,243.63,242.53358768174425,242.53358768174422,-2.842170943040401e-14,-1.1718669443714059e-14,0,0,0,0
2025-11-14 20:30:00+00:00,243.51,244.7,243.36,243.75,242.4220217345015,242.4220217345015,0.0,0.0,0,0,0,0
2025-11-17 14:30:00+00:00,242.07,242.83,238.47,240.16,242.3397191225016,242.3397191225016,0.0,0.0,0,0,0,0
2025-11-17 17:30:00+00:00,240.15,240.51,235.5894,237.19,242.25952011826573,242.25952011826573,0.0,0.0,0,0,0,0
2025-11-17 20:30:00+00:00,237.19,237.3845,236.46,237.04,242.14589637911212,242.14589637911212,0.0,0.0,0,0,0,0
2025-11-18 14:30:00+00:00,236.24,237.79,230.53,230.705,241.9505702573044,241.9505702573044,0.0,0.0,0,0,0,0
2025-11-18 17:30:00+00:00,230.65,233.4739,230.27,232.31,241.6408472926277,241.6408472926277,0.0,0.0,0,0,0,0
2025-11-18 20:30:00+00:00,232.3,233.56,232.27,233.31,241.22447190995507,241.22447190995507,0.0,0.0,0,0,0,0
2025-11-19 14:30:00+00:00,232.0,232.28,226.8008,227.8605,240.66687500292332,240.66687500292332,0.0,0.0,0,0,0,0
2025-11-19 17:30:00+00:00,227.83,228.88,225.06,227.97,239.9375789463024,239.9375789463024,0.0,0.0,0,0,0,0
2025-11-19 20:30:00+00:00,227.96,228.535,227.1,227.87,239.01496098871564,239.0149609887156,-5.684341886080802e-14,-2.3782368528592526e-14,0,0,0,0
2025-11-20 14:30:00+00:00,229.245,231.0699,223.9783,224.52,237.8905408167819,237.8905408167818,-1.1368683772161603e-13,-4.7789557891322446e-14,0,0,0,0
2025-11-20 17:30:00+00:00,224.56,226.64,223.3,225.4,236.61048893104177,236.61048893104157,-1.9895196601282805e-13,-8.408417011082337e-14,0,0,0,0
2025-11-20 20:30:00+00:00,225.425,226.53,225.21,225.45,235.21628007413196,235.2162800741317,-2.5579538487363607e-13,-1.0874901379828739e-13,0,0,0,0
2025-11-21 14:30:00+00:00,224.86,227.39,221.9575,226.3,233.76453359544536,233.76453359544504,-3.126388037344441e-13,-1.3374090539991797e-13,0,0,0,0
2025-11-21 17:30:00+00:00,226.36,228.68,225.63,226.64,232.37618930487827,232.3761893048779,-3.694822225952521e-13,-1.5900175646244474e-13,0,0,0,0
2025-11-21 20:30:00+00:00,226.62,227.4,226.195,227.11,231.11806330652556,231.11806330652516,-3.979039320256561e-13,-1.7216479159308592e-13,0,0,0,0
2025-11-24 14:30:00+00:00,227.34,228.84,225.91,227.08,230.02123139306192,230.02123139306153,-3.979039320256561e-13,-1.7298574119260975e-13,0,0,0,0
2025-11-24 17:30:00+00:00,227.04,227.47,225.04,225.81,229.08693235698175,229.08693235698135,-3.979039320256561e-13,-1.7369123936131377e-13,0,0,0,0
2025-11-24 20:30:00+00:00,225.84,226.92,225.71,226.76,228.3011995874355,228.3011995874351,-3.979039320256561e-13,-1.7428902377416796e-13,0,0,0,0
2025-11-25 14:30:00+00:00,226.8,232.84,226.52,232.575,227.65530280623153,227.6553028062311,-4.263256414560601e-13,-1.8726804787803538e-13,0,0,0,0
2025-11-25 17:30:00+00:00,232.6,233.845,232.22,233.09,227.17664870721143,227.17664870721097,-4.547473508864641e-13,-2.0017345685583606e-13,0,0,0,0
2025-11-25 20:30:00+00:00,233.12,234.63,232.82,234.01,226.88213554659703,226.8821355465966,-4.263256414560601e-13,-1.8790621854337289e-13,0,0,0,0
2025-11-26 14:30:00+00:00,230.51,232.819,226.0,227.895,226.76602594599925,226.76602594599882,-4.263256414560601e-13,-1.880024309980115e-13,0,0,0,0
2025-11-26 17:30:00+00:00,227.94,228.64,227.21,227.9799,226.76629187493276,226.7662918749324,-3.694822225952521e-13,-1.6293524912381188e-13,0,0,0,0
2025-11-26 20:30:00+00:00,227.95,228.57,227.86,228.11,226.80631831566157,226.80631831566126,-3.126388037344441e-13,-1.3784395693039014e-13,0,0,0,0
2025-11-28 14:30:00+00:00,229.0,232.56,228.625,231.375,226.8649610394124,226.86496103941215,-2.5579538487363607e-13,-1.1275226623876821e-13,0,0,0,0
2025-11-28 17:30:00+00:00,231.365,231.51,230.24,230.59,226.9564437710259,226.9564437710257,-1.9895196601282805e-13,-8.766085805148971e-14,1,0,1,0
2025-12-01 14:30:00+00:00,228.67,234.25,228.6,233.67,227.09604038498537,227.09604038498526,-1.1368683772161603e-13,-5.006112723448987e-14,0,0,0,0
2025-12-01 17:30:00+00:00,233.6864,234.25,232.2,232.71,227.30373490415343,227.30373490415343,0.0,0.0,0,0,0,0
2025-12-01 20:30:00+00:00,232.72,232.94,232.35,232.87,227.5710141286643,227.57101412866433,2.842170943040401e-14,1.2489160598605461e-14,0,0,0,0
2025-12-02 14:30:00+00:00,233.02,236.65,231.62,235.735,227.91380476675457,227.91380476675454,-2.842170943040401e-14,-1.2470376447574377e-14,0,0,0,0
2025-12-02 17:30:00+00:00,235.745,236.465,234.04,235.86,228.34708654797512,228.3470865479751,-2.842170943040401e-14,-1.2446714280469998e-14,0,0,0,0
2025-12-02 20:30:00+00:00,235.84,235.98,234.45,234.81,228.85005809575924,228.85005809575924,0.0,0.0,0,0,0,0
2025-12-03 14:30:00+00:00,235.36,237.66,233.16,236.81,229.41839575029863,229.41839575029869,5.684341886080802e-14,2.4777184355642072e-14,0,0,0,0
2025-12-03 17:30:00+00:00,236.78,238.5,235.5,237.72,230.03595768307125,230.0359576830713,5.684341886080802e-14,2.4710666729382904e-14,0,0,0,0
2025-12-03 20:30:00+00:00,237.7,239.26,237.67,238.67,230.7079638942884,230.70796389428853,1.1368683772161603e-13,4.927737898710247e-14,0,0,0,0
2025-12-04 14:30:00+00:00,243.685,247.2579,237.6,246.59,231.48693580015475,231.48693580015492,1.7053025658242404e-13,7.366733504548382e-14,0,0,0,0
2025-12-04 17:30:00+00:00,246.55,248.97,245.32,246.97,232.48548468431,232.4854846843102,1.9895196601282805e-13,8.557608071014979e-14,0,0,0,0
2025-12-04 20:30:00+00:00,246.94,248.93,246.94,247.59,233.7703349201383,233.7703349201385,1.9895196601282805e-13,8.510573682533112e-14,0,0,0,0
2025-12-05 14:30:00+00:00,250.83,261.88,249.5,260.6,235.3946821467845,235.3946821467847,1.9895196601282805e-13,8.451846243865783e-14,0,0,0,0
2025-12-05 17:30:00+00:00,260.67,261.72,259.65,261.0,237.4663335014632,237.4663335014634,1.9895196601282805e-13,8.378112513014489e-14,0,0,0,0
2025-12-05 20:30:00+00:00,261.0,261.22,259.925,260.59,239.93161146222167,239.93161146222187,1.9895196601282805e-13,8.29202808251692e-14,0,0,0,0
2025-12-08 14:30:00+00:00,261.88,264.28,256.342,257.525,243.03954798083112,243.03954798083134,2.2737367544323206e-13,9.355418792219171e-14,0,0,0,0
2025-12-08 17:30:00+00:00,257.525,259.39,256.57,259.0454,246.3131580881418,246.313158088142,1.9895196601282805e-13,8.077196019777158e-14,0,0,0,0
2025-12-08 20:30:00+00:00,258.9988,259.57,258.535,259.5,249.3911544669332,249.39115446693336,1.7053025658242404e-13,6.837863072847465e-14,0,0,0,0
2025-12-09 14:30:00+00:00,260.0,262.25,259.0,260.305,252.11198577625584,252.11198577625592,8.526512829121202e-14,3.38203390166793e-14,0,0,0,0
2025-12-09 17:30:00+00:00,260.29,261.8,259.5,261.105,254.45452012627248,254.4545201262725,2.842170943040401e-14,1.116966183831193e-14,0,0,0,0
2025-12-09 20:30:00+00:00,261.03,261.44,260.89,261.03,256.43388326391494,256.43388326391494,0.0,0.0,0,0,0,0
2025-12-10 14:30:00+00:00,260.75,263.59,259.1456,262.11,258.06789091890397,258.0678909189039,-5.684341886080802e-14,-2.2026536760697076e-14,0,0,0,0
2025-12-10 17:30:00+00:00,262.0936,265.83,260.2301,265.404,259.4103052784328,259.4103052784327,-1.1368683772161603e-13,-4.3825104634757116e-14,0,0,0,0
2025-12-10 20:30:00+00:00,265.355,265.93,263.73,264.17,260.5497461676068,260.54974616760666,-1.7053025658242404e-13,-6.54501718350265e-14,0,0,0,0
2025-12-11 14:30:00+00:00,263.5,267.9,260.77,262.92,261.54067421160823,261.540674211608,-2.2737367544323206e-13,-8.693625805188059e-14,0,0,0,0
2025-12-11 17:30:00+00:00,262.92,263.8,261.375,261.5,262.36141272130124,262.361412721301,-2.2737367544323206e-13,-8.666429757517902e-14,0,0,0,0
2025-12-11 20:30:00+00:00,261.5,264.18,261.22,262.35,262.9723366137873,262.9723366137871,-2.2737367544323206e-13,-8.646296350827311e-14,0,0,0,0
2025-12-12 14:30:00+00:00,263.52,264.49,260.91,262.32,263.37984966443025,263.37984966443014,-1.1368683772161603e-13,-4.3164592077360266e-14,0,0,0,0
2025-12-12 17:30:00+00:00,262.417,263.4499,261.84,263.14,263.62012370888885,263.62012370888885,0.0,0.0,0,0,0,0
2025-12-12 20:30:00+00:00,263.14,263.24,261.9,262.26,263.7514527586473,263.75145275864736,5.684341886080802e-14,2.155188844128342e-14,0,0,0,0
2025-12-15 14:30:00+00:00,261.21,262.28,253.0875,254.79,263.80735596406373,263.80735596406385,1.1368683772161603e-13,4.309464279574624e-14,0,0,0,0
2025-12-15 17:30:00+00:00,254.77,256.2199,253.73,253.96,263.75788570268355,263.7578857026838,2.2737367544323206e-13,8.620545119911032e-14,0,0,0,0
2025-12-15 20:30:00+00:00,253.975,254.71,253.5849,254.58,263.58454051701045,263.58454051701074,2.8421709430404007e-13,1.0782767978219046e-13,0,1,0,1
2025-12-16 14:30:00+00:00,254.0,254.91,252.501,253.74,263.2222303956302,263.22223039563056,3.410605131648481e-13,1.2957131798945128e-13,0,0,0,0
2025-12-16 17:30:00+00:00,253.79,255.345,252.11,255.1896,262.7163111712659,262.7163111712662,3.410605131648481e-13,1.298208366447827e-13,0,0,0,0
2025-12-16 20:30:00+00:00,255.16,255.86,255.0,255.0,262.1387706188857,262.1387706188861,3.979039320256561e-13,1.517913321582463e-13,0,0,0,0
2025-12-17 14:30:00+00:00,256.33,261.97,256.25,261.17,261.55469184775336,261.5546918477538,4.547473508864641e-13,1.7386319766390006e-13,0,0,0,0
2025-12-17 17:30:00+00:00,261.18,261.59,258.51,259.34,261.0109149568737,261.0109149568742,5.115907697472721e-13,1.9600359235237392e-13,0,0,0,0
2025-12-17 20:30:00+00:00,259.35,259.35,257.85,258.17,260.5325662227016,260.53256622270214,5.684341886080801e-13,2.1818162575583208e-13,0,0,0,0
2025-12-18 14:30:00+00:00,258.42,260.07,256.16,256.65,260.1142618229455,260.1142618229461,6.252776074688882e-13,2.4038574551306304e-13,0,0,0,0
2025-12-18 17:30:00+00:00,256.65,257.99,256.47,257.76,259.73711184235395,259.73711184235464,6.821210263296962e-13,2.6261977793289156e-13,0,0,0,0
2025-12-18 20:30:00+00:00,257.7445,258.23,257.42,257.79,259.39022503761817,259.39022503761896,7.958078640513122e-13,3.067994809503326e-13,0,0,0,0
2025-12-19 14:30:00+00:00,259.95,262.04,255.5,258.9499,259.07657773976507,259.076577739766,9.094947017729282e-13,3.510524609007648e-13,0,0,0,0
2025-12-19 17:30:00+00:00,258.87,259.71,258.09,258.79,258.80798917548026,258.8079891754812,9.663381206337363e-13,3.733803286800886e-13,0,0,0,0
2025-12-19 20:30:00+00:00,258.8,259.92,257.41,259.67,258.5901113695737,258.59011136957474,1.0231815394945443e-12,3.956769785493561e-13,0,0,0,0
2025-12-22 14:30:00+00:00,260.62,264.59,258.405,263.12,258.4204970490059,258.420497049007,1.0800249583553523e-12,4.1793316346363207e-13,0,0,0,0
2025-12-22 17:30:00+00:00,263.12,263.98,262.785,263.87,258.31790926288977,258.3179092628909,1.1368683772161603e-12,4.401043584086812e-13,0,0,0,0
2025-12-22 20:30:00+00:00,263.8201,264.63,263.74,264.41,258.30251532558987,258.3025153255911,1.2505552149377763e-12,4.841436458183358e-13,0,0,0,0
2025-12-23 14:30:00+00:00,262.715,264.24,260.52,262.56,258.36667605765297,258.3666760576542,1.2505552149377763e-12,4.84023417423508e-13,0,0,0,0
2025-12-23 17:30:00+00:00,262.61,264.08,261.77,263.805,258.49612894586915,258.4961289458704,1.2505552149377763e-12,4.837810221907235e-13,1,0,1,0
2025-12-23 20:30:00+00:00,263.77,264.065,263.37,263.42,258.7079785641489,258.70797856415015,1.2505552149377763e-12,4.833848657774156e-13,0,0,0,0
2025-12-24 14:30:00+00:00,263.23,266.3,262.55,265.74,259.0238102010624,259.0238102010636,1.1937117960769683e-12,4.608502188082138e-13,0,0,0,0
2025-12-24 17:30:00+00:00,265.75,265.91,265.12,265.12,259.45074096880876,259.4507409688099,1.1368683772161603e-12,4.381827444280974e-13,0,0,0,0
2025-12-26 14:30:00+00:00,264.8,267.91,264.8,266.745,259.99865386503416,259.99865386503524,1.0800249583553523e-12,4.1539636544272093e-13,0,0,0,0
2025-12-26 17:30:00+00:00,266.71,266.74,265.52,265.96,260.6315915293978,260.6315915293988,1.0231815394945443e-12,3.925777122759638e-13,0,0,0,0
2025-12-26 20:30:00+00:00,265.97,266.125,265.575,266.08,261.29779336796685,261.2977933679678,9.663381206337363e-13,3.698225339671782e-13,0,0,0,0
2025-12-29 14:30:00+00:00,264.71,269.11,264.71,266.06,261.9537352320591,261.95373523206,9.094947017729282e-13,3.4719669141851585e-13,0,0,0,0
2025-12-29 17:30:00+00:00,266.07,267.1,265.5,266.63,262.58399483611,262.58399483611083,8.526512829121202e-13,3.247156337324736e-13,0,0,0,0
2025-12-29 20:30:00+00:00,266.63,266.86,266.16,266.25,263.1908588614551,263.1908588614559,7.958078640513122e-13,3.0236911247370833e-13,0,0,0,0
2025-12-30 14:30:00+00:00,266.66,268.28,265.33,266.51,263.7745580393969,263.77455803939756,6.821210263296962e-13,2.5860000729403773e-13,0,0,0,0
2025-12-30 17:30:00+00:00,266.56,266.97,265.52,266.03,264.31200813318657,264.3120081331872,6.252776074688882e-13,2.3656799094569e-13,0,0,0,0
2025-12-30 20:30:00+00:00,266.03,266.22,265.8301,266.02,264.7882421394819,264.78824213948246,5.684341886080801e-13,2.1467501125244354e-13,0,0,0,0
2025-12-31 14:30:00+00:00,265.29,265.85,264.391,264.92,265.19153140807805,265.1915314080786,5.684341886080801e-13,2.1434854483847402e-13,0,0,0,0
2025-12-31 17:30:00+00:00,264.87,266.1,264.695,265.14,265.5135426992289,265.51354269922945,5.684341886080801e-13,2.140885857758287e-13,0,0,0,0
2025-12-31 20:30:00+00:00,265.108,265.42,264.73,264.91,265.7570569851213,265.75705698512184,5.115907697472721e-13,1.9250317397062162e-13,0,0,0,0
2026-01-02 14:30:00+00:00,265.0,265.38,252.48,257.28,265.92136611949604,265.9213661194965,4.547473508864641e-13,1.7100820348603204e-13,0,0,0,0
2026-01-02 17:30:00+00:00,257.33,257.53,252.54,254.47,265.89910209884243,265.89910209884283,3.979039320256561e-13,1.4964470691508527e-13,0,0,0,0
2026-01-02 20:30:00+00:00,254.47,254.62,253.36,253.62,265.59127354843883,265.5912735484392,3.410605131648481e-13,1.2841555696017442e-13,0,1,0,1
2026-01-05 14:30:00+00:00,253.62,259.59,252.3062,257.91,265.11611229082297,265.11611229082325,2.8421709430404007e-13,1.0720476090576646e-13,0,0,0,0
2026-01-05 17:30:00+00:00,257.915,258.13,256.495,256.765,264.5186579680651,264.5186579680654,2.8421709430404007e-13,1.0744689863743113e-13,0,0,0,0
2026-01-05 20:30:00+00:00,256.73,256.78,255.79,256.27,263.8469799477816,263.8469799477819,2.8421709430404007e-13,1.0772042733264938e-13,0,0,0,0
2026-01-06 14:30:00+00:00,255.43,260.67,255.0,260.145,263.16183887914696,263.16183887914724,2.8421709430404007e-13,1.0800087714638687e-13,0,0,0,0
2026-01-06 17:30:00+00:00,260.2,263.55,260.0,262.805,262.51548402327217,262.51548402327245,2.8421709430404007e-13,1.0826679247569414e-13,0,0,0,0
2026-01-06 20:30:00+00:00,262.8599,263.035,262.07,262.66,261.9499418278142,261.9499418278144,2.2737367544323206e-13,8.680042982895185e-14,0,0,0,0
2026-01-07 14:30:00+00:00,263.5,267.61,263.5,267.265,261.48787879584347,261.4878787958437,2.2737367544323206e-13,8.695381081918292e-14,0,0,0,0
2026-01-07 17:30:00+00:00,267.265,267.825,266.36,266.535,261.15318684398056,261.15318684398073,1.7053025658242404e-13,6.529893762479839e-14,0,0,0,0
2026-01-07 20:30:00+00:00,266.535,266.56,265.7,266.06,260.951238968789,260.9512389687892,1.7053025658242404e-13,6.534947189992849e-14,0,0,0,0
2026-01-08 14:30:00+00:00,264.4,265.202386,260.8,262.335,260.8703500836662,260.8703500836664,1.7053025658242404e-13,6.536973501501097e-14,0,0,0,0
2026-01-08 17:30:00+00:00,262.315,263.63,261.81,262.13,260.86271628244975,260.8627162824499,1.7053025658242404e-13,6.537164797355786e-14,0,0,0,0
2026-01-08 20:30:00+00:00,262.15,262.465,260.41,260.5,260.89033399138884,260.89033399138896,1.1368683772161603e-13,4.3576485177625813e-14,0,0,0,0
2026-01-09 14:30:00+00:00,260.0,261.02,256.509,260.99,260.9218234815227,260.9218234815228,5.684341886080802e-14,2.17856130630765e-14,0,0,0,0
2026-01-09 17:30:00+00:00,261.0,261.025,259.2085,259.53,260.93531659595715,260.93531659595715,0.0,0.0,0,0,0,0
2026-01-09 20:30:00+00:00,259.46,260.44,259.35,259.94,260.92604456810545,260.92604456810534,-1.1368683772161603e-13,-4.35705212600738e-14,0,0,0,0
2026-01-12 14:30:00+00:00,259.0,261.559,255.77,261.09,260.8961669380159,260.8961669380157,-1.7053025658242404e-13,-6.536326638441526e-14,0,0,0,0
2026-01-12 17:30:00+00:00,261.06,261.06,259.0,259.08,260.84975253767146,260.8497525376713,-1.7053025658242404e-13,-6.537489682218363e-14,0,0,0,0
2026-01-12 20:30:00+00:00,259.075,259.69,258.78,259.38,260.7918853997554,260.7918853997553,-1.1368683772161603e-13,-4.3592935243115756e-14,0,0,0,0
2026-01-13 14:30:00+00:00,257.66,260.91,244.44,244.69,260.6939006840401,260.69390068404005,-5.684341886080802e-14,-2.1804660067479676e-14,0,0,0,0
2026-01-13 17:30:00+00:00,244.635,245.5,240.75,241.72,260.4414637093905,260.44146370939046,-5.684341886080802e-14,-2.1825794576333608e-14,0,0,0,0
2026-01-13 20:30:00+00:00,241.72,241.7899,240.355,241.04,259.86288840381303,259.8628884038129,-1.1368683772161603e-13,-4.3748777834314215e-14,0,0,0,0
2026-01-14 14:30:00+00:00,239.18,242.24,237.84,239.095,258.901915471749,258.9019154717489,-1.1368683772161603e-13,-4.3911161303872766e-14,0,0,0,0
2026-01-14 17:30:00+00:00,239.12,239.2099,236.46,238.56,257.5851117511785,257.5851117511784,-1.1368683772161603e-13,-4.41356400409644e-14,0,0,0,0
2026-01-14 20:30:00+00:00,238.56,239.9805,238.435,239.62,255.9818842146146,255.98188421461452,-8.526512829121202e-14,-3.3309047846419453e-14,0,0,0,0
2026-01-15 14:30:00+00:00,236.76,238.84,231.85,231.89,253.95425505596577,253.95425505596575,-2.842170943040401e-14,-1.1191664980821252e-14,0,0,0,0
2026-01-15 17:30:00+00:00,231.87,234.5,231.67,232.81,251.5840812779202,251.5840812779202,0.0,0.0,0,0,0,0
2026-01-15 20:30:00+00:00,232.855,233.6,232.66,233.55,248.67127510323172,248.67127510323172,0.0,0.0,0,0,0,0
2026-01-16 14:30:00+00:00,232.95,232.95,226.44,228.4575,245.44435855868863,245.44435855868863,0.0,0.0,0,0,0,0
2026-01-16 17:30:00+00:00,228.46,230.3699,228.16,228.17,242.14933325897564,242.14933325897564,0.0,0.0,0,0,0,0
2026-01-16 20:30:00+00:00,228.185,228.27,226.95,227.09,238.9530228630539,238.9530228630539,0.0,0.0,0,0,0,0
2026-01-20 14:30:00+00:00,223.54,227.9399,223.0,225.3,235.9710414278042,235.9710414278042,0.0,0.0,0,0,0,0
2026-01-20 17:30:00+00:00,225.2,225.58,221.57,221.89,233.23001861867868,233.23001861867868,0.0,0.0,0,0,0,0
2026-01-20 20:30:00+00:00,221.89,222.0191,219.355,220.07,230.68798237489383,230.68798237489383,0.0,0.0,0,0,0,0
2026-01-21 14:30:00+00:00,220.15,222.61,218.9633,220.74,228.280270832952,228.280270832952,0.0,0.0,0,0,0,0
2026-01-21 17:30:00+00:00,220.67,223.39,219.47,221.805,226.14784145939876,226.14784145939876,0.0,0.0,0,0,0,0
2026-01-21 20:30:00+00:00,221.78,221.89,221.225,221.6,224.37612460553143,224.37612460553143,0.0,0.0,0,0,0,0
2026-01-22 14:30:00+00:00,222.24,226.64,221.11,226.43,223.01316245401804,223.01316245401804,0.0,0.0,0,0,0,0
2026-01-22 17:30:00+00:00,226.47,227.96,226.2,227.3,222.0676966966586,222.0676966966586,0.0,0.0,0,0,0,0
2026-01-22 20:30:00+00:00,227.28,228.72,227.0918,228.1,221.49877611150683,221.49877611150683,0.0,0.0,0,0,0,0
2026-01-23 14:30:00+00:00,226.78,230.85,226.65,230.195,221.22242291906747,221.22242291906747,0.0,0.0,0,0,0,0
2026-01-23 17:30:00+00:00,230.18,230.5,227.43,227.8,221.19605354210688,221.19605354210688,0.0,0.0,0,0,0,0
2026-01-23 20:30:00+00:00,227.815,228.15,227.655,228.04,221.3692906783579,221.3692906783579,0.0,0.0,1,0,1,0
2026-01-26 14:30:00+00:00,229.43,230.87,227.585,230.455,221.66180780055367,221.66180780055367,0.0,0.0,0,0,0,0
2026-01-26 17:30:00+00:00,230.51,230.949,229.44,230.37,222.0599766353532,222.05997663535322,2.842170943040401e-14,1.2799113942570374e-14,0,0,0,0
2026-01-26 20:30:00+00:00,230.31,230.38,229.3,229.37,222.5267004485661,222.52670044856606,-2.842170943040401e-14,-1.2772269293128392e-14,0,0,0,0
2026-01-27 14:30:00+00:00,231.94,235.74,226.81,228.18,223.03789551787895,223.03789551787898,2.842170943040401e-14,1.2742995697843506e-14,0,0,0,0
2026-01-27 17:30:00+00:00,228.13,228.48,226.27,227.15,223.58058978496183,223.58058978496183,0.0,0.0,0,0,0,0
2026-01-27 20:30:00+00:00,227.15,228.8,226.82,228.53,224.11081423244084,224.11081423244084,0.0,0.0,0,0,0,0
2026-01-28 14:30:00+00:00,229.39,231.86,228.43,230.22,224.6171599670601,224.6171599670601,0.0,0.0,0,0,0,0
2026-01-28 17:30:00+00:00,230.23,231.14,228.44,229.5,225.1082610775005,225.10826107750046,-2.842170943040401e-14,-1.2625795825688937e-14,0,0,0,0
2026-01-28 20:30:00+00:00,229.505,229.66,227.67,228.05,225.58691493874136,225.58691493874136,0.0,0.0,0,0,0,0
2026-01-29 14:30:00+00:00,216.67,217.28,208.78,213.28,225.9933922924856,225.99339229248562,2.842170943040401e-14,1.2576345326778409e-14,0,0,0,0
2026-01-29 17:30:00+00:00,213.3,214.02,210.86,212.0401,226.19565459122867,226.19565459122867,0.0,0.0,0,0,0,0
2026-01-29 20:30:00+00:00,212.05,214.22,211.765,214.02,226.12578858632384,226.12578858632384,0.0,0.0,0,0,0,0
2026-01-30 14:30:00+00:00,214.16,215.55,211.18,212.11,225.79260405697823,225.79260405697826,2.842170943040401e-14,1.2587528962300224e-14,0,1,0,1
2026-01-30 17:30:00+00:00,212.11,214.1855,211.03,212.205,225.25451266094643,225.25451266094643,0.0,0.0,0,0,0,0
2026-01-30 20:30:00+00:00,212.15,212.73,211.87,212.32,224.5191450817373,224.51914508173726,-2.842170943040401e-14,-1.2658924663220567e-14,0,0,0,0
2026-02-02 14:30:00+00:00,214.35,216.89,211.88,213.13,223.6383584987402,223.6383584987402,0.0,0.0,0,0,0,0
2026-02-02 17:30:00+00:00,213.135,213.22,209.8,210.53,222.6361489027414,222.6361489027414,0.0,0.0,0,0,0,0
2026-02-02 20:30:00+00:00,210.565,211.01,210.4,210.79,221.52539281971028,221.52539281971028,0.0,0.0,0,0,0,0
2026-02-03 14:30:00+00:00,205.0,205.555,195.691,195.7545,220.1907004284892,220.1907004284892,0.0,0.0,0,0,0,0
2026-02-03 17:30:00+00:00,195.71,196.125,193.11,195.89,218.45768888176173,218.45768888176173,0.0,0.0,0,0,0,0
2026-02-03 20:30:00+00:00,195.88,196.93,195.835,196.37,216.21014219036283,216.21014219036283,0.0,0.0,0,0,0,0
2026-02-04 14:30:00+00:00,193.31,199.74,187.28,193.59,213.5270710293385,213.5270710293385,0.0,0.0,0,0,0,0
2026-02-04 17:30:00+00:00,193.58,199.74,193.44,199.615,210.8245683196039,210.82456831960394,2.842170943040401e-14,1.348121315126685e-14,0,0,0,0
2026-02-04 20:30:00+00:00,199.615,200.674,199.29,199.37,208.27685541641017,208.27685541641017,0.0,0.0,0,0,0,0
2026-02-05 14:30:00+00:00,193.99,199.56,190.54,194.01,205.98425631146236,205.98425631146236,0.0,0.0,0,0,0,0
2026-02-05 17:30:00+00:00,194.005,194.18,188.81,189.17,203.89960348098504,203.89960348098504,0.0,0.0,0,0,0,0
2026-02-05 20:30:00+00:00,189.17,190.4,188.79,189.93,201.89154760949023,201.89154760949023,0.0,0.0,0,0,0,0
2026-02-06 14:30:00+00:00,191.63,194.6,187.1201,188.71,199.9225107923988,199.9225107923988,0.0,0.0,0,0,0,0
2026-02-06 17:30:00+00:00,188.75,191.14,187.83,189.64,198.0357485359255,198.0357485359255,0.0,0.0,0,0,0,0
2026-02-06 20:30:00+00:00,189.59,191.54,189.28,191.31,196.33175489146595,196.331754891466,5.684341886080802e-14,2.8952738130534e-14,0,0,0,0
2026-02-09 14:30:00+00:00,189.3,194.98,185.73,193.95,194.83976999699675,194.83976999699686,1.1368683772161603e-13,5.834888725405927e-14,0,0,0,0
2026-02-09 17:30:00+00:00,194.0,195.1999,192.0,192.835,193.58404841648013,193.58404841648033,1.9895196601282805e-13,1.0277291318177171e-13,0,0,0,0
2026-02-09 20:30:00+00:00,192.83,194.18,192.0007,193.96,192.58050776001136,192.58050776001159,2.2737367544323206e-13,1.180668168798158e-13,0,0,0,0
2026-02-10 14:30:00+00:00,191.9,199.1,190.75,195.61,191.8165384161057,191.81653841610594,2.5579538487363607e-13,1.3335418675877766e-13,0,0,0,0
2026-02-10 17:30:00+00:00,195.67,196.0299,193.3336,193.885,191.2808396029272,191.28083960292747,2.8421709430404007e-13,1.4858628542933825e-13,0,0,0,0
2026-02-10 20:30:00+00:00,193.9,194.06,193.21,193.4,190.95698600817448,190.95698600817474,2.5579538487363607e-13,1.3395445237216196e-13,0,0,0,0
2026-02-11 14:30:00+00:00,193.15,193.665,181.81,183.65,190.77075223426547,190.77075223426567,1.9895196601282805e-13,1.0428850527806071e-13,0,0,0,0
2026-02-11 17:30:00+00:00,183.59,185.92,183.35,184.43,190.58029471879885,190.58029471879897,1.1368683772161603e-13,5.965298662663992e-14,0,0,0,0
2026-02-11 20:30:00+00:00,184.4,185.36,184.13,184.93,190.3162286993197,190.3162286993198,8.526512829121202e-14,4.480181688862817e-14,0,0,0,0
2026-02-12 14:30:00+00:00,185.96,188.32,180.24,181.07,189.9726882801674,189.97268828016746,5.684341886080802e-14,2.992189002293669e-14,0,0,0,0
2026-02-12 17:30:00+00:00,181.07,184.46,180.81,184.29,189.54554590373544,189.5455459037354,-5.684341886080802e-14,-2.998931923711734e-14,0,0,0,0
2026-02-12 20:30:00+00:00,184.29,185.54,184.29,185.45,189.07845364043555,189.07845364043544,-1.1368683772161603e-13,-6.012680743508229e-14,0,0,0,0
2026-02-13 14:30:00+00:00,186.19,193.45,184.3,191.315,188.619389546272,188.6193895462718,-1.9895196601282805e-13,-1.0547800334388277e-13,0,0,0,0
2026-02-13 17:30:00+00:00,191.315,191.85,188.75,189.03,188.22853255733452,188.22853255733426,-2.5579538487363607e-13,-1.358961797121383e-13,0,0,0,0
2026-02-13 20:30:00+00:00,189.005,189.77,188.28,189.71,187.93032344625323,187.93032344625294,-2.8421709430404007e-13,-1.5123535632360268e-13,0,0,0,0
2026-02-17 14:30:00+00:00,190.97,193.0,183.17,185.21,187.7086860023228,187.7086860023225,-2.8421709430404007e-13,-1.5141392780327867e-13,0,0,0,0
2026-02-17 17:30:00+00:00,185.18,185.2899,183.31,183.68,187.5284481796695,187.52844817966923,-2.8421709430404007e-13,-1.5155945514556487e-13,0,0,0,0
2026-02-17 20:30:00+00:00,183.65,184.42,183.251,184.3,187.34431921342772,187.3443192134274,-3.126388037344441e-13,-1.6687925475780105e-13,0,0,0,0
2026-02-18 14:30:00+00:00,184.27,187.91,181.8645,186.26,187.14143240696424,187.14143240696393,-3.126388037344441e-13,-1.6706017460343518e-13,0,0,0,0
2026-02-18 17:30:00+00:00,186.3,187.8,186.2294,187.19,186.9359360495039,186.93593604950362,-2.8421709430404007e-13,-1.5203983798426773e-13,0,0,0,0
2026-02-18 20:30:00+00:00,187.17,188.14,187.12,187.76,186.75413468595065,186.7541346859503,-3.410605131648481e-13,-1.8262541482060465e-13,0,0,0,0
2026-02-19 14:30:00+00:00,186.6,186.95,183.23,185.61,186.61069426509408,186.61069426509383,-2.5579538487363607e-13,-1.3707434393350475e-13,0,0,0,0
2026-02-19 17:30:00+00:00,185.6111,185.86,184.86,185.06,186.4895213910803,186.4895213910801,-1.9895196601282805e-13,-1.0668265140517638e-13,0,0,0,0
2026-02-19 20:30:00+00:00,185.06,185.66,185.03,185.3,186.3714231018298,186.37142310182966,-1.4210854715202004e-13,-7.625018084149876e-14,0,0,0,0
2026-02-20 14:30:00+00:00,185.32,191.73,184.3375,186.835,186.26128357307616,186.26128357307613,-2.842170943040401e-14,-1.5259053779285957e-14,0,0,0,0
2026-02-20 17:30:00+00:00,186.835,187.29,183.73,183.925,186.17015750611313,186.17015750611313,0.0,0.0,0,0,0,0
2026-02-20 20:30:00+00:00,183.91,185.45,183.89,185.21,186.0899572186344,186.08995721863445,5.684341886080802e-14,3.054620448648043e-14,0,0,0,0
2026-02-23 14:30:00+00:00,181.27,182.47,174.57,175.12,185.98246167001668,185.9824616700168,1.1368683772161603e-13,6.11277196251587e-14,0,0,0,0
2026-02-23 17:30:00+00:00,175.15,177.96,174.74,177.94,185.7850320798353,185.78503207983547,1.7053025658242404e-13,9.178901802441438e-14,0,0,0,0
2026-02-23 20:30:00+00:00,177.92,178.425,177.17,178.2,185.4766918629089,185.47669186290906,1.7053025658242404e-13,9.194160995089766e-14,0,0,0,0
2026-02-24 14:30:00+00:00,177.64,188.67,176.28,185.4,185.11285084947608,185.11285084947633,2.5579538487363607e-13,1.381834830482057e-13,0,0,0,0
2026-02-24 17:30:00+00:00,185.4432,187.565,184.4401,185.18,184.7496028516084,184.74960285160867,2.8421709430404007e-13,1.5383908269200684e-13,0,0,0,0
2026-02-24 20:30:00+00:00,185.18,185.7,184.82,185.46,184.44067868093117,184.44067868093146,2.8421709430404007e-13,1.5409675150659946e-13,0,0,0,0
2026-02-25 14:30:00+00:00,183.0,191.26,182.261,189.5503,184.20669149874203,184.20669149874232,2.8421709430404007e-13,1.542924917610721e-13,0,0,0,0
2026-02-25 17:30:00+00:00,189.515,192.115,189.46,191.38,184.06373843637888,184.0637384363791,2.2737367544323206e-13,1.235298583929518e-13,0,0,0,0
2026-02-25 20:30:00+00:00,191.33,192.6,191.11,191.94,184.04052982493369,184.04052982493388,1.9895196601282805e-13,1.0810225671599549e-13,0,0,0,0
2026-02-26 14:30:00+00:00,196.76,199.835,191.33,196.735,184.20602977608783,184.20602977608803,1.9895196601282805e-13,1.0800513221780237e-13,1,0,1,0
2026-02-26 17:30:00+00:00,196.735,201.035,195.5,199.255,184.59307301105807,184.59307301105824,1.7053025658242404e-13,9.238172039760584e-14,0,0,0,0
2026-02-26 20:30:00+00:00,199.255,201.03,198.72,199.44,185.21257092418492,185.21257092418512,1.9895196601282805e-13,1.0741817632576746e-13,0,0,0,0
2026-02-27 14:30:00+00:00,191.91,194.16,189.9248,194.04,185.94114392764865,185.94114392764885,1.9895196601282805e-13,1.0699727978991139e-13,0,0,0,0
2026-02-27 17:30:00+00:00,194.09,195.92,192.94,194.03,186.7183700227203,186.71837002272053,2.2737367544323206e-13,1.217735970036396e-13,0,0,0,0
2026-02-27 20:30:00+00:00,194.03,194.83,193.32,194.795,187.49707195012107,187.49707195012135,2.8421709430404007e-13,1.515848174843226e-13,0,0,0,0
2026-03-02 14:30:00+00:00,192.5,195.94,190.675,191.46,188.24875853723063,188.24875853723094,3.126388037344441e-13,1.6607748500642166e-13,0,0,0,0
2026-03-02 17:30:00+00:00,191.45,193.82,191.3644,192.4932,188.95336516184716,188.9533651618475,3.410605131648481e-13,1.8049983543437516e-13,0,0,0,0
2026-03-02 20:30:00+00:00,192.47,193.28,192.4,192.96,189.59881141295145,189.59881141295176,3.126388037344441e-13,1.6489491753907052e-13,0,0,0,0
2026-03-03 14:30:00+00:00,190.75,196.17,189.58,195.25,190.1862016659852,190.1862016659855,2.8421709430404007e-13,1.4944149039960153e-13,0,0,0,0
2026-03-03 17:30:00+00:00,195.22,198.67,194.62,196.78,190.73433895853765,190.73433895853796,3.126388037344441e-13,1.639132237233938e-13,0,0,0,0
2026-03-03 20:30:00+00:00,196.78,197.16,195.93,196.07,191.29703822983296,191.29703822983325,2.8421709430404007e-13,1.4857370345826719e-13,0,0,0,0
2026-03-04 14:30:00+00:00,195.1,196.47,192.1,195.38,191.8677350342054,191.86773503420568,2.8421709430404007e-13,1.4813178164289634e-13,0,0,0,0
2026-03-04 17:30:00+00:00,195.39,196.08,194.03,194.39,192.4155184596908,192.41551845969107,2.8421709430404007e-13,1.4771006859489914e-13,0,0,0,0
2026-03-04 20:30:00+00:00,194.38,194.53,192.88,193.05,192.90604759500397,192.90604759500425,2.8421709430404007e-13,1.4733446558437547e-13,0,0,0,0
2026-03-05 14:30:00+00:00,194.36,204.42,194.24,203.15,193.3498441650178,193.3498441650181,3.126388037344441e-13,1.6169591710020569e-13,0,0,0,0
2026-03-05 17:30:00+00:00,203.18,203.58,200.9,202.04,193.81835711530275,193.81835711530312,3.694822225952521e-13,1.9063324449471352e-13,0,0,0,0
2026-03-05 20:30:00+00:00,201.99,202.57,201.13,201.37,194.35882614655608,194.35882614655642,3.410605131648481e-13,1.7547981737020356e-13,0,0,0,0
2026-03-06 14:30:00+00:00,200.79,202.96,197.37,201.04,194.9497073501044,194.94970735010466,2.5579538487363607e-13,1.3121096120152708e-13,0,0,0,0
2026-03-06 17:30:00+00:00,201.11,202.14,199.11,201.01,195.55614315007475,195.55614315007497,2.2737367544323206e-13,1.1627028012550837e-13,0,0,0,0
2026-03-06 20:30:00+00:00,200.97,202.28,200.67,202.1,196.15168406437667,196.1516840643769,2.2737367544323206e-13,1.1591726909089824e-13,0,0,0,0
2026-03-09 13:30:00+00:00,198.56,203.67,197.33,198.07,196.71984286513197,196.71984286513216,1.9895196601282805e-13,1.0113467107089261e-13,0,0,0,0
2026-03-09 16:30:00+00:00,198.085,199.5,195.87,199.375,197.24621527153968,197.24621527153985,1.7053025658242404e-13,8.645552785267032e-14,0,0,0,0
2026-03-09 19:30:00+00:00,199.45,200.12,198.45,198.68,197.71109091699668,197.7110909169968,1.1368683772161603e-13,5.750149735876182e-14,0,0,0,0
2026-03-10 13:30:00+00:00,197.26,197.99,190.6,197.945,198.10662657854272,198.10662657854283,1.1368683772161603e-13,5.738669103859733e-14,0,0,0,0
2026-03-10 16:30:00+00:00,197.99,199.57,193.96,195.365,198.4181760312015,198.41817603120163,1.1368683772161603e-13,5.72965844135865e-14,0,0,0,0
2026-03-10 19:30:00+00:00,195.365,195.515,194.5,194.9,198.63668904999963,198.63668904999975,1.1368683772161603e-13,5.72335545187221e-14,0,0,0,0
2026-03-11 13:30:00+00:00,196.4,199.55,191.54,192.35,198.76607095452096,198.76607095452115,1.9895196601282805e-13,1.0009352454240023e-13,0,0,0,0
2026-03-11 16:30:00+00:00,192.395,193.15,191.2876,192.67,198.80816679517793,198.8081667951781,1.7053025658242404e-13,8.577628340495328e-14,0,0,0,0
2026-03-11 19:30:00+00:00,192.72,194.12,192.65,194.09,198.7662106975725,198.7662106975726,1.1368683772161603e-13,5.719625952652146e-14,0,0,0,0
2026-03-12 13:30:00+00:00,194.13,204.855,193.15,199.79,198.65602482206097,198.6560248220611,1.4210854715202004e-13,7.153497976178103e-14,0,0,0,0
2026-03-12 16:30:00+00:00,199.65,200.78,197.94,198.545,198.53193806374952,198.5319380637497,1.7053025658242404e-13,8.589562880692073e-14,0,0,0,0
2026-03-12 19:30:00+00:00,198.5,199.31,197.5,199.21,198.43107136048425,198.43107136048445,1.9895196601282805e-13,1.002625065967605e-13,0,0,0,0
2026-03-13 13:30:00+00:00,199.73,200.9999,192.02,193.36,198.34847027420088,198.34847027420113,2.5579538487363607e-13,1.2896262044270846e-13,0,0,0,0
2026-03-13 16:30:00+00:00,193.36,193.81,192.24,192.7,198.25374777031428,198.25374777031462,3.410605131648481e-13,1.720323156563889e-13,0,0,0,0
2026-03-13 19:30:00+00:00,192.715,192.94,191.75,192.81,198.09285367157165,198.09285367157207,4.263256414560601e-13,2.1521505372570755e-13,0,0,0,0
2026-03-16 13:30:00+00:00,195.15,198.63,194.52,197.01,197.87592727068585,197.87592727068636,5.115907697472721e-13,2.585411862896479e-13,0,0,0,0
2026-03-16 16:30:00+00:00,197.01,198.6249,196.26,197.48,197.64637059778175,197.64637059778235,5.968558980384842e-13,3.019817142269259e-13,0,0,0,0
2026-03-16 19:30:00+00:00,197.465,198.24,196.56,198.22,197.4411681345635,197.4411681345641,5.968558980384842e-13,3.022955666630298e-13,0,0,0,0
2026-03-17 13:30:00+00:00,198.22,202.38,196.06,196.41,197.2756990767004,197.27569907670102,6.252776074688882e-13,3.169562244084516e-13,0,0,0,0
2026-03-17 16:30:00+00:00,196.395,196.94,194.88,195.22,197.1488545206031,197.1488545206037,5.968558980384842e-13,3.0274378184434724e-13,0,0,0,0
2026-03-17 19:30:00+00:00,195.21,195.41,194.45,195.29,197.03717059479752,197.03717059479808,5.684341886080801e-13,2.8849084002381064e-13,0,0,0,0
2026-03-18 13:30:00+00:00,193.4,196.15,192.64,194.35,196.91833011909077,196.91833011909128,5.115907697472721e-13,2.5979845016859336e-13,0,0,0,0
2026-03-18 16:30:00+00:00,194.35,195.67,193.38,194.97,196.7815879950083,196.78158799500872,4.263256414560601e-13,2.16649151884512e-13,0,0,0,0
2026-03-18 19:30:00+00:00,194.99,195.22,194.19,194.34,196.6331402118003,196.63314021180068,3.694822225952521e-13,1.8790434928581729e-13,0,0,0,0
2026-03-19 13:30:00+00:00,195.59,200.395,193.95,194.25,196.48228402990313,196.48228402990338,2.5579538487363607e-13,1.3018750577772493e-13,0,0,0,0
2026-03-19 16:30:00+00:00,194.2,196.32,193.3,195.27,196.3388347290432,196.33883472904336,1.4210854715202004e-13,7.237923528890069e-14,0,0,0,0
2026-03-19 19:30:00+00:00,195.25,195.58,194.615,194.97,196.2047739684869,196.20477396848702,1.1368683772161603e-13,5.794295185695922e-14,0,0,0,0
2026-03-20 13:30:00+00:00,193.21,195.6699,190.0,194.36,196.0731962403036,196.07319624030367,8.526512829121202e-14,4.348637647887001e-14,0,0,0,0
2026-03-20 16:30:00+00:00,194.29,195.29,193.6,194.65,195.9363531048446,195.93635310484464,2.842170943040401e-14,1.4505582542508426e-14,0,0,0,0
2026-03-20 19:30:00+00:00,194.67,195.42,193.51,195.35,195.7911046139319,195.79110461393188,-2.842170943040401e-14,-1.4516343572629092e-14,0,0,0,0
2026-03-23 13:30:00+00:00,197.09,198.05,192.0,193.59,195.6474146398133,195.64741463981323,-5.684341886080802e-14,-2.9054009717151995e-14,0,0,0,0
2026-03-23 16:30:00+00:00,193.66,195.99,192.96,195.16,195.51119144489095,195.51119144489095,0.0,0.0,0,0,0,0
2026-03-23 19:30:00+00:00,195.16,195.49,195.0,195.13,195.38630380219377,195.38630380219377,0.0,0.0,0,0,0,0
2026-03-24 13:30:00+00:00,192.14,192.14,183.12,185.01,195.24961383629372,195.24961383629375,2.842170943040401e-14,1.4556602121750712e-14,0,0,0,0
2026-03-24 16:30:00+00:00,185.0,185.3,182.8331,183.92,195.01663336412273,195.01663336412278,5.684341886080802e-14,2.914798490786864e-14,0,0,0,0
2026-03-24 19:30:00+00:00,183.9,184.06,182.4,183.02,194.5116992916553,194.51169929165533,2.842170943040401e-14,1.4611825167280987e-14,0,1,0,1
2026-03-25 13:30:00+00:00,185.7,187.385,179.85,181.2763,193.6945030879628,193.6945030879628,0.0,0.0,0,0,0,0
2026-03-25 16:30:00+00:00,181.33,182.39,180.1101,181.99,192.61841828100503,192.61841828100503,0.0,0.0,0,0,0,0
2026-03-25 19:30:00+00:00,181.99,182.1099,181.405,181.91,191.35420429677063,191.35420429677058,-5.684341886080802e-14,-2.970586356840623e-14,0,0,0,0
2026-03-26 13:30:00+00:00,181.18,187.47,179.53,183.985,190.09259981257745,190.09259981257742,-2.842170943040401e-14,-1.4951507559171954e-14,0,0,0,0
2026-03-26 16:30:00+00:00,184.01,185.8112,183.96,184.8,188.9157301722174,188.91573017221737,-2.842170943040401e-14,-1.5044649487099092e-14,0,0,0,0
2026-03-26 19:30:00+00:00,184.84,185.65,184.53,185.53,187.87045590441684,187.87045590441681,-2.842170943040401e-14,-1.5128354957984543e-14,0,0,0,0
2026-03-27 13:30:00+00:00,184.0,184.11,179.1335,180.02,186.96074440521016,186.96074440521014,-2.842170943040401e-14,-1.5201966338347526e-14,0,0,0,0
2026-03-27 16:30:00+00:00,179.9965,180.53,178.816,179.47,186.13034961317305,186.13034961317302,-2.842170943040401e-14,-1.5269787807024303e-14,0,0,0,0
2026-03-27 19:30:00+00:00,179.49,179.92,178.875,179.25,185.29630140956297,185.2963014095629,-8.526512829121202e-14,-4.6015558671486557e-14,0,0,0,0
2026-03-30 13:30:00+00:00,180.1,186.39,179.58,185.515,184.51225872547667,184.51225872547658,-8.526512829121202e-14,-4.621109127392573e-14,0,0,0,0
2026-03-30 16:30:00+00:00,185.55,185.77,183.0401,183.43,183.82588458099409,183.82588458099391,-1.7053025658242404e-13,-9.276727103537371e-14,0,0,0,0
2026-03-30 19:30:00+00:00,183.425,185.25,183.3,185.0,183.27095935133443,183.27095935133428,-1.4210854715202004e-13,-7.754013382971104e-14,0,0,0,0
2026-03-31 13:30:00+00:00,184.9,187.76,182.31,186.98,182.8561759022556,182.85617590225544,-1.4210854715202004e-13,-7.771602268877323e-14,0,0,0,0
2026-03-31 16:30:00+00:00,186.87,188.5,186.17,186.43,182.57395389764375,182.5739538976436,-1.4210854715202004e-13,-7.78361557704393e-14,0,0,0,0
2026-03-31 19:30:00+00:00,186.465,187.0,186.18,186.62,182.42658834695092,182.42658834695072,-1.9895196601282805e-13,-1.0905864535187605e-13,0,0,0,0
2026-04-01 13:30:00+00:00,186.85,188.98,183.01,186.79,182.39750132382517,182.39750132382497,-1.9895196601282805e-13,-1.0907603699000918e-13,0,0,0,0
2026-04-01 16:30:00+00:00,186.79,187.11,184.96,185.5,182.46364962378104,182.46364962378075,-2.8421709430404007e-13,-1.5576641971705757e-13,0,0,0,0
2026-04-01 19:30:00+00:00,185.48,186.43,185.211,186.22,182.5735272696077,182.57352726960735,-3.410605131648481e-13,-1.8680721036911418e-13,0,0,0,0
2026-04-02 13:30:00+00:00,185.3,187.58,181.575,185.64,182.71314039231777,182.71314039231737,-3.979039320256561e-13,-2.1777521374285681e-13,0,0,0,0
2026-04-02 16:30:00+00:00,185.56,186.81,185.4,186.025,182.8772952581323,182.8772952581319,-3.979039320256561e-13,-2.175797337028703e-13,0,0,0,0
2026-04-02 19:30:00+00:00,186.025,187.33,185.36,187.17,183.064247275846,183.06424727584553,-4.547473508864641e-13,-2.484086093562764e-13,0,0,0,0
2026-04-06 13:30:00+00:00,187.5,188.14,183.6001,185.38,183.2750306877895,183.27503068778898,-5.115907697472721e-13,-2.7913828077255717e-13,0,0,0,0
2026-04-06 16:30:00+00:00,185.44,186.06,184.705,185.44,183.4977033602736,183.4977033602731,-4.831690603168681e-13,-2.6331068534859497e-13,0,0,0,0
2026-04-06 19:30:00+00:00,185.43,186.01,184.89,185.01,183.71670048506653,183.71670048506604,-4.831690603168681e-13,-2.629968092400738e-13,0,0,0,0
